game_id,game_date,season,away_team_id,away_team,home_team_id,home_team,away_score,home_score,home_team_won
634615,2021-04-01,2021,119,Los Angeles Dodgers,115,Colorado Rockies,5,8,1
634618,2021-04-01,2021,109,Arizona Diamondbacks,135,San Diego Padres,7,8,1
634622,2021-04-01,2021,144,Atlanta Braves,143,Philadelphia Phillies,2,3,1
634625,2021-04-01,2021,137,San Francisco Giants,136,Seattle Mariners,7,8,1
634630,2021-04-01,2021,140,Texas Rangers,118,Kansas City Royals,10,14,1
634634,2021-04-01,2021,134,Pittsburgh Pirates,112,Chicago Cubs,5,3,0
634636,2021-04-01,2021,138,St. Louis Cardinals,113,Cincinnati Reds,11,6,0
634638,2021-04-01,2021,142,Minnesota Twins,158,Milwaukee Brewers,5,6,1
634640,2021-04-01,2021,117,Houston Astros,133,Oakland Athletics,8,1,0
634642,2021-04-01,2021,141,Toronto Blue Jays,147,New York Yankees,3,2,0
634645,2021-04-01,2021,114,Cleveland Indians,116,Detroit Tigers,2,3,1
634652,2021-04-01,2021,139,Tampa Bay Rays,146,Miami Marlins,1,0,0
634655,2021-04-01,2021,145,Chicago White Sox,108,Los Angeles Angels,3,4,1
634576,2021-04-02,2021,109,Arizona Diamondbacks,135,San Diego Padres,2,4,1
634578,2021-04-02,2021,137,San Francisco Giants,136,Seattle Mariners,6,3,0
634602,2021-04-02,2021,139,Tampa Bay Rays,146,Miami Marlins,6,4,0
634605,2021-04-02,2021,117,Houston Astros,133,Oakland Athletics,9,5,0
634627,2021-04-02,2021,110,Baltimore Orioles,111,Boston Red Sox,3,0,0
634631,2021-04-02,2021,145,Chicago White Sox,108,Los Angeles Angels,12,8,0
634653,2021-04-02,2021,119,Los Angeles Dodgers,115,Colorado Rockies,11,6,0
634573,2021-04-03,2021,114,Cleveland Indians,116,Detroit Tigers,2,5,1
634575,2021-04-03,2021,142,Minnesota Twins,158,Milwaukee Brewers,2,0,0
634577,2021-04-03,2021,110,Baltimore Orioles,111,Boston Red Sox,4,2,0
634580,2021-04-03,2021,144,Atlanta Braves,143,Philadelphia Phillies,0,4,1
634596,2021-04-03,2021,139,Tampa Bay Rays,146,Miami Marlins,7,12,1
634604,2021-04-03,2021,140,Texas Rangers,118,Kansas City Royals,4,11,1
634623,2021-04-03,2021,109,Arizona Diamondbacks,135,San Diego Padres,0,7,1
634629,2021-04-03,2021,117,Houston Astros,133,Oakland Athletics,9,1,0
634633,2021-04-03,2021,119,Los Angeles Dodgers,115,Colorado Rockies,6,5,0
634639,2021-04-03,2021,137,San Francisco Giants,136,Seattle Mariners,0,4,1
634643,2021-04-03,2021,134,Pittsburgh Pirates,112,Chicago Cubs,1,5,1
634644,2021-04-03,2021,141,Toronto Blue Jays,147,New York Yankees,3,5,1
634646,2021-04-03,2021,145,Chicago White Sox,108,Los Angeles Angels,3,5,1
634654,2021-04-03,2021,138,St. Louis Cardinals,113,Cincinnati Reds,6,9,1
634557,2021-04-04,2021,119,Los Angeles Dodgers,115,Colorado Rockies,4,2,0
634560,2021-04-04,2021,138,St. Louis Cardinals,113,Cincinnati Reds,1,12,1
634572,2021-04-04,2021,109,Arizona Diamondbacks,135,San Diego Padres,3,1,0
634593,2021-04-04,2021,140,Texas Rangers,118,Kansas City Royals,7,3,0
634597,2021-04-04,2021,142,Minnesota Twins,158,Milwaukee Brewers,8,2,0
634607,2021-04-04,2021,141,Toronto Blue Jays,147,New York Yankees,3,1,0
634610,2021-04-04,2021,110,Baltimore Orioles,111,Boston Red Sox,11,3,0
634611,2021-04-04,2021,114,Cleveland Indians,116,Detroit Tigers,9,3,0
634613,2021-04-04,2021,134,Pittsburgh Pirates,112,Chicago Cubs,3,4,1
634617,2021-04-04,2021,144,Atlanta Braves,143,Philadelphia Phillies,1,2,1
634637,2021-04-04,2021,145,Chicago White Sox,108,Los Angeles Angels,4,7,1
634651,2021-04-04,2021,117,Houston Astros,133,Oakland Athletics,9,2,0
634551,2021-04-05,2021,145,Chicago White Sox,136,Seattle Mariners,6,0,0
634552,2021-04-05,2021,117,Houston Astros,108,Los Angeles Angels,6,7,1
634558,2021-04-05,2021,134,Pittsburgh Pirates,113,Cincinnati Reds,3,5,1
634562,2021-04-05,2021,138,St. Louis Cardinals,146,Miami Marlins,4,1,0
634566,2021-04-05,2021,158,Milwaukee Brewers,112,Chicago Cubs,3,5,1
634587,2021-04-05,2021,110,Baltimore Orioles,147,New York Yankees,0,7,1
634588,2021-04-05,2021,142,Minnesota Twins,116,Detroit Tigers,15,6,0
634591,2021-04-05,2021,137,San Francisco Giants,135,San Diego Padres,3,2,0
634600,2021-04-05,2021,119,Los Angeles Dodgers,133,Oakland Athletics,10,3,0
634601,2021-04-05,2021,139,Tampa Bay Rays,111,Boston Red Sox,2,11,1
634606,2021-04-05,2021,121,New York Mets,143,Philadelphia Phillies,3,5,1
634612,2021-04-05,2021,141,Toronto Blue Jays,140,Texas Rangers,6,2,0
634616,2021-04-05,2021,118,Kansas City Royals,114,Cleveland Indians,3,0,0
634529,2021-04-06,2021,137,San Francisco Giants,135,San Diego Padres,1,3,1
634530,2021-04-06,2021,134,Pittsburgh Pirates,113,Cincinnati Reds,1,14,1
634559,2021-04-06,2021,158,Milwaukee Brewers,112,Chicago Cubs,4,0,0
634586,2021-04-06,2021,117,Houston Astros,108,Los Angeles Angels,4,2,0
634590,2021-04-06,2021,139,Tampa Bay Rays,111,Boston Red Sox,5,6,1
634594,2021-04-06,2021,138,St. Louis Cardinals,146,Miami Marlins,4,2,0
634599,2021-04-06,2021,110,Baltimore Orioles,147,New York Yankees,2,7,1
634603,2021-04-06,2021,142,Minnesota Twins,116,Detroit Tigers,3,4,1
634608,2021-04-06,2021,121,New York Mets,143,Philadelphia Phillies,8,4,0
634609,2021-04-06,2021,145,Chicago White Sox,136,Seattle Mariners,10,4,0
634619,2021-04-06,2021,109,Arizona Diamondbacks,115,Colorado Rockies,10,8,0
634624,2021-04-06,2021,144,Atlanta Braves,120,Washington Nationals,5,6,1
634628,2021-04-06,2021,119,Los Angeles Dodgers,133,Oakland Athletics,5,1,0
634635,2021-04-06,2021,141,Toronto Blue Jays,140,Texas Rangers,4,7,1
634527,2021-04-07,2021,144,Atlanta Braves,120,Washington Nationals,7,6,0
634539,2021-04-07,2021,110,Baltimore Orioles,147,New York Yankees,4,3,0
634542,2021-04-07,2021,109,Arizona Diamondbacks,115,Colorado Rockies,0,8,1
634549,2021-04-07,2021,158,Milwaukee Brewers,112,Chicago Cubs,4,2,0
634563,2021-04-07,2021,137,San Francisco Giants,135,San Diego Padres,3,2,0
634567,2021-04-07,2021,119,Los Angeles Dodgers,133,Oakland Athletics,3,4,1
634570,2021-04-07,2021,134,Pittsburgh Pirates,113,Cincinnati Reds,4,11,1
634583,2021-04-07,2021,141,Toronto Blue Jays,140,Texas Rangers,1,2,1
634585,2021-04-07,2021,138,St. Louis Cardinals,146,Miami Marlins,7,0,0
634589,2021-04-07,2021,118,Kansas City Royals,114,Cleveland Indians,2,4,1
634592,2021-04-07,2021,145,Chicago White Sox,136,Seattle Mariners,4,8,1
634595,2021-04-07,2021,144,Atlanta Braves,120,Washington Nationals,2,0,0
634598,2021-04-07,2021,142,Minnesota Twins,116,Detroit Tigers,3,2,0
634626,2021-04-07,2021,121,New York Mets,143,Philadelphia Phillies,2,8,1
634641,2021-04-07,2021,139,Tampa Bay Rays,111,Boston Red Sox,2,9,1
634544,2021-04-08,2021,111,Boston Red Sox,110,Baltimore Orioles,7,3,0
634545,2021-04-08,2021,108,Los Angeles Angels,141,Toronto Blue Jays,7,5,0
634546,2021-04-08,2021,133,Oakland Athletics,117,Houston Astros,2,6,1
634550,2021-04-08,2021,136,Seattle Mariners,142,Minnesota Twins,2,10,1
634555,2021-04-08,2021,112,Chicago Cubs,134,Pittsburgh Pirates,4,2,0
634564,2021-04-08,2021,109,Arizona Diamondbacks,115,Colorado Rockies,3,7,1
634565,2021-04-08,2021,118,Kansas City Royals,145,Chicago White Sox,0,6,1
634568,2021-04-08,2021,158,Milwaukee Brewers,138,St. Louis Cardinals,1,3,1
634584,2021-04-08,2021,146,Miami Marlins,121,New York Mets,2,3,1
634478,2021-04-09,2021,135,San Diego Padres,140,Texas Rangers,3,0,0
634494,2021-04-09,2021,115,Colorado Rockies,137,San Francisco Giants,1,3,1
634499,2021-04-09,2021,147,New York Yankees,139,Tampa Bay Rays,5,10,1
634505,2021-04-09,2021,116,Detroit Tigers,114,Cleveland Indians,1,4,1
634512,2021-04-09,2021,108,Los Angeles Angels,141,Toronto Blue Jays,7,1,0
634533,2021-04-09,2021,120,Washington Nationals,119,Los Angeles Dodgers,0,1,1
634534,2021-04-09,2021,143,Philadelphia Phillies,144,Atlanta Braves,1,8,1
634537,2021-04-09,2021,133,Oakland Athletics,117,Houston Astros,6,2,0
634540,2021-04-09,2021,113,Cincinnati Reds,109,Arizona Diamondbacks,6,5,0
632169,2021-04-10,2021,115,Colorado Rockies,137,San Francisco Giants,3,4,1
632191,2021-04-10,2021,120,Washington Nationals,119,Los Angeles Dodgers,5,9,1
632193,2021-04-10,2021,135,San Diego Padres,140,Texas Rangers,7,4,0
632195,2021-04-10,2021,112,Chicago Cubs,134,Pittsburgh Pirates,2,8,1
632201,2021-04-10,2021,146,Miami Marlins,121,New York Mets,3,0,0
632202,2021-04-10,2021,133,Oakland Athletics,117,Houston Astros,7,3,0
632205,2021-04-10,2021,136,Seattle Mariners,142,Minnesota Twins,4,3,0
632217,2021-04-10,2021,147,New York Yankees,139,Tampa Bay Rays,0,4,1
632218,2021-04-10,2021,116,Detroit Tigers,114,Cleveland Indians,3,11,1
632222,2021-04-10,2021,158,Milwaukee Brewers,138,St. Louis Cardinals,9,5,0
632227,2021-04-10,2021,108,Los Angeles Angels,141,Toronto Blue Jays,1,15,1
634484,2021-04-10,2021,113,Cincinnati Reds,109,Arizona Diamondbacks,3,8,1
634491,2021-04-10,2021,111,Boston Red Sox,110,Baltimore Orioles,6,4,0
634524,2021-04-10,2021,143,Philadelphia Phillies,144,Atlanta Braves,4,5,1
632170,2021-04-11,2021,118,Kansas City Royals,145,Chicago White Sox,4,3,0
632188,2021-04-11,2021,115,Colorado Rockies,137,San Francisco Giants,0,4,1
632192,2021-04-11,2021,146,Miami Marlins,121,New York Mets,5,6,1
632192,2021-04-11,2021,146,Miami Marlins,121,New York Mets,5,6,1
632196,2021-04-11,2021,158,Milwaukee Brewers,138,St. Louis Cardinals,9,3,0
632200,2021-04-11,2021,111,Boston Red Sox,110,Baltimore Orioles,14,9,0
632207,2021-04-11,2021,143,Philadelphia Phillies,144,Atlanta Braves,7,6,0
632209,2021-04-11,2021,113,Cincinnati Reds,109,Arizona Diamondbacks,0,7,1
632214,2021-04-11,2021,120,Washington Nationals,119,Los Angeles Dodgers,0,3,1
632215,2021-04-11,2021,136,Seattle Mariners,142,Minnesota Twins,8,6,0
632225,2021-04-11,2021,112,Chicago Cubs,134,Pittsburgh Pirates,1,7,1
632228,2021-04-11,2021,116,Detroit Tigers,114,Cleveland Indians,2,5,1
632232,2021-04-11,2021,147,New York Yankees,139,Tampa Bay Rays,8,4,0
632233,2021-04-11,2021,135,San Diego Padres,140,Texas Rangers,2,0,0
632197,2021-04-12,2021,108,Los Angeles Angels,118,Kansas City Royals,10,3,0
632198,2021-04-12,2021,135,San Diego Padres,134,Pittsburgh Pirates,6,2,0
632203,2021-04-12,2021,147,New York Yankees,141,Toronto Blue Jays,3,1,0
632204,2021-04-12,2021,140,Texas Rangers,139,Tampa Bay Rays,0,1,1
632216,2021-04-12,2021,114,Cleveland Indians,145,Chicago White Sox,3,4,1
632219,2021-04-12,2021,146,Miami Marlins,144,Atlanta Braves,5,3,0
632220,2021-04-12,2021,116,Detroit Tigers,117,Houston Astros,6,2,0
632221,2021-04-12,2021,112,Chicago Cubs,158,Milwaukee Brewers,3,6,1
632230,2021-04-12,2021,120,Washington Nationals,138,St. Louis Cardinals,5,2,0
632231,2021-04-12,2021,133,Oakland Athletics,109,Arizona Diamondbacks,9,5,0
634648,2021-04-12,2021,113,Cincinnati Reds,137,San Francisco Giants,3,0,0
632189,2021-04-13,2021,143,Philadelphia Phillies,121,New York Mets,3,4,1
632190,2021-04-13,2021,111,Boston Red Sox,142,Minnesota Twins,4,2,0
632194,2021-04-13,2021,112,Chicago Cubs,158,Milwaukee Brewers,3,2,0
632199,2021-04-13,2021,114,Cleveland Indians,145,Chicago White Sox,2,0,0
632206,2021-04-13,2021,133,Oakland Athletics,109,Arizona Diamondbacks,7,5,0
632210,2021-04-13,2021,108,Los Angeles Angels,118,Kansas City Royals,2,3,1
632211,2021-04-13,2021,146,Miami Marlins,144,Atlanta Braves,14,8,0
632212,2021-04-13,2021,115,Colorado Rockies,119,Los Angeles Dodgers,0,7,1
632213,2021-04-13,2021,136,Seattle Mariners,110,Baltimore Orioles,4,3,0
632224,2021-04-13,2021,136,Seattle Mariners,110,Baltimore Orioles,6,7,1
632226,2021-04-13,2021,143,Philadelphia Phillies,121,New York Mets,0,4,1
632229,2021-04-13,2021,116,Detroit Tigers,117,Houston Astros,8,2,0
634489,2021-04-13,2021,140,Texas Rangers,139,Tampa Bay Rays,8,3,0
634502,2021-04-13,2021,120,Washington Nationals,138,St. Louis Cardinals,3,14,1
634510,2021-04-13,2021,113,Cincinnati Reds,137,San Francisco Giants,6,7,1
634535,2021-04-13,2021,135,San Diego Padres,134,Pittsburgh Pirates,4,8,1
634569,2021-04-13,2021,147,New York Yankees,141,Toronto Blue Jays,3,7,1
632223,2021-04-14,2021,111,Boston Red Sox,142,Minnesota Twins,7,1,0
634495,2021-04-14,2021,108,Los Angeles Angels,118,Kansas City Royals,1,6,1
634496,2021-04-14,2021,140,Texas Rangers,139,Tampa Bay Rays,5,1,0
634513,2021-04-14,2021,147,New York Yankees,141,Toronto Blue Jays,4,5,1
634516,2021-04-14,2021,114,Cleveland Indians,145,Chicago White Sox,0,8,1
634521,2021-04-14,2021,116,Detroit Tigers,117,Houston Astros,6,4,0
634523,2021-04-14,2021,135,San Diego Padres,134,Pittsburgh Pirates,1,5,1
634528,2021-04-14,2021,143,Philadelphia Phillies,121,New York Mets,1,5,1
634541,2021-04-14,2021,120,Washington Nationals,138,St. Louis Cardinals,6,0,0
634553,2021-04-14,2021,112,Chicago Cubs,158,Milwaukee Brewers,0,7,1
634574,2021-04-14,2021,111,Boston Red Sox,142,Minnesota Twins,3,2,0
634581,2021-04-14,2021,146,Miami Marlins,144,Atlanta Braves,6,5,0
634582,2021-04-14,2021,113,Cincinnati Reds,137,San Francisco Giants,0,3,1
634614,2021-04-14,2021,115,Colorado Rockies,119,Los Angeles Dodgers,2,4,1
634472,2021-04-15,2021,136,Seattle Mariners,110,Baltimore Orioles,2,1,0
634475,2021-04-15,2021,141,Toronto Blue Jays,118,Kansas City Royals,5,7,1
634481,2021-04-15,2021,109,Arizona Diamondbacks,120,Washington Nationals,11,6,0
634501,2021-04-15,2021,114,Cleveland Indians,145,Chicago White Sox,4,2,0
634522,2021-04-15,2021,140,Texas Rangers,139,Tampa Bay Rays,6,4,0
634547,2021-04-15,2021,115,Colorado Rockies,119,Los Angeles Dodgers,5,7,1
634554,2021-04-15,2021,111,Boston Red Sox,142,Minnesota Twins,3,4,1
634571,2021-04-15,2021,136,Seattle Mariners,110,Baltimore Orioles,4,2,0
634579,2021-04-15,2021,146,Miami Marlins,144,Atlanta Braves,6,7,1
634621,2021-04-15,2021,135,San Diego Padres,134,Pittsburgh Pirates,8,3,0
634632,2021-04-15,2021,116,Detroit Tigers,133,Oakland Athletics,4,8,1
634463,2021-04-16,2021,110,Baltimore Orioles,140,Texas Rangers,5,2,0
634464,2021-04-16,2021,139,Tampa Bay Rays,147,New York Yankees,8,2,0
634469,2021-04-16,2021,109,Arizona Diamondbacks,120,Washington Nationals,0,1,1
634474,2021-04-16,2021,138,St. Louis Cardinals,143,Philadelphia Phillies,2,9,1
634482,2021-04-16,2021,114,Cleveland Indians,113,Cincinnati Reds,3,10,1
634483,2021-04-16,2021,134,Pittsburgh Pirates,158,Milwaukee Brewers,6,1,0
634517,2021-04-16,2021,117,Houston Astros,136,Seattle Mariners,5,6,1
634519,2021-04-16,2021,137,San Francisco Giants,146,Miami Marlins,1,4,1
634525,2021-04-16,2021,116,Detroit Tigers,133,Oakland Athletics,0,3,1
634526,2021-04-16,2021,142,Minnesota Twins,108,Los Angeles Angels,3,10,1
634531,2021-04-16,2021,119,Los Angeles Dodgers,135,San Diego Padres,11,6,0
634548,2021-04-16,2021,144,Atlanta Braves,112,Chicago Cubs,5,2,0
634447,2021-04-17,2021,117,Houston Astros,136,Seattle Mariners,1,0,0
634449,2021-04-17,2021,119,Los Angeles Dodgers,135,San Diego Padres,2,0,0
634450,2021-04-17,2021,137,San Francisco Giants,146,Miami Marlins,6,7,1
634460,2021-04-17,2021,114,Cleveland Indians,113,Cincinnati Reds,2,3,1
634462,2021-04-17,2021,144,Atlanta Braves,112,Chicago Cubs,4,13,1
634470,2021-04-17,2021,138,St. Louis Cardinals,143,Philadelphia Phillies,9,4,0
634471,2021-04-17,2021,145,Chicago White Sox,111,Boston Red Sox,4,7,1
634473,2021-04-17,2021,134,Pittsburgh Pirates,158,Milwaukee Brewers,1,7,1
634477,2021-04-17,2021,141,Toronto Blue Jays,118,Kansas City Royals,5,1,0
634479,2021-04-17,2021,116,Detroit Tigers,133,Oakland Athletics,0,7,1
634485,2021-04-17,2021,121,New York Mets,115,Colorado Rockies,4,3,0
634500,2021-04-17,2021,139,Tampa Bay Rays,147,New York Yankees,6,3,0
634507,2021-04-17,2021,109,Arizona Diamondbacks,120,Washington Nationals,2,6,1
634520,2021-04-17,2021,141,Toronto Blue Jays,118,Kansas City Royals,2,3,1
634543,2021-04-17,2021,110,Baltimore Orioles,140,Texas Rangers,6,1,0
634561,2021-04-17,2021,121,New York Mets,115,Colorado Rockies,2,7,1
634425,2021-04-18,2021,137,San Francisco Giants,146,Miami Marlins,1,0,0
634442,2021-04-18,2021,141,Toronto Blue Jays,118,Kansas City Royals,0,2,1
634455,2021-04-18,2021,134,Pittsburgh Pirates,158,Milwaukee Brewers,6,5,0
634458,2021-04-18,2021,139,Tampa Bay Rays,147,New York Yankees,4,2,0
634468,2021-04-18,2021,121,New York Mets,115,Colorado Rockies,2,1,0
634480,2021-04-18,2021,116,Detroit Tigers,133,Oakland Athletics,2,3,1
634487,2021-04-18,2021,114,Cleveland Indians,113,Cincinnati Reds,6,3,0
634488,2021-04-18,2021,119,Los Angeles Dodgers,135,San Diego Padres,2,5,1
634493,2021-04-18,2021,109,Arizona Diamondbacks,120,Washington Nationals,5,2,0
634498,2021-04-18,2021,138,St. Louis Cardinals,143,Philadelphia Phillies,0,2,1
634506,2021-04-18,2021,144,Atlanta Braves,112,Chicago Cubs,13,4,0
634511,2021-04-18,2021,110,Baltimore Orioles,140,Texas Rangers,0,1,1
634518,2021-04-18,2021,145,Chicago White Sox,111,Boston Red Sox,5,1,0
634532,2021-04-18,2021,145,Chicago White Sox,111,Boston Red Sox,3,2,0
634538,2021-04-18,2021,117,Houston Astros,136,Seattle Mariners,2,7,1
634396,2021-04-19,2021,139,Tampa Bay Rays,118,Kansas City Royals,4,1,0
634399,2021-04-19,2021,158,Milwaukee Brewers,135,San Diego Padres,3,1,0
634421,2021-04-19,2021,119,Los Angeles Dodgers,136,Seattle Mariners,3,4,1
634431,2021-04-19,2021,138,St. Louis Cardinals,120,Washington Nationals,12,5,0
634445,2021-04-19,2021,145,Chicago White Sox,111,Boston Red Sox,4,11,1
634457,2021-04-19,2021,137,San Francisco Giants,143,Philadelphia Phillies,2,0,0
634536,2021-04-19,2021,140,Texas Rangers,108,Los Angeles Angels,6,4,0
634392,2021-04-20,2021,158,Milwaukee Brewers,135,San Diego Padres,6,0,0
634397,2021-04-20,2021,145,Chicago White Sox,114,Cleveland Indians,8,5,0
634398,2021-04-20,2021,140,Texas Rangers,108,Los Angeles Angels,2,6,1
634406,2021-04-20,2021,117,Houston Astros,115,Colorado Rockies,2,6,1
634407,2021-04-20,2021,139,Tampa Bay Rays,118,Kansas City Royals,14,7,0
634408,2021-04-20,2021,109,Arizona Diamondbacks,113,Cincinnati Reds,5,4,0
634408,2021-04-20,2021,109,Arizona Diamondbacks,113,Cincinnati Reds,5,4,0
634409,2021-04-20,2021,141,Toronto Blue Jays,111,Boston Red Sox,2,4,1
634411,2021-04-20,2021,121,New York Mets,112,Chicago Cubs,1,3,1
634417,2021-04-20,2021,119,Los Angeles Dodgers,136,Seattle Mariners,1,0,0
634422,2021-04-20,2021,144,Atlanta Braves,147,New York Yankees,1,3,1
634427,2021-04-20,2021,110,Baltimore Orioles,146,Miami Marlins,7,5,0
634439,2021-04-20,2021,137,San Francisco Giants,143,Philadelphia Phillies,10,7,0
634466,2021-04-20,2021,142,Minnesota Twins,133,Oakland Athletics,0,1,1
634490,2021-04-20,2021,142,Minnesota Twins,133,Oakland Athletics,0,7,1
634509,2021-04-20,2021,138,St. Louis Cardinals,120,Washington Nationals,2,3,1
634390,2021-04-21,2021,134,Pittsburgh Pirates,116,Detroit Tigers,3,2,0
634405,2021-04-21,2021,138,St. Louis Cardinals,120,Washington Nationals,0,1,1
634423,2021-04-21,2021,134,Pittsburgh Pirates,116,Detroit Tigers,2,5,1
634424,2021-04-21,2021,117,Houston Astros,115,Colorado Rockies,3,6,1
634428,2021-04-21,2021,137,San Francisco Giants,143,Philadelphia Phillies,5,6,1
634430,2021-04-21,2021,140,Texas Rangers,108,Los Angeles Angels,7,4,0
634440,2021-04-21,2021,142,Minnesota Twins,133,Oakland Athletics,12,13,1
634444,2021-04-21,2021,109,Arizona Diamondbacks,113,Cincinnati Reds,8,5,0
634446,2021-04-21,2021,139,Tampa Bay Rays,118,Kansas City Royals,8,9,1
634453,2021-04-21,2021,121,New York Mets,112,Chicago Cubs,4,16,1
634459,2021-04-21,2021,141,Toronto Blue Jays,111,Boston Red Sox,6,3,0
634476,2021-04-21,2021,158,Milwaukee Brewers,135,San Diego Padres,4,2,0
634497,2021-04-21,2021,110,Baltimore Orioles,146,Miami Marlins,0,3,1
634504,2021-04-21,2021,144,Atlanta Braves,147,New York Yankees,4,1,0
634419,2021-04-22,2021,121,New York Mets,112,Chicago Cubs,3,4,1
634420,2021-04-22,2021,135,San Diego Padres,119,Los Angeles Dodgers,3,2,0
634432,2021-04-22,2021,146,Miami Marlins,137,San Francisco Giants,0,3,1
634436,2021-04-22,2021,147,New York Yankees,114,Cleveland Indians,6,3,0
634438,2021-04-22,2021,108,Los Angeles Angels,117,Houston Astros,2,8,1
634492,2021-04-22,2021,134,Pittsburgh Pirates,116,Detroit Tigers,4,2,0
634508,2021-04-22,2021,136,Seattle Mariners,111,Boston Red Sox,7,3,0
634514,2021-04-22,2021,109,Arizona Diamondbacks,113,Cincinnati Reds,14,11,0
634369,2021-04-23,2021,146,Miami Marlins,137,San Francisco Giants,3,5,1
634370,2021-04-23,2021,135,San Diego Padres,119,Los Angeles Dodgers,6,1,0
634378,2021-04-23,2021,113,Cincinnati Reds,138,St. Louis Cardinals,4,5,1
634383,2021-04-23,2021,108,Los Angeles Angels,117,Houston Astros,4,5,1
634386,2021-04-23,2021,136,Seattle Mariners,111,Boston Red Sox,5,6,1
634389,2021-04-23,2021,133,Oakland Athletics,110,Baltimore Orioles,3,1,0
634401,2021-04-23,2021,143,Philadelphia Phillies,115,Colorado Rockies,4,5,1
634412,2021-04-23,2021,118,Kansas City Royals,116,Detroit Tigers,6,2,0
634413,2021-04-23,2021,141,Toronto Blue Jays,139,Tampa Bay Rays,5,3,0
634415,2021-04-23,2021,109,Arizona Diamondbacks,144,Atlanta Braves,4,5,1
634426,2021-04-23,2021,158,Milwaukee Brewers,112,Chicago Cubs,2,15,1
634429,2021-04-23,2021,120,Washington Nationals,121,New York Mets,0,6,1
634434,2021-04-23,2021,134,Pittsburgh Pirates,142,Minnesota Twins,0,2,1
634435,2021-04-23,2021,140,Texas Rangers,145,Chicago White Sox,7,9,1
634437,2021-04-23,2021,147,New York Yankees,114,Cleveland Indians,5,3,0
634358,2021-04-24,2021,141,Toronto Blue Jays,139,Tampa Bay Rays,3,5,1
634361,2021-04-24,2021,135,San Diego Padres,119,Los Angeles Dodgers,4,5,1
634366,2021-04-24,2021,108,Los Angeles Angels,117,Houston Astros,2,16,1
634367,2021-04-24,2021,133,Oakland Athletics,110,Baltimore Orioles,7,2,0
634373,2021-04-24,2021,136,Seattle Mariners,111,Boston Red Sox,8,2,0
634375,2021-04-24,2021,118,Kansas City Royals,116,Detroit Tigers,2,1,0
634384,2021-04-24,2021,140,Texas Rangers,145,Chicago White Sox,1,2,1
634395,2021-04-24,2021,113,Cincinnati Reds,138,St. Louis Cardinals,0,2,1
634416,2021-04-24,2021,158,Milwaukee Brewers,112,Chicago Cubs,4,3,0
634418,2021-04-24,2021,143,Philadelphia Phillies,115,Colorado Rockies,7,5,0
634443,2021-04-24,2021,120,Washington Nationals,121,New York Mets,7,1,0
634467,2021-04-24,2021,134,Pittsburgh Pirates,142,Minnesota Twins,6,2,0
634486,2021-04-24,2021,147,New York Yankees,114,Cleveland Indians,2,1,0
634503,2021-04-24,2021,146,Miami Marlins,137,San Francisco Giants,5,2,0
634342,2021-04-25,2021,146,Miami Marlins,137,San Francisco Giants,3,4,1
634344,2021-04-25,2021,120,Washington Nationals,121,New York Mets,0,4,1
634349,2021-04-25,2021,134,Pittsburgh Pirates,142,Minnesota Twins,6,2,0
634355,2021-04-25,2021,136,Seattle Mariners,111,Boston Red Sox,3,5,1
634356,2021-04-25,2021,135,San Diego Padres,119,Los Angeles Dodgers,8,7,0
634372,2021-04-25,2021,147,New York Yankees,114,Cleveland Indians,3,7,1
634376,2021-04-25,2021,141,Toronto Blue Jays,139,Tampa Bay Rays,1,0,0
634380,2021-04-25,2021,109,Arizona Diamondbacks,144,Atlanta Braves,7,0,0
634388,2021-04-25,2021,143,Philadelphia Phillies,115,Colorado Rockies,2,12,1
634393,2021-04-25,2021,140,Texas Rangers,145,Chicago White Sox,4,8,1
634400,2021-04-25,2021,158,Milwaukee Brewers,112,Chicago Cubs,6,0,0
634403,2021-04-25,2021,108,Los Angeles Angels,117,Houston Astros,4,2,0
634404,2021-04-25,2021,109,Arizona Diamondbacks,144,Atlanta Braves,5,0,0
634448,2021-04-25,2021,118,Kansas City Royals,116,Detroit Tigers,4,0,0
634454,2021-04-25,2021,133,Oakland Athletics,110,Baltimore Orioles,1,8,1
634456,2021-04-25,2021,113,Cincinnati Reds,138,St. Louis Cardinals,2,5,1
634343,2021-04-26,2021,133,Oakland Athletics,139,Tampa Bay Rays,2,1,0
634345,2021-04-26,2021,143,Philadelphia Phillies,138,St. Louis Cardinals,2,1,0
634363,2021-04-26,2021,113,Cincinnati Reds,119,Los Angeles Dodgers,5,3,0
634374,2021-04-26,2021,115,Colorado Rockies,137,San Francisco Giants,0,12,1
634377,2021-04-26,2021,108,Los Angeles Angels,140,Texas Rangers,9,4,0
634382,2021-04-26,2021,136,Seattle Mariners,117,Houston Astros,2,5,1
634394,2021-04-26,2021,142,Minnesota Twins,114,Cleveland Indians,3,5,1
634402,2021-04-26,2021,112,Chicago Cubs,144,Atlanta Braves,7,8,1
634433,2021-04-26,2021,147,New York Yankees,110,Baltimore Orioles,2,4,1
634451,2021-04-26,2021,118,Kansas City Royals,116,Detroit Tigers,3,2,0
634461,2021-04-26,2021,146,Miami Marlins,158,Milwaukee Brewers,8,0,0
634318,2021-04-27,2021,143,Philadelphia Phillies,138,St. Louis Cardinals,2,5,1
634320,2021-04-27,2021,146,Miami Marlins,158,Milwaukee Brewers,4,5,1
634331,2021-04-27,2021,118,Kansas City Royals,134,Pittsburgh Pirates,1,2,1
634332,2021-04-27,2021,116,Detroit Tigers,145,Chicago White Sox,5,2,0
634333,2021-04-27,2021,136,Seattle Mariners,117,Houston Astros,0,2,1
634335,2021-04-27,2021,120,Washington Nationals,141,Toronto Blue Jays,5,9,1
634339,2021-04-27,2021,142,Minnesota Twins,114,Cleveland Indians,4,7,1
634351,2021-04-27,2021,112,Chicago Cubs,144,Atlanta Braves,0,5,1
634354,2021-04-27,2021,115,Colorado Rockies,137,San Francisco Giants,7,5,0
634359,2021-04-27,2021,108,Los Angeles Angels,140,Texas Rangers,1,6,1
634364,2021-04-27,2021,135,San Diego Padres,109,Arizona Diamondbacks,1,5,1
634368,2021-04-27,2021,133,Oakland Athletics,139,Tampa Bay Rays,3,4,1
634379,2021-04-27,2021,113,Cincinnati Reds,119,Los Angeles Dodgers,6,5,0
634387,2021-04-27,2021,147,New York Yankees,110,Baltimore Orioles,5,1,0
634410,2021-04-27,2021,111,Boston Red Sox,121,New York Mets,2,1,0
634308,2021-04-28,2021,133,Oakland Athletics,139,Tampa Bay Rays,0,2,1
634309,2021-04-28,2021,115,Colorado Rockies,137,San Francisco Giants,3,7,1
634310,2021-04-28,2021,111,Boston Red Sox,121,New York Mets,1,0,0
634314,2021-04-28,2021,143,Philadelphia Phillies,138,St. Louis Cardinals,5,3,0
634315,2021-04-28,2021,118,Kansas City Royals,134,Pittsburgh Pirates,9,6,0
634317,2021-04-28,2021,146,Miami Marlins,158,Milwaukee Brewers,6,2,0
634322,2021-04-28,2021,135,San Diego Padres,109,Arizona Diamondbacks,12,3,0
634348,2021-04-28,2021,120,Washington Nationals,141,Toronto Blue Jays,8,2,0
634350,2021-04-28,2021,108,Los Angeles Angels,140,Texas Rangers,4,3,0
634360,2021-04-28,2021,136,Seattle Mariners,117,Houston Astros,5,7,1
634362,2021-04-28,2021,147,New York Yankees,110,Baltimore Orioles,7,0,0
634365,2021-04-28,2021,113,Cincinnati Reds,119,Los Angeles Dodgers,0,8,1
634371,2021-04-28,2021,142,Minnesota Twins,114,Cleveland Indians,10,2,0
634414,2021-04-28,2021,112,Chicago Cubs,144,Atlanta Braves,0,10,1
634289,2021-04-29,2021,111,Boston Red Sox,140,Texas Rangers,1,4,1
634296,2021-04-29,2021,133,Oakland Athletics,139,Tampa Bay Rays,3,2,0
634300,2021-04-29,2021,147,New York Yankees,110,Baltimore Orioles,3,4,1
634330,2021-04-29,2021,116,Detroit Tigers,145,Chicago White Sox,1,3,1
634346,2021-04-29,2021,119,Los Angeles Dodgers,158,Milwaukee Brewers,1,2,1
634347,2021-04-29,2021,112,Chicago Cubs,144,Atlanta Braves,9,3,0
634352,2021-04-29,2021,143,Philadelphia Phillies,138,St. Louis Cardinals,3,4,1
634353,2021-04-29,2021,136,Seattle Mariners,117,Houston Astros,1,0,0
634357,2021-04-29,2021,116,Detroit Tigers,145,Chicago White Sox,0,11,1
634385,2021-04-29,2021,115,Colorado Rockies,109,Arizona Diamondbacks,3,5,1
634274,2021-04-30,2021,146,Miami Marlins,120,Washington Nationals,1,2,1
634275,2021-04-30,2021,117,Houston Astros,139,Tampa Bay Rays,9,2,0
634280,2021-04-30,2021,144,Atlanta Braves,141,Toronto Blue Jays,5,13,1
634287,2021-04-30,2021,108,Los Angeles Angels,136,Seattle Mariners,4,7,1
634288,2021-04-30,2021,114,Cleveland Indians,145,Chicago White Sox,5,3,0
634290,2021-04-30,2021,119,Los Angeles Dodgers,158,Milwaukee Brewers,1,3,1
634303,2021-04-30,2021,137,San Francisco Giants,135,San Diego Padres,2,3,1
634305,2021-04-30,2021,112,Chicago Cubs,113,Cincinnati Reds,6,8,1
634325,2021-04-30,2021,138,St. Louis Cardinals,134,Pittsburgh Pirates,7,3,0
634327,2021-04-30,2021,116,Detroit Tigers,147,New York Yankees,0,10,1
634328,2021-04-30,2021,115,Colorado Rockies,109,Arizona Diamondbacks,2,7,1
634336,2021-04-30,2021,121,New York Mets,143,Philadelphia Phillies,1,2,1
634337,2021-04-30,2021,111,Boston Red Sox,140,Texas Rangers,6,1,0
634381,2021-04-30,2021,110,Baltimore Orioles,133,Oakland Athletics,3,2,0
634391,2021-04-30,2021,118,Kansas City Royals,142,Minnesota Twins,1,9,1
634271,2021-05-01,2021,111,Boston Red Sox,140,Texas Rangers,6,8,1
634272,2021-05-01,2021,108,Los Angeles Angels,136,Seattle Mariners,10,5,0
634273,2021-05-01,2021,112,Chicago Cubs,113,Cincinnati Reds,3,2,0
634276,2021-05-01,2021,121,New York Mets,143,Philadelphia Phillies,5,4,0
634284,2021-05-01,2021,138,St. Louis Cardinals,134,Pittsburgh Pirates,12,5,0
634286,2021-05-01,2021,115,Colorado Rockies,109,Arizona Diamondbacks,14,6,0
634295,2021-05-01,2021,116,Detroit Tigers,147,New York Yankees,4,6,1
634304,2021-05-01,2021,146,Miami Marlins,120,Washington Nationals,2,7,1
634307,2021-05-01,2021,117,Houston Astros,139,Tampa Bay Rays,3,1,0
634312,2021-05-01,2021,144,Atlanta Braves,141,Toronto Blue Jays,5,6,1
634316,2021-05-01,2021,137,San Francisco Giants,135,San Diego Padres,2,6,1
634319,2021-05-01,2021,110,Baltimore Orioles,133,Oakland Athletics,8,4,0
634326,2021-05-01,2021,114,Cleveland Indians,145,Chicago White Sox,3,7,1
634329,2021-05-01,2021,118,Kansas City Royals,142,Minnesota Twins,11,3,0
634338,2021-05-01,2021,119,Los Angeles Dodgers,158,Milwaukee Brewers,5,6,1
634256,2021-05-02,2021,144,Atlanta Braves,141,Toronto Blue Jays,2,7,1
634257,2021-05-02,2021,121,New York Mets,143,Philadelphia Phillies,8,7,0
634259,2021-05-02,2021,146,Miami Marlins,120,Washington Nationals,1,3,1
634260,2021-05-02,2021,138,St. Louis Cardinals,134,Pittsburgh Pirates,3,0,0
634268,2021-05-02,2021,111,Boston Red Sox,140,Texas Rangers,3,5,1
634282,2021-05-02,2021,119,Los Angeles Dodgers,158,Milwaukee Brewers,16,4,0
634298,2021-05-02,2021,112,Chicago Cubs,113,Cincinnati Reds,12,13,1
634299,2021-05-02,2021,115,Colorado Rockies,109,Arizona Diamondbacks,4,8,1
634301,2021-05-02,2021,137,San Francisco Giants,135,San Diego Padres,7,1,0
634302,2021-05-02,2021,114,Cleveland Indians,145,Chicago White Sox,5,0,0
634306,2021-05-02,2021,110,Baltimore Orioles,133,Oakland Athletics,5,7,1
634311,2021-05-02,2021,116,Detroit Tigers,147,New York Yankees,0,2,1
634323,2021-05-02,2021,117,Houston Astros,139,Tampa Bay Rays,4,5,1
634340,2021-05-02,2021,108,Los Angeles Angels,136,Seattle Mariners,0,2,1
634341,2021-05-02,2021,118,Kansas City Royals,142,Minnesota Twins,4,13,1
634242,2021-05-03,2021,110,Baltimore Orioles,136,Seattle Mariners,5,3,0
634243,2021-05-03,2021,134,Pittsburgh Pirates,135,San Diego Padres,0,2,1
634244,2021-05-03,2021,158,Milwaukee Brewers,143,Philadelphia Phillies,3,4,1
634258,2021-05-03,2021,114,Cleveland Indians,118,Kansas City Royals,8,6,0
634285,2021-05-03,2021,140,Texas Rangers,142,Minnesota Twins,5,6,1
634292,2021-05-03,2021,121,New York Mets,138,St. Louis Cardinals,5,6,1
634293,2021-05-03,2021,141,Toronto Blue Jays,133,Oakland Athletics,4,5,1
634334,2021-05-03,2021,139,Tampa Bay Rays,108,Los Angeles Angels,7,3,0
634229,2021-05-04,2021,140,Texas Rangers,142,Minnesota Twins,6,3,0
634241,2021-05-04,2021,116,Detroit Tigers,111,Boston Red Sox,7,11,1
634245,2021-05-04,2021,109,Arizona Diamondbacks,146,Miami Marlins,3,9,1
634246,2021-05-04,2021,137,San Francisco Giants,115,Colorado Rockies,12,4,0
634251,2021-05-04,2021,145,Chicago White Sox,113,Cincinnati Reds,9,0,0
634254,2021-05-04,2021,137,San Francisco Giants,115,Colorado Rockies,6,8,1
634264,2021-05-04,2021,119,Los Angeles Dodgers,112,Chicago Cubs,1,7,1
634265,2021-05-04,2021,110,Baltimore Orioles,136,Seattle Mariners,2,5,1
634267,2021-05-04,2021,139,Tampa Bay Rays,108,Los Angeles Angels,8,3,0
634269,2021-05-04,2021,117,Houston Astros,147,New York Yankees,3,7,1
634277,2021-05-04,2021,114,Cleveland Indians,118,Kansas City Royals,7,3,0
634278,2021-05-04,2021,141,Toronto Blue Jays,133,Oakland Athletics,1,4,1
634297,2021-05-04,2021,144,Atlanta Braves,120,Washington Nationals,6,1,0
634313,2021-05-04,2021,134,Pittsburgh Pirates,135,San Diego Padres,2,1,0
634321,2021-05-04,2021,119,Los Angeles Dodgers,112,Chicago Cubs,3,4,1
634324,2021-05-04,2021,158,Milwaukee Brewers,143,Philadelphia Phillies,5,6,1
634217,2021-05-05,2021,117,Houston Astros,147,New York Yankees,3,6,1
634220,2021-05-05,2021,110,Baltimore Orioles,136,Seattle Mariners,6,0,0
634225,2021-05-05,2021,137,San Francisco Giants,115,Colorado Rockies,5,6,1
634226,2021-05-05,2021,114,Cleveland Indians,118,Kansas City Royals,5,4,0
634227,2021-05-05,2021,134,Pittsburgh Pirates,135,San Diego Padres,2,4,1
634228,2021-05-05,2021,116,Detroit Tigers,111,Boston Red Sox,6,5,0
634230,2021-05-05,2021,119,Los Angeles Dodgers,112,Chicago Cubs,5,6,1
634239,2021-05-05,2021,121,New York Mets,138,St. Louis Cardinals,7,2,0
634248,2021-05-05,2021,141,Toronto Blue Jays,133,Oakland Athletics,9,4,0
634249,2021-05-05,2021,109,Arizona Diamondbacks,146,Miami Marlins,0,8,1
634250,2021-05-05,2021,121,New York Mets,138,St. Louis Cardinals,1,4,1
634266,2021-05-05,2021,144,Atlanta Braves,120,Washington Nationals,5,3,0
634270,2021-05-05,2021,145,Chicago White Sox,113,Cincinnati Reds,0,1,1
634279,2021-05-05,2021,140,Texas Rangers,142,Minnesota Twins,3,1,0
634281,2021-05-05,2021,139,Tampa Bay Rays,108,Los Angeles Angels,3,1,0
634294,2021-05-05,2021,158,Milwaukee Brewers,143,Philadelphia Phillies,4,5,1
634223,2021-05-06,2021,121,New York Mets,138,St. Louis Cardinals,4,1,0
634224,2021-05-06,2021,117,Houston Astros,147,New York Yankees,7,4,0
634231,2021-05-06,2021,141,Toronto Blue Jays,133,Oakland Athletics,10,4,0
634232,2021-05-06,2021,144,Atlanta Braves,120,Washington Nationals,3,2,0
634233,2021-05-06,2021,114,Cleveland Indians,118,Kansas City Royals,4,0,0
634247,2021-05-06,2021,139,Tampa Bay Rays,108,Los Angeles Angels,8,3,0
634255,2021-05-06,2021,116,Detroit Tigers,111,Boston Red Sox,9,12,1
634261,2021-05-06,2021,140,Texas Rangers,142,Minnesota Twins,4,3,0
634283,2021-05-06,2021,158,Milwaukee Brewers,143,Philadelphia Phillies,0,2,1
634291,2021-05-06,2021,109,Arizona Diamondbacks,146,Miami Marlins,1,3,1
634195,2021-05-07,2021,158,Milwaukee Brewers,146,Miami Marlins,1,6,1
634200,2021-05-07,2021,115,Colorado Rockies,138,St. Louis Cardinals,0,5,1
634201,2021-05-07,2021,141,Toronto Blue Jays,117,Houston Astros,4,10,1
634203,2021-05-07,2021,113,Cincinnati Reds,114,Cleveland Indians,3,0,0
634204,2021-05-07,2021,142,Minnesota Twins,116,Detroit Tigers,7,3,0
634209,2021-05-07,2021,111,Boston Red Sox,110,Baltimore Orioles,6,2,0
634213,2021-05-07,2021,119,Los Angeles Dodgers,108,Los Angeles Angels,2,9,1
634216,2021-05-07,2021,134,Pittsburgh Pirates,112,Chicago Cubs,2,3,1
634219,2021-05-07,2021,143,Philadelphia Phillies,144,Atlanta Braves,12,2,0
634234,2021-05-07,2021,120,Washington Nationals,147,New York Yankees,11,4,0
634235,2021-05-07,2021,145,Chicago White Sox,118,Kansas City Royals,3,0,0
634240,2021-05-07,2021,135,San Diego Padres,137,San Francisco Giants,4,5,1
634252,2021-05-07,2021,109,Arizona Diamondbacks,121,New York Mets,4,5,1
634253,2021-05-07,2021,136,Seattle Mariners,140,Texas Rangers,5,4,0
634263,2021-05-07,2021,139,Tampa Bay Rays,133,Oakland Athletics,1,2,1
634165,2021-05-08,2021,115,Colorado Rockies,138,St. Louis Cardinals,8,9,1
634171,2021-05-08,2021,136,Seattle Mariners,140,Texas Rangers,8,9,1
634178,2021-05-08,2021,135,San Diego Padres,137,San Francisco Giants,1,7,1
634187,2021-05-08,2021,113,Cincinnati Reds,114,Cleveland Indians,2,9,1
634190,2021-05-08,2021,109,Arizona Diamondbacks,121,New York Mets,2,4,1
634193,2021-05-08,2021,141,Toronto Blue Jays,117,Houston Astros,8,4,0
634196,2021-05-08,2021,111,Boston Red Sox,110,Baltimore Orioles,11,6,0
634197,2021-05-08,2021,145,Chicago White Sox,118,Kansas City Royals,9,1,0
634199,2021-05-08,2021,143,Philadelphia Phillies,144,Atlanta Braves,7,8,1
634212,2021-05-08,2021,134,Pittsburgh Pirates,112,Chicago Cubs,2,3,1
634214,2021-05-08,2021,142,Minnesota Twins,116,Detroit Tigers,3,7,1
634215,2021-05-08,2021,158,Milwaukee Brewers,146,Miami Marlins,6,2,0
634221,2021-05-08,2021,120,Washington Nationals,147,New York Yankees,3,4,1
634236,2021-05-08,2021,139,Tampa Bay Rays,133,Oakland Athletics,3,6,1
634262,2021-05-08,2021,119,Los Angeles Dodgers,108,Los Angeles Angels,14,11,0
634167,2021-05-09,2021,145,Chicago White Sox,118,Kansas City Royals,9,3,0
634175,2021-05-09,2021,143,Philadelphia Phillies,144,Atlanta Braves,1,6,1
634177,2021-05-09,2021,111,Boston Red Sox,110,Baltimore Orioles,4,3,0
634182,2021-05-09,2021,136,Seattle Mariners,140,Texas Rangers,2,10,1
634184,2021-05-09,2021,109,Arizona Diamondbacks,121,New York Mets,2,4,1
634185,2021-05-09,2021,135,San Diego Padres,137,San Francisco Giants,11,1,0
634192,2021-05-09,2021,141,Toronto Blue Jays,117,Houston Astros,4,7,1
634194,2021-05-09,2021,115,Colorado Rockies,138,St. Louis Cardinals,0,2,1
634205,2021-05-09,2021,119,Los Angeles Dodgers,108,Los Angeles Angels,1,2,1
634207,2021-05-09,2021,158,Milwaukee Brewers,146,Miami Marlins,2,1,0
634211,2021-05-09,2021,139,Tampa Bay Rays,133,Oakland Athletics,4,3,0
634218,2021-05-09,2021,120,Washington Nationals,147,New York Yankees,2,3,1
634237,2021-05-09,2021,134,Pittsburgh Pirates,112,Chicago Cubs,6,5,0
634152,2021-05-10,2021,113,Cincinnati Reds,134,Pittsburgh Pirates,14,1,0
634153,2021-05-10,2021,140,Texas Rangers,137,San Francisco Giants,1,3,1
634157,2021-05-10,2021,146,Miami Marlins,109,Arizona Diamondbacks,2,5,1
634176,2021-05-10,2021,111,Boston Red Sox,110,Baltimore Orioles,1,4,1
634181,2021-05-10,2021,108,Los Angeles Angels,117,Houston Astros,5,4,0
634142,2021-05-11,2021,136,Seattle Mariners,119,Los Angeles Dodgers,4,6,1
634144,2021-05-11,2021,143,Philadelphia Phillies,120,Washington Nationals,6,2,0
634147,2021-05-11,2021,142,Minnesota Twins,145,Chicago White Sox,3,9,1
634149,2021-05-11,2021,135,San Diego Padres,115,Colorado Rockies,8,1,0
634156,2021-05-11,2021,108,Los Angeles Angels,117,Houston Astros,1,5,1
634159,2021-05-11,2021,138,St. Louis Cardinals,158,Milwaukee Brewers,6,1,0
634163,2021-05-11,2021,141,Toronto Blue Jays,144,Atlanta Braves,5,3,0
634164,2021-05-11,2021,140,Texas Rangers,137,San Francisco Giants,2,4,1
634169,2021-05-11,2021,147,New York Yankees,139,Tampa Bay Rays,3,1,0
634170,2021-05-11,2021,110,Baltimore Orioles,121,New York Mets,2,3,1
634174,2021-05-11,2021,113,Cincinnati Reds,134,Pittsburgh Pirates,2,7,1
634179,2021-05-11,2021,118,Kansas City Royals,116,Detroit Tigers,7,8,1
634180,2021-05-11,2021,146,Miami Marlins,109,Arizona Diamondbacks,3,11,1
634189,2021-05-11,2021,112,Chicago Cubs,114,Cleveland Indians,2,3,1
634202,2021-05-11,2021,133,Oakland Athletics,111,Boston Red Sox,3,2,0
634128,2021-05-12,2021,110,Baltimore Orioles,121,New York Mets,1,7,1
634129,2021-05-12,2021,112,Chicago Cubs,114,Cleveland Indians,1,2,1
634137,2021-05-12,2021,113,Cincinnati Reds,134,Pittsburgh Pirates,5,1,0
634140,2021-05-12,2021,136,Seattle Mariners,119,Los Angeles Dodgers,1,7,1
634151,2021-05-12,2021,143,Philadelphia Phillies,120,Washington Nationals,5,2,0
634154,2021-05-12,2021,133,Oakland Athletics,111,Boston Red Sox,4,1,0
634155,2021-05-12,2021,135,San Diego Padres,115,Colorado Rockies,2,3,1
634160,2021-05-12,2021,142,Minnesota Twins,145,Chicago White Sox,8,13,1
634172,2021-05-12,2021,108,Los Angeles Angels,117,Houston Astros,1,9,1
634183,2021-05-12,2021,146,Miami Marlins,109,Arizona Diamondbacks,3,2,0
634186,2021-05-12,2021,118,Kansas City Royals,116,Detroit Tigers,2,4,1
634198,2021-05-12,2021,138,St. Louis Cardinals,158,Milwaukee Brewers,1,4,1
634208,2021-05-12,2021,135,San Diego Padres,115,Colorado Rockies,5,3,0
634210,2021-05-12,2021,147,New York Yankees,139,Tampa Bay Rays,1,0,0
634238,2021-05-12,2021,141,Toronto Blue Jays,144,Atlanta Braves,4,1,0
634103,2021-05-13,2021,143,Philadelphia Phillies,120,Washington Nationals,1,5,1
634113,2021-05-13,2021,137,San Francisco Giants,134,Pittsburgh Pirates,3,1,0
634114,2021-05-13,2021,141,Toronto Blue Jays,144,Atlanta Braves,8,4,0
634117,2021-05-13,2021,118,Kansas City Royals,116,Detroit Tigers,3,4,1
634125,2021-05-13,2021,142,Minnesota Twins,145,Chicago White Sox,2,4,1
634126,2021-05-13,2021,147,New York Yankees,139,Tampa Bay Rays,1,9,1
634135,2021-05-13,2021,114,Cleveland Indians,136,Seattle Mariners,4,2,0
634136,2021-05-13,2021,146,Miami Marlins,109,Arizona Diamondbacks,5,1,0
634141,2021-05-13,2021,140,Texas Rangers,117,Houston Astros,3,4,1
634150,2021-05-13,2021,133,Oakland Athletics,111,Boston Red Sox,1,8,1
634158,2021-05-13,2021,138,St. Louis Cardinals,158,Milwaukee Brewers,2,0,0
634191,2021-05-13,2021,113,Cincinnati Reds,115,Colorado Rockies,8,13,1
634093,2021-05-14,2021,121,New York Mets,139,Tampa Bay Rays,2,3,1
634108,2021-05-14,2021,137,San Francisco Giants,134,Pittsburgh Pirates,2,3,1
634110,2021-05-14,2021,114,Cleveland Indians,136,Seattle Mariners,3,7,1
634118,2021-05-14,2021,144,Atlanta Braves,158,Milwaukee Brewers,6,3,0
634119,2021-05-14,2021,143,Philadelphia Phillies,141,Toronto Blue Jays,5,1,0
634121,2021-05-14,2021,113,Cincinnati Reds,115,Colorado Rockies,6,9,1
634123,2021-05-14,2021,140,Texas Rangers,117,Houston Astros,4,10,1
634131,2021-05-14,2021,133,Oakland Athletics,142,Minnesota Twins,6,1,0
634132,2021-05-14,2021,138,St. Louis Cardinals,135,San Diego Padres,4,5,1
634138,2021-05-14,2021,108,Los Angeles Angels,111,Boston Red Sox,3,4,1
634145,2021-05-14,2021,146,Miami Marlins,119,Los Angeles Dodgers,6,9,1
634146,2021-05-14,2021,147,New York Yankees,110,Baltimore Orioles,5,4,0
634162,2021-05-14,2021,120,Washington Nationals,109,Arizona Diamondbacks,17,2,0
634166,2021-05-14,2021,118,Kansas City Royals,145,Chicago White Sox,1,3,1
634206,2021-05-14,2021,112,Chicago Cubs,116,Detroit Tigers,4,2,0
634656,2021-05-14,2021,118,Kansas City Royals,145,Chicago White Sox,6,2,0
634080,2021-05-15,2021,133,Oakland Athletics,142,Minnesota Twins,4,5,1
634084,2021-05-15,2021,114,Cleveland Indians,136,Seattle Mariners,3,7,1
634085,2021-05-15,2021,137,San Francisco Giants,134,Pittsburgh Pirates,6,8,1
634095,2021-05-15,2021,108,Los Angeles Angels,111,Boston Red Sox,0,9,1
634096,2021-05-15,2021,146,Miami Marlins,119,Los Angeles Dodgers,0,7,1
634097,2021-05-15,2021,120,Washington Nationals,109,Arizona Diamondbacks,4,11,1
634104,2021-05-15,2021,147,New York Yankees,110,Baltimore Orioles,8,2,0
634105,2021-05-15,2021,121,New York Mets,139,Tampa Bay Rays,5,12,1
634106,2021-05-15,2021,144,Atlanta Braves,158,Milwaukee Brewers,5,1,0
634111,2021-05-15,2021,112,Chicago Cubs,116,Detroit Tigers,8,9,1
634127,2021-05-15,2021,118,Kansas City Royals,145,Chicago White Sox,5,1,0
634139,2021-05-15,2021,143,Philadelphia Phillies,141,Toronto Blue Jays,0,4,1
634143,2021-05-15,2021,138,St. Louis Cardinals,135,San Diego Padres,3,13,1
634148,2021-05-15,2021,113,Cincinnati Reds,115,Colorado Rockies,6,5,0
634161,2021-05-15,2021,140,Texas Rangers,117,Houston Astros,5,6,1
634068,2021-05-16,2021,140,Texas Rangers,117,Houston Astros,2,6,1
634069,2021-05-16,2021,143,Philadelphia Phillies,141,Toronto Blue Jays,8,10,1
634071,2021-05-16,2021,121,New York Mets,139,Tampa Bay Rays,1,7,1
634083,2021-05-16,2021,112,Chicago Cubs,116,Detroit Tigers,5,1,0
634086,2021-05-16,2021,147,New York Yankees,110,Baltimore Orioles,6,10,1
634087,2021-05-16,2021,114,Cleveland Indians,136,Seattle Mariners,2,3,1
634090,2021-05-16,2021,138,St. Louis Cardinals,135,San Diego Padres,3,5,1
634094,2021-05-16,2021,137,San Francisco Giants,134,Pittsburgh Pirates,4,1,0
634098,2021-05-16,2021,113,Cincinnati Reds,115,Colorado Rockies,7,6,0
634100,2021-05-16,2021,108,Los Angeles Angels,111,Boston Red Sox,6,5,0
634122,2021-05-16,2021,146,Miami Marlins,119,Los Angeles Dodgers,3,2,0
634124,2021-05-16,2021,118,Kansas City Royals,145,Chicago White Sox,3,4,1
634130,2021-05-16,2021,120,Washington Nationals,109,Arizona Diamondbacks,3,0,0
634134,2021-05-16,2021,144,Atlanta Braves,158,Milwaukee Brewers,9,10,1
634188,2021-05-16,2021,133,Oakland Athletics,142,Minnesota Twins,7,6,0
634057,2021-05-17,2021,115,Colorado Rockies,135,San Diego Padres,0,7,1
634063,2021-05-17,2021,121,New York Mets,144,Atlanta Braves,3,1,0
634070,2021-05-17,2021,137,San Francisco Giants,113,Cincinnati Reds,6,3,0
634076,2021-05-17,2021,120,Washington Nationals,112,Chicago Cubs,3,7,1
634077,2021-05-17,2021,145,Chicago White Sox,142,Minnesota Twins,16,4,0
634082,2021-05-17,2021,116,Detroit Tigers,136,Seattle Mariners,4,1,0
634091,2021-05-17,2021,109,Arizona Diamondbacks,119,Los Angeles Dodgers,1,3,1
634099,2021-05-17,2021,147,New York Yankees,140,Texas Rangers,2,5,1
634101,2021-05-17,2021,114,Cleveland Indians,108,Los Angeles Angels,4,7,1
634043,2021-05-18,2021,158,Milwaukee Brewers,118,Kansas City Royals,0,2,1
634050,2021-05-18,2021,117,Houston Astros,133,Oakland Athletics,5,6,1
634051,2021-05-18,2021,146,Miami Marlins,143,Philadelphia Phillies,3,8,1
634052,2021-05-18,2021,120,Washington Nationals,112,Chicago Cubs,3,6,1
634058,2021-05-18,2021,137,San Francisco Giants,113,Cincinnati Reds,4,2,0
634065,2021-05-18,2021,115,Colorado Rockies,135,San Diego Padres,1,2,1
634067,2021-05-18,2021,147,New York Yankees,140,Texas Rangers,7,4,0
634073,2021-05-18,2021,145,Chicago White Sox,142,Minnesota Twins,4,5,1
634075,2021-05-18,2021,139,Tampa Bay Rays,110,Baltimore Orioles,13,6,0
634092,2021-05-18,2021,109,Arizona Diamondbacks,119,Los Angeles Dodgers,1,9,1
634102,2021-05-18,2021,114,Cleveland Indians,108,Los Angeles Angels,6,5,0
634107,2021-05-18,2021,121,New York Mets,144,Atlanta Braves,4,3,0
634109,2021-05-18,2021,134,Pittsburgh Pirates,138,St. Louis Cardinals,2,5,1
634115,2021-05-18,2021,116,Detroit Tigers,136,Seattle Mariners,5,0,0
634133,2021-05-18,2021,111,Boston Red Sox,141,Toronto Blue Jays,0,8,1
634026,2021-05-19,2021,134,Pittsburgh Pirates,138,St. Louis Cardinals,5,8,1
634029,2021-05-19,2021,114,Cleveland Indians,108,Los Angeles Angels,3,2,0
634030,2021-05-19,2021,145,Chicago White Sox,142,Minnesota Twins,2,1,0
634031,2021-05-19,2021,115,Colorado Rockies,135,San Diego Padres,0,3,1
634033,2021-05-19,2021,109,Arizona Diamondbacks,119,Los Angeles Dodgers,2,4,1
634034,2021-05-19,2021,117,Houston Astros,133,Oakland Athletics,8,1,0
634037,2021-05-19,2021,158,Milwaukee Brewers,118,Kansas City Royals,4,6,1
634044,2021-05-19,2021,146,Miami Marlins,143,Philadelphia Phillies,3,1,0
634046,2021-05-19,2021,116,Detroit Tigers,136,Seattle Mariners,6,2,0
634053,2021-05-19,2021,120,Washington Nationals,112,Chicago Cubs,4,3,0
634055,2021-05-19,2021,139,Tampa Bay Rays,110,Baltimore Orioles,9,7,0
634061,2021-05-19,2021,137,San Francisco Giants,113,Cincinnati Reds,4,0,0
634066,2021-05-19,2021,121,New York Mets,144,Atlanta Braves,4,5,1
634116,2021-05-19,2021,111,Boston Red Sox,141,Toronto Blue Jays,7,3,0
634168,2021-05-19,2021,147,New York Yankees,140,Texas Rangers,2,0,0
634018,2021-05-20,2021,111,Boston Red Sox,141,Toronto Blue Jays,8,7,0
634020,2021-05-20,2021,137,San Francisco Giants,113,Cincinnati Reds,19,4,0
634039,2021-05-20,2021,146,Miami Marlins,143,Philadelphia Phillies,6,0,0
634041,2021-05-20,2021,134,Pittsburgh Pirates,144,Atlanta Braves,6,4,0
634045,2021-05-20,2021,117,Houston Astros,133,Oakland Athletics,8,4,0
634047,2021-05-20,2021,147,New York Yankees,140,Texas Rangers,2,0,0
634059,2021-05-20,2021,109,Arizona Diamondbacks,119,Los Angeles Dodgers,2,3,1
634112,2021-05-20,2021,120,Washington Nationals,112,Chicago Cubs,2,5,1
634120,2021-05-20,2021,139,Tampa Bay Rays,110,Baltimore Orioles,10,1,0
634441,2021-05-20,2021,142,Minnesota Twins,108,Los Angeles Angels,6,3,0
634465,2021-05-20,2021,142,Minnesota Twins,108,Los Angeles Angels,1,7,1
634008,2021-05-21,2021,117,Houston Astros,140,Texas Rangers,5,7,1
634012,2021-05-21,2021,110,Baltimore Orioles,120,Washington Nationals,2,4,1
634013,2021-05-21,2021,119,Los Angeles Dodgers,137,San Francisco Giants,2,1,0
634014,2021-05-21,2021,145,Chicago White Sox,147,New York Yankees,1,2,1
634015,2021-05-21,2021,142,Minnesota Twins,114,Cleveland Indians,10,0,0
634016,2021-05-21,2021,109,Arizona Diamondbacks,115,Colorado Rockies,1,7,1
634019,2021-05-21,2021,136,Seattle Mariners,135,San Diego Padres,1,16,1
634022,2021-05-21,2021,112,Chicago Cubs,138,St. Louis Cardinals,12,3,0
634027,2021-05-21,2021,158,Milwaukee Brewers,113,Cincinnati Reds,4,9,1
634028,2021-05-21,2021,133,Oakland Athletics,108,Los Angeles Angels,8,4,0
634036,2021-05-21,2021,134,Pittsburgh Pirates,144,Atlanta Braves,1,20,1
634054,2021-05-21,2021,111,Boston Red Sox,143,Philadelphia Phillies,11,3,0
634078,2021-05-21,2021,139,Tampa Bay Rays,141,Toronto Blue Jays,9,7,0
634088,2021-05-21,2021,116,Detroit Tigers,118,Kansas City Royals,7,5,0
634089,2021-05-21,2021,121,New York Mets,146,Miami Marlins,6,5,0
633984,2021-05-22,2021,111,Boston Red Sox,143,Philadelphia Phillies,4,3,0
633991,2021-05-22,2021,136,Seattle Mariners,135,San Diego Padres,4,6,1
633999,2021-05-22,2021,121,New York Mets,146,Miami Marlins,1,3,1
634000,2021-05-22,2021,133,Oakland Athletics,108,Los Angeles Angels,6,2,0
634001,2021-05-22,2021,116,Detroit Tigers,118,Kansas City Royals,5,7,1
634010,2021-05-22,2021,109,Arizona Diamondbacks,115,Colorado Rockies,6,7,1
634011,2021-05-22,2021,119,Los Angeles Dodgers,137,San Francisco Giants,6,3,0
634017,2021-05-22,2021,158,Milwaukee Brewers,113,Cincinnati Reds,4,3,0
634032,2021-05-22,2021,112,Chicago Cubs,138,St. Louis Cardinals,1,2,1
634035,2021-05-22,2021,145,Chicago White Sox,147,New York Yankees,0,7,1
634038,2021-05-22,2021,142,Minnesota Twins,114,Cleveland Indians,3,5,1
634049,2021-05-22,2021,134,Pittsburgh Pirates,144,Atlanta Braves,1,6,1
634062,2021-05-22,2021,110,Baltimore Orioles,120,Washington Nationals,9,12,1
634079,2021-05-22,2021,117,Houston Astros,140,Texas Rangers,4,8,1
634081,2021-05-22,2021,139,Tampa Bay Rays,141,Toronto Blue Jays,3,1,0
633973,2021-05-23,2021,112,Chicago Cubs,138,St. Louis Cardinals,2,1,0
633975,2021-05-23,2021,139,Tampa Bay Rays,141,Toronto Blue Jays,6,4,0
633977,2021-05-23,2021,110,Baltimore Orioles,120,Washington Nationals,5,6,1
633980,2021-05-23,2021,119,Los Angeles Dodgers,137,San Francisco Giants,11,5,0
633985,2021-05-23,2021,133,Oakland Athletics,108,Los Angeles Angels,5,6,1
633989,2021-05-23,2021,158,Milwaukee Brewers,113,Cincinnati Reds,9,4,0
633995,2021-05-23,2021,109,Arizona Diamondbacks,115,Colorado Rockies,3,4,1
633996,2021-05-23,2021,136,Seattle Mariners,135,San Diego Padres,2,9,1
633998,2021-05-23,2021,121,New York Mets,146,Miami Marlins,1,5,1
634002,2021-05-23,2021,116,Detroit Tigers,118,Kansas City Royals,2,3,1
634004,2021-05-23,2021,111,Boston Red Sox,143,Philadelphia Phillies,2,6,1
634007,2021-05-23,2021,142,Minnesota Twins,114,Cleveland Indians,8,5,0
634009,2021-05-23,2021,145,Chicago White Sox,147,New York Yankees,4,5,1
634025,2021-05-23,2021,117,Houston Astros,140,Texas Rangers,2,3,1
634060,2021-05-23,2021,134,Pittsburgh Pirates,144,Atlanta Braves,1,7,1
633955,2021-05-24,2021,136,Seattle Mariners,133,Oakland Athletics,4,2,0
633963,2021-05-24,2021,139,Tampa Bay Rays,141,Toronto Blue Jays,14,8,0
633976,2021-05-24,2021,143,Philadelphia Phillies,146,Miami Marlins,6,9,1
633981,2021-05-24,2021,114,Cleveland Indians,116,Detroit Tigers,6,5,0
633982,2021-05-24,2021,110,Baltimore Orioles,142,Minnesota Twins,3,8,1
633992,2021-05-24,2021,135,San Diego Padres,158,Milwaukee Brewers,3,5,1
633994,2021-05-24,2021,138,St. Louis Cardinals,145,Chicago White Sox,1,5,1
634056,2021-05-24,2021,115,Colorado Rockies,121,New York Mets,3,2,0
633941,2021-05-25,2021,112,Chicago Cubs,134,Pittsburgh Pirates,4,3,0
633945,2021-05-25,2021,136,Seattle Mariners,133,Oakland Athletics,4,3,0
633951,2021-05-25,2021,138,St. Louis Cardinals,145,Chicago White Sox,3,8,1
633953,2021-05-25,2021,119,Los Angeles Dodgers,117,Houston Astros,9,2,0
633956,2021-05-25,2021,141,Toronto Blue Jays,147,New York Yankees,6,2,0
633958,2021-05-25,2021,144,Atlanta Braves,111,Boston Red Sox,3,1,0
633962,2021-05-25,2021,135,San Diego Padres,158,Milwaukee Brewers,7,1,0
633965,2021-05-25,2021,113,Cincinnati Reds,120,Washington Nationals,2,1,0
633969,2021-05-25,2021,143,Philadelphia Phillies,146,Miami Marlins,2,0,0
633970,2021-05-25,2021,114,Cleveland Indians,116,Detroit Tigers,4,1,0
633972,2021-05-25,2021,140,Texas Rangers,108,Los Angeles Angels,5,11,1
633979,2021-05-25,2021,137,San Francisco Giants,109,Arizona Diamondbacks,8,0,0
633990,2021-05-25,2021,118,Kansas City Royals,139,Tampa Bay Rays,2,1,0
634023,2021-05-25,2021,115,Colorado Rockies,121,New York Mets,1,3,1
634048,2021-05-25,2021,110,Baltimore Orioles,142,Minnesota Twins,4,7,1
633890,2021-05-26,2021,113,Cincinnati Reds,120,Washington Nationals,3,5,1
633890,2021-05-26,2021,113,Cincinnati Reds,120,Washington Nationals,3,5,1
633901,2021-05-26,2021,143,Philadelphia Phillies,146,Miami Marlins,2,4,1
633927,2021-05-26,2021,135,San Diego Padres,158,Milwaukee Brewers,2,1,0
633928,2021-05-26,2021,110,Baltimore Orioles,142,Minnesota Twins,2,3,1
633939,2021-05-26,2021,137,San Francisco Giants,109,Arizona Diamondbacks,5,4,0
633940,2021-05-26,2021,140,Texas Rangers,108,Los Angeles Angels,8,9,1
633967,2021-05-26,2021,112,Chicago Cubs,134,Pittsburgh Pirates,4,1,0
633971,2021-05-26,2021,138,St. Louis Cardinals,145,Chicago White Sox,4,0,0
633986,2021-05-26,2021,114,Cleveland Indians,116,Detroit Tigers,0,1,1
633993,2021-05-26,2021,144,Atlanta Braves,111,Boston Red Sox,5,9,1
634021,2021-05-26,2021,119,Los Angeles Dodgers,117,Houston Astros,2,5,1
634064,2021-05-26,2021,118,Kansas City Royals,139,Tampa Bay Rays,1,2,1
634074,2021-05-26,2021,136,Seattle Mariners,133,Oakland Athletics,3,6,1
633888,2021-05-27,2021,112,Chicago Cubs,134,Pittsburgh Pirates,5,3,0
633910,2021-05-27,2021,141,Toronto Blue Jays,147,New York Yankees,3,5,1
633912,2021-05-27,2021,115,Colorado Rockies,121,New York Mets,2,4,1
633914,2021-05-27,2021,138,St. Louis Cardinals,109,Arizona Diamondbacks,5,4,0
633915,2021-05-27,2021,118,Kansas City Royals,139,Tampa Bay Rays,2,7,1
633922,2021-05-27,2021,115,Colorado Rockies,121,New York Mets,0,1,1
633924,2021-05-27,2021,110,Baltimore Orioles,145,Chicago White Sox,1,5,1
633930,2021-05-27,2021,137,San Francisco Giants,119,Los Angeles Dodgers,3,4,1
633934,2021-05-27,2021,140,Texas Rangers,136,Seattle Mariners,0,5,1
633937,2021-05-27,2021,135,San Diego Padres,158,Milwaukee Brewers,5,6,1
633943,2021-05-27,2021,114,Cleveland Indians,116,Detroit Tigers,5,2,0
633957,2021-05-27,2021,143,Philadelphia Phillies,146,Miami Marlins,3,2,0
633964,2021-05-27,2021,108,Los Angeles Angels,133,Oakland Athletics,0,5,1
633974,2021-05-27,2021,141,Toronto Blue Jays,147,New York Yankees,2,0,0
634003,2021-05-27,2021,113,Cincinnati Reds,120,Washington Nationals,3,0,0
633918,2021-05-28,2021,135,San Diego Padres,117,Houston Astros,10,3,0
633921,2021-05-28,2021,137,San Francisco Giants,119,Los Angeles Dodgers,8,5,0
633932,2021-05-28,2021,118,Kansas City Royals,142,Minnesota Twins,8,3,0
633961,2021-05-28,2021,147,New York Yankees,116,Detroit Tigers,2,3,1
633966,2021-05-28,2021,141,Toronto Blue Jays,114,Cleveland Indians,11,2,0
633987,2021-05-28,2021,138,St. Louis Cardinals,109,Arizona Diamondbacks,8,6,0
633997,2021-05-28,2021,140,Texas Rangers,136,Seattle Mariners,2,3,1
634006,2021-05-28,2021,108,Los Angeles Angels,133,Oakland Athletics,1,3,1
634024,2021-05-28,2021,113,Cincinnati Reds,112,Chicago Cubs,0,1,1
634040,2021-05-28,2021,146,Miami Marlins,111,Boston Red Sox,2,5,1
633874,2021-05-29,2021,135,San Diego Padres,117,Houston Astros,11,8,0
633875,2021-05-29,2021,113,Cincinnati Reds,112,Chicago Cubs,2,10,1
633887,2021-05-29,2021,110,Baltimore Orioles,145,Chicago White Sox,1,3,1
633894,2021-05-29,2021,143,Philadelphia Phillies,139,Tampa Bay Rays,3,5,1
633903,2021-05-29,2021,146,Miami Marlins,111,Boston Red Sox,1,3,1
633913,2021-05-29,2021,138,St. Louis Cardinals,109,Arizona Diamondbacks,7,4,0
633916,2021-05-29,2021,158,Milwaukee Brewers,120,Washington Nationals,4,1,0
633929,2021-05-29,2021,108,Los Angeles Angels,133,Oakland Athletics,4,0,0
633936,2021-05-29,2021,115,Colorado Rockies,134,Pittsburgh Pirates,0,4,1
633938,2021-05-29,2021,137,San Francisco Giants,119,Los Angeles Dodgers,11,6,0
633944,2021-05-29,2021,118,Kansas City Royals,142,Minnesota Twins,5,6,1
633947,2021-05-29,2021,140,Texas Rangers,136,Seattle Mariners,2,3,1
633949,2021-05-29,2021,147,New York Yankees,116,Detroit Tigers,1,6,1
633950,2021-05-29,2021,158,Milwaukee Brewers,120,Washington Nationals,6,2,0
633959,2021-05-29,2021,144,Atlanta Braves,121,New York Mets,2,13,1
633960,2021-05-29,2021,110,Baltimore Orioles,145,Chicago White Sox,4,7,1
634005,2021-05-29,2021,115,Colorado Rockies,134,Pittsburgh Pirates,0,7,1
633854,2021-05-30,2021,147,New York Yankees,116,Detroit Tigers,2,6,1
633872,2021-05-30,2021,110,Baltimore Orioles,145,Chicago White Sox,1,3,1
633881,2021-05-30,2021,118,Kansas City Royals,142,Minnesota Twins,6,3,0
633889,2021-05-30,2021,108,Los Angeles Angels,133,Oakland Athletics,4,2,0
633892,2021-05-30,2021,143,Philadelphia Phillies,139,Tampa Bay Rays,2,6,1
633923,2021-05-30,2021,137,San Francisco Giants,119,Los Angeles Dodgers,5,4,0
633931,2021-05-30,2021,113,Cincinnati Reds,112,Chicago Cubs,5,1,0
633933,2021-05-30,2021,158,Milwaukee Brewers,120,Washington Nationals,3,0,0
633935,2021-05-30,2021,141,Toronto Blue Jays,114,Cleveland Indians,4,1,0
633942,2021-05-30,2021,135,San Diego Padres,117,Houston Astros,4,7,1
633946,2021-05-30,2021,138,St. Louis Cardinals,109,Arizona Diamondbacks,2,9,1
633968,2021-05-30,2021,140,Texas Rangers,136,Seattle Mariners,2,4,1
633978,2021-05-30,2021,115,Colorado Rockies,134,Pittsburgh Pirates,4,3,0
634042,2021-05-30,2021,141,Toronto Blue Jays,114,Cleveland Indians,5,6,1
633849,2021-05-31,2021,133,Oakland Athletics,136,Seattle Mariners,5,6,1
633851,2021-05-31,2021,138,St. Louis Cardinals,119,Los Angeles Dodgers,4,9,1
633870,2021-05-31,2021,135,San Diego Padres,112,Chicago Cubs,2,7,1
633884,2021-05-31,2021,145,Chicago White Sox,114,Cleveland Indians,8,6,0
633896,2021-05-31,2021,111,Boston Red Sox,117,Houston Astros,2,11,1
633897,2021-05-31,2021,108,Los Angeles Angels,137,San Francisco Giants,1,6,1
633898,2021-05-31,2021,139,Tampa Bay Rays,147,New York Yankees,3,1,0
633900,2021-05-31,2021,134,Pittsburgh Pirates,118,Kansas City Royals,3,7,1
633917,2021-05-31,2021,120,Washington Nationals,144,Atlanta Braves,3,5,1
633919,2021-05-31,2021,142,Minnesota Twins,110,Baltimore Orioles,3,2,0
633926,2021-05-31,2021,121,New York Mets,109,Arizona Diamondbacks,6,2,0
633948,2021-05-31,2021,116,Detroit Tigers,158,Milwaukee Brewers,2,3,1
633983,2021-05-31,2021,143,Philadelphia Phillies,113,Cincinnati Reds,1,11,1
634452,2021-05-31,2021,145,Chicago White Sox,114,Cleveland Indians,1,3,1
633856,2021-06-01,2021,142,Minnesota Twins,110,Baltimore Orioles,4,7,1
633857,2021-06-01,2021,146,Miami Marlins,141,Toronto Blue Jays,1,5,1
633861,2021-06-01,2021,139,Tampa Bay Rays,147,New York Yankees,3,5,1
633863,2021-06-01,2021,120,Washington Nationals,144,Atlanta Braves,11,6,0
633864,2021-06-01,2021,108,Los Angeles Angels,137,San Francisco Giants,8,1,0
633868,2021-06-01,2021,143,Philadelphia Phillies,113,Cincinnati Reds,17,3,0
633871,2021-06-01,2021,133,Oakland Athletics,136,Seattle Mariners,12,6,0
633873,2021-06-01,2021,111,Boston Red Sox,117,Houston Astros,1,5,1
633877,2021-06-01,2021,145,Chicago White Sox,114,Cleveland Indians,5,6,1
633878,2021-06-01,2021,116,Detroit Tigers,158,Milwaukee Brewers,10,7,0
633879,2021-06-01,2021,138,St. Louis Cardinals,119,Los Angeles Dodgers,3,2,0
633880,2021-06-01,2021,135,San Diego Padres,112,Chicago Cubs,3,4,1
633885,2021-06-01,2021,121,New York Mets,109,Arizona Diamondbacks,5,6,1
633891,2021-06-01,2021,134,Pittsburgh Pirates,118,Kansas City Royals,5,10,1
633895,2021-06-01,2021,140,Texas Rangers,115,Colorado Rockies,2,3,1
633834,2021-06-02,2021,121,New York Mets,109,Arizona Diamondbacks,7,6,0
633842,2021-06-02,2021,111,Boston Red Sox,117,Houston Astros,1,2,1
633844,2021-06-02,2021,146,Miami Marlins,141,Toronto Blue Jays,5,6,1
633848,2021-06-02,2021,140,Texas Rangers,115,Colorado Rockies,3,6,1
633853,2021-06-02,2021,142,Minnesota Twins,110,Baltimore Orioles,3,6,1
633855,2021-06-02,2021,135,San Diego Padres,112,Chicago Cubs,1,6,1
633882,2021-06-02,2021,139,Tampa Bay Rays,147,New York Yankees,3,4,1
633883,2021-06-02,2021,120,Washington Nationals,144,Atlanta Braves,5,3,0
633954,2021-06-02,2021,133,Oakland Athletics,136,Seattle Mariners,6,0,0
633988,2021-06-02,2021,138,St. Louis Cardinals,119,Los Angeles Dodgers,3,14,1
633809,2021-06-03,2021,113,Cincinnati Reds,138,St. Louis Cardinals,4,2,0
633819,2021-06-03,2021,139,Tampa Bay Rays,147,New York Yankees,9,2,0
633823,2021-06-03,2021,112,Chicago Cubs,137,San Francisco Giants,2,7,1
633831,2021-06-03,2021,111,Boston Red Sox,117,Houston Astros,5,1,0
633832,2021-06-03,2021,136,Seattle Mariners,108,Los Angeles Angels,6,2,0
633833,2021-06-03,2021,142,Minnesota Twins,118,Kansas City Royals,5,6,1
633835,2021-06-03,2021,146,Miami Marlins,134,Pittsburgh Pirates,3,5,1
633836,2021-06-03,2021,120,Washington Nationals,144,Atlanta Braves,1,5,1
633841,2021-06-03,2021,121,New York Mets,135,San Diego Padres,3,4,1
633859,2021-06-03,2021,116,Detroit Tigers,145,Chicago White Sox,1,4,1
633860,2021-06-03,2021,140,Texas Rangers,115,Colorado Rockies,6,11,1
633876,2021-06-03,2021,109,Arizona Diamondbacks,158,Milwaukee Brewers,4,7,1
633815,2021-06-04,2021,117,Houston Astros,141,Toronto Blue Jays,13,1,0
633816,2021-06-04,2021,121,New York Mets,135,San Diego Padres,0,2,1
633817,2021-06-04,2021,112,Chicago Cubs,137,San Francisco Giants,5,8,1
633818,2021-06-04,2021,114,Cleveland Indians,110,Baltimore Orioles,1,3,1
633820,2021-06-04,2021,119,Los Angeles Dodgers,144,Atlanta Braves,9,5,0
633824,2021-06-04,2021,111,Boston Red Sox,147,New York Yankees,5,2,0
633825,2021-06-04,2021,113,Cincinnati Reds,138,St. Louis Cardinals,6,4,0
633830,2021-06-04,2021,139,Tampa Bay Rays,140,Texas Rangers,4,5,1
633837,2021-06-04,2021,136,Seattle Mariners,108,Los Angeles Angels,2,3,1
633838,2021-06-04,2021,142,Minnesota Twins,118,Kansas City Royals,5,14,1
633840,2021-06-04,2021,116,Detroit Tigers,145,Chicago White Sox,8,9,1
633846,2021-06-04,2021,109,Arizona Diamondbacks,158,Milwaukee Brewers,1,5,1
633858,2021-06-04,2021,146,Miami Marlins,134,Pittsburgh Pirates,2,9,1
633862,2021-06-04,2021,120,Washington Nationals,143,Philadelphia Phillies,2,1,0
633865,2021-06-04,2021,133,Oakland Athletics,115,Colorado Rockies,9,5,0
633787,2021-06-05,2021,146,Miami Marlins,134,Pittsburgh Pirates,7,8,1
633795,2021-06-05,2021,120,Washington Nationals,143,Philadelphia Phillies,2,5,1
633797,2021-06-05,2021,113,Cincinnati Reds,138,St. Louis Cardinals,5,2,0
633799,2021-06-05,2021,142,Minnesota Twins,118,Kansas City Royals,5,4,0
633800,2021-06-05,2021,117,Houston Astros,141,Toronto Blue Jays,2,6,1
633807,2021-06-05,2021,114,Cleveland Indians,110,Baltimore Orioles,10,4,0
633821,2021-06-05,2021,121,New York Mets,135,San Diego Padres,4,0,0
633827,2021-06-05,2021,109,Arizona Diamondbacks,158,Milwaukee Brewers,5,7,1
633828,2021-06-05,2021,119,Los Angeles Dodgers,144,Atlanta Braves,4,6,1
633839,2021-06-05,2021,139,Tampa Bay Rays,140,Texas Rangers,3,0,0
633845,2021-06-05,2021,136,Seattle Mariners,108,Los Angeles Angels,5,12,1
633850,2021-06-05,2021,133,Oakland Athletics,115,Colorado Rockies,6,3,0
633852,2021-06-05,2021,111,Boston Red Sox,147,New York Yankees,7,3,0
633886,2021-06-05,2021,112,Chicago Cubs,137,San Francisco Giants,3,4,1
633920,2021-06-05,2021,116,Detroit Tigers,145,Chicago White Sox,4,3,0
633774,2021-06-06,2021,116,Detroit Tigers,145,Chicago White Sox,0,3,1
633780,2021-06-06,2021,117,Houston Astros,141,Toronto Blue Jays,6,3,0
633786,2021-06-06,2021,120,Washington Nationals,143,Philadelphia Phillies,6,12,1
633794,2021-06-06,2021,146,Miami Marlins,134,Pittsburgh Pirates,3,1,0
633798,2021-06-06,2021,109,Arizona Diamondbacks,158,Milwaukee Brewers,0,2,1
633802,2021-06-06,2021,139,Tampa Bay Rays,140,Texas Rangers,7,1,0
633806,2021-06-06,2021,121,New York Mets,135,San Diego Padres,6,2,0
633808,2021-06-06,2021,113,Cincinnati Reds,138,St. Louis Cardinals,8,7,0
633810,2021-06-06,2021,119,Los Angeles Dodgers,144,Atlanta Braves,2,4,1
633812,2021-06-06,2021,111,Boston Red Sox,147,New York Yankees,6,5,0
633814,2021-06-06,2021,114,Cleveland Indians,110,Baltimore Orioles,5,18,1
633843,2021-06-06,2021,136,Seattle Mariners,108,Los Angeles Angels,9,5,0
633847,2021-06-06,2021,133,Oakland Athletics,115,Colorado Rockies,1,3,1
633869,2021-06-06,2021,112,Chicago Cubs,137,San Francisco Giants,4,3,0
633893,2021-06-06,2021,142,Minnesota Twins,118,Kansas City Royals,2,1,0
633779,2021-06-07,2021,112,Chicago Cubs,135,San Diego Padres,4,9,1
633796,2021-06-07,2021,118,Kansas City Royals,108,Los Angeles Angels,3,8,1
634072,2021-06-07,2021,146,Miami Marlins,111,Boston Red Sox,3,5,1
633752,2021-06-08,2021,137,San Francisco Giants,140,Texas Rangers,9,4,0
633765,2021-06-08,2021,109,Arizona Diamondbacks,133,Oakland Athletics,2,5,1
633766,2021-06-08,2021,120,Washington Nationals,139,Tampa Bay Rays,1,3,1
633772,2021-06-08,2021,119,Los Angeles Dodgers,134,Pittsburgh Pirates,5,3,0
633773,2021-06-08,2021,121,New York Mets,110,Baltimore Orioles,3,10,1
633777,2021-06-08,2021,112,Chicago Cubs,135,San Diego Padres,7,1,0
633778,2021-06-08,2021,114,Cleveland Indians,138,St. Louis Cardinals,10,1,0
633785,2021-06-08,2021,144,Atlanta Braves,143,Philadelphia Phillies,9,5,0
633788,2021-06-08,2021,141,Toronto Blue Jays,145,Chicago White Sox,1,6,1
633793,2021-06-08,2021,117,Houston Astros,111,Boston Red Sox,7,1,0
633801,2021-06-08,2021,158,Milwaukee Brewers,113,Cincinnati Reds,5,1,0
633804,2021-06-08,2021,147,New York Yankees,142,Minnesota Twins,8,4,0
633813,2021-06-08,2021,115,Colorado Rockies,146,Miami Marlins,2,6,1
633822,2021-06-08,2021,136,Seattle Mariners,116,Detroit Tigers,3,5,1
633826,2021-06-08,2021,118,Kansas City Royals,108,Los Angeles Angels,1,8,1
633738,2021-06-09,2021,115,Colorado Rockies,146,Miami Marlins,4,3,0
633739,2021-06-09,2021,112,Chicago Cubs,135,San Diego Padres,3,1,0
633753,2021-06-09,2021,119,Los Angeles Dodgers,134,Pittsburgh Pirates,2,1,0
633756,2021-06-09,2021,137,San Francisco Giants,140,Texas Rangers,3,4,1
633759,2021-06-09,2021,136,Seattle Mariners,116,Detroit Tigers,9,6,0
633764,2021-06-09,2021,144,Atlanta Braves,143,Philadelphia Phillies,1,2,1
633767,2021-06-09,2021,120,Washington Nationals,139,Tampa Bay Rays,9,7,0
633775,2021-06-09,2021,114,Cleveland Indians,138,St. Louis Cardinals,2,8,1
633776,2021-06-09,2021,118,Kansas City Royals,108,Los Angeles Angels,1,6,1
633783,2021-06-09,2021,141,Toronto Blue Jays,145,Chicago White Sox,6,2,0
633784,2021-06-09,2021,109,Arizona Diamondbacks,133,Oakland Athletics,0,4,1
633791,2021-06-09,2021,158,Milwaukee Brewers,113,Cincinnati Reds,3,7,1
633792,2021-06-09,2021,147,New York Yankees,142,Minnesota Twins,9,6,0
633803,2021-06-09,2021,117,Houston Astros,111,Boston Red Sox,8,3,0
633811,2021-06-09,2021,121,New York Mets,110,Baltimore Orioles,14,1,0
633733,2021-06-10,2021,141,Toronto Blue Jays,145,Chicago White Sox,2,5,1
633744,2021-06-10,2021,119,Los Angeles Dodgers,134,Pittsburgh Pirates,6,3,0
633748,2021-06-10,2021,115,Colorado Rockies,146,Miami Marlins,4,11,1
633754,2021-06-10,2021,136,Seattle Mariners,116,Detroit Tigers,3,8,1
633757,2021-06-10,2021,158,Milwaukee Brewers,113,Cincinnati Reds,7,2,0
633758,2021-06-10,2021,117,Houston Astros,111,Boston Red Sox,8,12,1
633762,2021-06-10,2021,144,Atlanta Braves,143,Philadelphia Phillies,3,4,1
633770,2021-06-10,2021,118,Kansas City Royals,133,Oakland Athletics,6,1,0
633790,2021-06-10,2021,147,New York Yankees,142,Minnesota Twins,5,7,1
633717,2021-06-11,2021,118,Kansas City Royals,133,Oakland Athletics,3,4,1
633720,2021-06-11,2021,117,Houston Astros,142,Minnesota Twins,6,4,0
633731,2021-06-11,2021,108,Los Angeles Angels,109,Arizona Diamondbacks,6,5,0
633735,2021-06-11,2021,141,Toronto Blue Jays,111,Boston Red Sox,5,6,1
633741,2021-06-11,2021,115,Colorado Rockies,113,Cincinnati Reds,5,11,1
633742,2021-06-11,2021,138,St. Louis Cardinals,112,Chicago Cubs,5,8,1
633743,2021-06-11,2021,136,Seattle Mariners,114,Cleveland Indians,0,7,1
633746,2021-06-11,2021,137,San Francisco Giants,120,Washington Nationals,1,0,0
633761,2021-06-11,2021,140,Texas Rangers,119,Los Angeles Dodgers,1,12,1
633768,2021-06-11,2021,134,Pittsburgh Pirates,158,Milwaukee Brewers,4,7,1
633771,2021-06-11,2021,135,San Diego Padres,121,New York Mets,2,3,1
633781,2021-06-11,2021,110,Baltimore Orioles,139,Tampa Bay Rays,2,4,1
633782,2021-06-11,2021,144,Atlanta Braves,146,Miami Marlins,3,4,1
633789,2021-06-11,2021,145,Chicago White Sox,116,Detroit Tigers,5,4,0
633698,2021-06-12,2021,137,San Francisco Giants,120,Washington Nationals,2,1,0
633699,2021-06-12,2021,110,Baltimore Orioles,139,Tampa Bay Rays,4,5,1
633704,2021-06-12,2021,144,Atlanta Braves,146,Miami Marlins,2,4,1
633712,2021-06-12,2021,108,Los Angeles Angels,109,Arizona Diamondbacks,8,7,0
633718,2021-06-12,2021,118,Kansas City Royals,133,Oakland Athletics,2,11,1
633721,2021-06-12,2021,145,Chicago White Sox,116,Detroit Tigers,15,2,0
633723,2021-06-12,2021,140,Texas Rangers,119,Los Angeles Dodgers,12,1,0
633725,2021-06-12,2021,136,Seattle Mariners,114,Cleveland Indians,4,5,1
633726,2021-06-12,2021,134,Pittsburgh Pirates,158,Milwaukee Brewers,4,7,1
633730,2021-06-12,2021,115,Colorado Rockies,113,Cincinnati Reds,3,10,1
633732,2021-06-12,2021,135,San Diego Padres,121,New York Mets,1,4,1
633736,2021-06-12,2021,117,Houston Astros,142,Minnesota Twins,2,5,1
633740,2021-06-12,2021,138,St. Louis Cardinals,112,Chicago Cubs,2,7,1
633745,2021-06-12,2021,137,San Francisco Giants,120,Washington Nationals,0,2,1
633751,2021-06-12,2021,141,Toronto Blue Jays,111,Boston Red Sox,7,2,0
633763,2021-06-12,2021,147,New York Yankees,143,Philadelphia Phillies,7,8,1
633688,2021-06-13,2021,145,Chicago White Sox,116,Detroit Tigers,4,1,0
633689,2021-06-13,2021,138,St. Louis Cardinals,112,Chicago Cubs,0,2,1
633690,2021-06-13,2021,136,Seattle Mariners,114,Cleveland Indians,6,2,0
633696,2021-06-13,2021,108,Los Angeles Angels,109,Arizona Diamondbacks,10,3,0
633707,2021-06-13,2021,118,Kansas City Royals,133,Oakland Athletics,3,6,1
633710,2021-06-13,2021,137,San Francisco Giants,120,Washington Nationals,0,5,1
633711,2021-06-13,2021,115,Colorado Rockies,113,Cincinnati Reds,2,6,1
633713,2021-06-13,2021,134,Pittsburgh Pirates,158,Milwaukee Brewers,2,5,1
633715,2021-06-13,2021,147,New York Yankees,143,Philadelphia Phillies,0,7,1
633719,2021-06-13,2021,140,Texas Rangers,119,Los Angeles Dodgers,3,5,1
633722,2021-06-13,2021,135,San Diego Padres,121,New York Mets,7,3,0
633728,2021-06-13,2021,141,Toronto Blue Jays,111,Boston Red Sox,18,4,0
633737,2021-06-13,2021,110,Baltimore Orioles,139,Tampa Bay Rays,1,7,1
633749,2021-06-13,2021,117,Houston Astros,142,Minnesota Twins,14,3,0
633805,2021-06-13,2021,144,Atlanta Braves,146,Miami Marlins,6,4,0
633652,2021-06-14,2021,143,Philadelphia Phillies,119,Los Angeles Dodgers,1,3,1
633655,2021-06-14,2021,116,Detroit Tigers,118,Kansas City Royals,10,3,0
633673,2021-06-14,2021,139,Tampa Bay Rays,145,Chicago White Sox,5,2,0
633678,2021-06-14,2021,112,Chicago Cubs,121,New York Mets,2,5,1
633680,2021-06-14,2021,113,Cincinnati Reds,158,Milwaukee Brewers,10,2,0
633693,2021-06-14,2021,134,Pittsburgh Pirates,120,Washington Nationals,2,3,1
633700,2021-06-14,2021,141,Toronto Blue Jays,111,Boston Red Sox,1,2,1
633703,2021-06-14,2021,135,San Diego Padres,115,Colorado Rockies,2,3,1
633705,2021-06-14,2021,110,Baltimore Orioles,114,Cleveland Indians,3,4,1
633716,2021-06-14,2021,142,Minnesota Twins,136,Seattle Mariners,3,4,1
633727,2021-06-14,2021,146,Miami Marlins,138,St. Louis Cardinals,2,4,1
633729,2021-06-14,2021,108,Los Angeles Angels,133,Oakland Athletics,5,8,1
633734,2021-06-14,2021,109,Arizona Diamondbacks,137,San Francisco Giants,2,5,1
633626,2021-06-15,2021,142,Minnesota Twins,136,Seattle Mariners,0,10,1
633653,2021-06-15,2021,147,New York Yankees,141,Toronto Blue Jays,6,5,0
633656,2021-06-15,2021,108,Los Angeles Angels,133,Oakland Athletics,4,6,1
633675,2021-06-15,2021,143,Philadelphia Phillies,119,Los Angeles Dodgers,3,5,1
633676,2021-06-15,2021,139,Tampa Bay Rays,145,Chicago White Sox,0,3,1
633679,2021-06-15,2021,109,Arizona Diamondbacks,137,San Francisco Giants,8,9,1
633681,2021-06-15,2021,112,Chicago Cubs,121,New York Mets,2,3,1
633684,2021-06-15,2021,134,Pittsburgh Pirates,120,Washington Nationals,1,8,1
633694,2021-06-15,2021,146,Miami Marlins,138,St. Louis Cardinals,1,2,1
633701,2021-06-15,2021,135,San Diego Padres,115,Colorado Rockies,4,8,1
633714,2021-06-15,2021,113,Cincinnati Reds,158,Milwaukee Brewers,2,1,0
633724,2021-06-15,2021,111,Boston Red Sox,144,Atlanta Braves,10,8,0
633755,2021-06-15,2021,116,Detroit Tigers,118,Kansas City Royals,4,3,0
633769,2021-06-15,2021,110,Baltimore Orioles,114,Cleveland Indians,2,7,1
633829,2021-06-15,2021,140,Texas Rangers,117,Houston Astros,3,6,1
633612,2021-06-16,2021,116,Detroit Tigers,118,Kansas City Royals,6,5,0
633619,2021-06-16,2021,140,Texas Rangers,117,Houston Astros,4,8,1
633628,2021-06-16,2021,134,Pittsburgh Pirates,120,Washington Nationals,1,3,1
633630,2021-06-16,2021,112,Chicago Cubs,121,New York Mets,3,6,1
633632,2021-06-16,2021,108,Los Angeles Angels,133,Oakland Athletics,4,8,1
633634,2021-06-16,2021,139,Tampa Bay Rays,145,Chicago White Sox,7,8,1
633645,2021-06-16,2021,109,Arizona Diamondbacks,137,San Francisco Giants,7,13,1
633658,2021-06-16,2021,142,Minnesota Twins,136,Seattle Mariners,7,2,0
633659,2021-06-16,2021,110,Baltimore Orioles,114,Cleveland Indians,7,8,1
633665,2021-06-16,2021,113,Cincinnati Reds,158,Milwaukee Brewers,2,1,0
633677,2021-06-16,2021,143,Philadelphia Phillies,119,Los Angeles Dodgers,2,0,0
633695,2021-06-16,2021,147,New York Yankees,141,Toronto Blue Jays,3,2,0
633706,2021-06-16,2021,135,San Diego Padres,115,Colorado Rockies,7,8,1
633708,2021-06-16,2021,111,Boston Red Sox,144,Atlanta Braves,10,8,0
633709,2021-06-16,2021,146,Miami Marlins,138,St. Louis Cardinals,0,1,1
633617,2021-06-17,2021,113,Cincinnati Reds,135,San Diego Padres,4,6,1
633622,2021-06-17,2021,109,Arizona Diamondbacks,137,San Francisco Giants,3,10,1
633623,2021-06-17,2021,158,Milwaukee Brewers,115,Colorado Rockies,3,7,1
633624,2021-06-17,2021,116,Detroit Tigers,108,Los Angeles Angels,5,7,1
633633,2021-06-17,2021,147,New York Yankees,141,Toronto Blue Jays,8,4,0
633641,2021-06-17,2021,110,Baltimore Orioles,114,Cleveland Indians,3,10,1
633687,2021-06-17,2021,145,Chicago White Sox,117,Houston Astros,2,10,1
633691,2021-06-17,2021,138,St. Louis Cardinals,144,Atlanta Braves,0,4,1
633692,2021-06-17,2021,112,Chicago Cubs,121,New York Mets,2,0,0
633697,2021-06-17,2021,139,Tampa Bay Rays,136,Seattle Mariners,5,6,1
633579,2021-06-18,2021,142,Minnesota Twins,140,Texas Rangers,7,5,0
633584,2021-06-18,2021,114,Cleveland Indians,134,Pittsburgh Pirates,10,11,1
633593,2021-06-18,2021,141,Toronto Blue Jays,110,Baltimore Orioles,1,7,1
633596,2021-06-18,2021,113,Cincinnati Reds,135,San Diego Padres,2,8,1
633600,2021-06-18,2021,143,Philadelphia Phillies,137,San Francisco Giants,3,5,1
633604,2021-06-18,2021,119,Los Angeles Dodgers,109,Arizona Diamondbacks,3,0,0
633607,2021-06-18,2021,138,St. Louis Cardinals,144,Atlanta Braves,1,9,1
633609,2021-06-18,2021,133,Oakland Athletics,147,New York Yankees,5,3,0
633615,2021-06-18,2021,139,Tampa Bay Rays,136,Seattle Mariners,1,5,1
633616,2021-06-18,2021,158,Milwaukee Brewers,115,Colorado Rockies,5,6,1
633618,2021-06-18,2021,121,New York Mets,120,Washington Nationals,0,1,1
633638,2021-06-18,2021,146,Miami Marlins,112,Chicago Cubs,10,2,0
633654,2021-06-18,2021,116,Detroit Tigers,108,Los Angeles Angels,3,11,1
633683,2021-06-18,2021,111,Boston Red Sox,118,Kansas City Royals,3,5,1
633702,2021-06-18,2021,145,Chicago White Sox,117,Houston Astros,1,2,1
633573,2021-06-19,2021,141,Toronto Blue Jays,110,Baltimore Orioles,10,7,0
633576,2021-06-19,2021,145,Chicago White Sox,117,Houston Astros,3,7,1
633577,2021-06-19,2021,158,Milwaukee Brewers,115,Colorado Rockies,6,5,0
633583,2021-06-19,2021,121,New York Mets,120,Washington Nationals,2,6,1
633585,2021-06-19,2021,111,Boston Red Sox,118,Kansas City Royals,7,1,0
633590,2021-06-19,2021,114,Cleveland Indians,134,Pittsburgh Pirates,3,6,1
633592,2021-06-19,2021,143,Philadelphia Phillies,137,San Francisco Giants,13,6,0
633594,2021-06-19,2021,142,Minnesota Twins,140,Texas Rangers,3,2,0
633597,2021-06-19,2021,113,Cincinnati Reds,135,San Diego Padres,5,7,1
633598,2021-06-19,2021,119,Los Angeles Dodgers,109,Arizona Diamondbacks,9,3,0
633606,2021-06-19,2021,133,Oakland Athletics,147,New York Yankees,5,7,1
633613,2021-06-19,2021,146,Miami Marlins,112,Chicago Cubs,11,1,0
633650,2021-06-19,2021,116,Detroit Tigers,108,Los Angeles Angels,3,8,1
633661,2021-06-19,2021,139,Tampa Bay Rays,136,Seattle Mariners,5,6,1
634647,2021-06-19,2021,121,New York Mets,120,Washington Nationals,5,1,0
633550,2021-06-20,2021,114,Cleveland Indians,134,Pittsburgh Pirates,2,1,0
633554,2021-06-20,2021,139,Tampa Bay Rays,136,Seattle Mariners,2,6,1
633557,2021-06-20,2021,121,New York Mets,120,Washington Nationals,2,5,1
633558,2021-06-20,2021,111,Boston Red Sox,118,Kansas City Royals,3,7,1
633563,2021-06-20,2021,116,Detroit Tigers,108,Los Angeles Angels,5,3,0
633565,2021-06-20,2021,138,St. Louis Cardinals,144,Atlanta Braves,0,1,1
633566,2021-06-20,2021,113,Cincinnati Reds,135,San Diego Padres,2,3,1
633567,2021-06-20,2021,158,Milwaukee Brewers,115,Colorado Rockies,7,6,0
633574,2021-06-20,2021,142,Minnesota Twins,140,Texas Rangers,4,2,0
633575,2021-06-20,2021,133,Oakland Athletics,147,New York Yankees,1,2,1
633582,2021-06-20,2021,119,Los Angeles Dodgers,109,Arizona Diamondbacks,9,8,0
633602,2021-06-20,2021,145,Chicago White Sox,117,Houston Astros,2,8,1
633610,2021-06-20,2021,138,St. Louis Cardinals,144,Atlanta Braves,9,1,0
633611,2021-06-20,2021,143,Philadelphia Phillies,137,San Francisco Giants,2,11,1
633629,2021-06-20,2021,146,Miami Marlins,112,Chicago Cubs,0,2,1
633636,2021-06-20,2021,141,Toronto Blue Jays,110,Baltimore Orioles,7,4,0
633533,2021-06-21,2021,158,Milwaukee Brewers,109,Arizona Diamondbacks,1,5,1
633542,2021-06-21,2021,114,Cleveland Indians,112,Chicago Cubs,4,0,0
633588,2021-06-21,2021,113,Cincinnati Reds,142,Minnesota Twins,5,7,1
633605,2021-06-21,2021,133,Oakland Athletics,140,Texas Rangers,3,8,1
633651,2021-06-21,2021,119,Los Angeles Dodgers,135,San Diego Padres,2,6,1
633747,2021-06-21,2021,117,Houston Astros,110,Baltimore Orioles,10,2,0
633760,2021-06-21,2021,144,Atlanta Braves,121,New York Mets,2,4,1
633899,2021-06-21,2021,144,Atlanta Braves,121,New York Mets,1,0,0
633519,2021-06-22,2021,111,Boston Red Sox,139,Tampa Bay Rays,9,5,0
633526,2021-06-22,2021,138,St. Louis Cardinals,116,Detroit Tigers,2,8,1
633528,2021-06-22,2021,115,Colorado Rockies,136,Seattle Mariners,1,2,1
633532,2021-06-22,2021,133,Oakland Athletics,140,Texas Rangers,13,6,0
633537,2021-06-22,2021,114,Cleveland Indians,112,Chicago Cubs,1,7,1
633540,2021-06-22,2021,119,Los Angeles Dodgers,135,San Diego Padres,2,3,1
633547,2021-06-22,2021,117,Houston Astros,110,Baltimore Orioles,3,1,0
633549,2021-06-22,2021,120,Washington Nationals,143,Philadelphia Phillies,3,2,0
633571,2021-06-22,2021,141,Toronto Blue Jays,146,Miami Marlins,2,1,0
633572,2021-06-22,2021,145,Chicago White Sox,134,Pittsburgh Pirates,3,6,1
633580,2021-06-22,2021,113,Cincinnati Reds,142,Minnesota Twins,10,7,0
633603,2021-06-22,2021,158,Milwaukee Brewers,109,Arizona Diamondbacks,5,0,0
633621,2021-06-22,2021,118,Kansas City Royals,147,New York Yankees,6,5,0
633670,2021-06-22,2021,137,San Francisco Giants,108,Los Angeles Angels,5,0,0
633750,2021-06-22,2021,144,Atlanta Braves,121,New York Mets,3,0,0
633513,2021-06-23,2021,141,Toronto Blue Jays,146,Miami Marlins,3,1,0
633524,2021-06-23,2021,111,Boston Red Sox,139,Tampa Bay Rays,2,8,1
633541,2021-06-23,2021,138,St. Louis Cardinals,116,Detroit Tigers,2,6,1
633546,2021-06-23,2021,120,Washington Nationals,143,Philadelphia Phillies,13,12,0
633551,2021-06-23,2021,118,Kansas City Royals,147,New York Yankees,5,6,1
633553,2021-06-23,2021,133,Oakland Athletics,140,Texas Rangers,3,5,1
633561,2021-06-23,2021,144,Atlanta Braves,121,New York Mets,3,7,1
633568,2021-06-23,2021,117,Houston Astros,110,Baltimore Orioles,13,0,0
633569,2021-06-23,2021,145,Chicago White Sox,134,Pittsburgh Pirates,4,3,0
633570,2021-06-23,2021,137,San Francisco Giants,108,Los Angeles Angels,9,3,0
633578,2021-06-23,2021,158,Milwaukee Brewers,109,Arizona Diamondbacks,3,2,0
633614,2021-06-23,2021,115,Colorado Rockies,136,Seattle Mariners,5,2,0
633627,2021-06-23,2021,119,Los Angeles Dodgers,135,San Diego Padres,3,5,1
633502,2021-06-24,2021,134,Pittsburgh Pirates,138,St. Louis Cardinals,8,2,0
633503,2021-06-24,2021,133,Oakland Athletics,140,Texas Rangers,5,1,0
633505,2021-06-24,2021,112,Chicago Cubs,119,Los Angeles Dodgers,4,0,0
633514,2021-06-24,2021,144,Atlanta Braves,113,Cincinnati Reds,3,5,1
633517,2021-06-24,2021,111,Boston Red Sox,139,Tampa Bay Rays,0,1,1
633538,2021-06-24,2021,114,Cleveland Indians,142,Minnesota Twins,4,1,0
633548,2021-06-24,2021,120,Washington Nationals,146,Miami Marlins,7,3,0
633559,2021-06-24,2021,118,Kansas City Royals,147,New York Yankees,1,8,1
633560,2021-06-24,2021,110,Baltimore Orioles,141,Toronto Blue Jays,0,9,1
633564,2021-06-24,2021,117,Houston Astros,116,Detroit Tigers,12,3,0
633492,2021-06-25,2021,109,Arizona Diamondbacks,135,San Diego Padres,5,11,1
633498,2021-06-25,2021,134,Pittsburgh Pirates,138,St. Louis Cardinals,5,4,0
633521,2021-06-25,2021,144,Atlanta Braves,113,Cincinnati Reds,3,2,0
633523,2021-06-25,2021,133,Oakland Athletics,137,San Francisco Giants,0,2,1
633535,2021-06-25,2021,108,Los Angeles Angels,139,Tampa Bay Rays,3,4,1
633536,2021-06-25,2021,110,Baltimore Orioles,141,Toronto Blue Jays,6,5,0
633543,2021-06-25,2021,147,New York Yankees,111,Boston Red Sox,3,5,1
633545,2021-06-25,2021,143,Philadelphia Phillies,121,New York Mets,1,2,1
633555,2021-06-25,2021,114,Cleveland Indians,142,Minnesota Twins,7,8,1
633556,2021-06-25,2021,118,Kansas City Royals,140,Texas Rangers,4,9,1
633591,2021-06-25,2021,120,Washington Nationals,146,Miami Marlins,2,11,1
633599,2021-06-25,2021,115,Colorado Rockies,158,Milwaukee Brewers,4,5,1
633608,2021-06-25,2021,112,Chicago Cubs,119,Los Angeles Dodgers,2,6,1
633620,2021-06-25,2021,136,Seattle Mariners,145,Chicago White Sox,9,3,0
634515,2021-06-25,2021,143,Philadelphia Phillies,121,New York Mets,2,1,0
633500,2021-06-26,2021,133,Oakland Athletics,137,San Francisco Giants,5,6,1
633501,2021-06-26,2021,136,Seattle Mariners,145,Chicago White Sox,3,2,0
633501,2021-06-26,2021,136,Seattle Mariners,145,Chicago White Sox,3,2,0
633509,2021-06-26,2021,117,Houston Astros,116,Detroit Tigers,3,2,0
633510,2021-06-26,2021,144,Atlanta Braves,113,Cincinnati Reds,1,4,1
633512,2021-06-26,2021,109,Arizona Diamondbacks,135,San Diego Padres,10,1,0
633518,2021-06-26,2021,115,Colorado Rockies,158,Milwaukee Brewers,4,10,1
633520,2021-06-26,2021,110,Baltimore Orioles,141,Toronto Blue Jays,4,12,1
633525,2021-06-26,2021,108,Los Angeles Angels,139,Tampa Bay Rays,3,13,1
633530,2021-06-26,2021,117,Houston Astros,116,Detroit Tigers,1,3,1
633531,2021-06-26,2021,147,New York Yankees,111,Boston Red Sox,2,4,1
633534,2021-06-26,2021,118,Kansas City Royals,140,Texas Rangers,0,8,1
633539,2021-06-26,2021,143,Philadelphia Phillies,121,New York Mets,3,4,1
633552,2021-06-26,2021,120,Washington Nationals,146,Miami Marlins,2,3,1
633562,2021-06-26,2021,112,Chicago Cubs,119,Los Angeles Dodgers,2,3,1
633589,2021-06-26,2021,134,Pittsburgh Pirates,138,St. Louis Cardinals,1,3,1
633459,2021-06-27,2021,108,Los Angeles Angels,139,Tampa Bay Rays,6,4,0
633472,2021-06-27,2021,112,Chicago Cubs,119,Los Angeles Dodgers,1,7,1
633473,2021-06-27,2021,114,Cleveland Indians,142,Minnesota Twins,2,8,1
633477,2021-06-27,2021,147,New York Yankees,111,Boston Red Sox,2,9,1
633482,2021-06-27,2021,134,Pittsburgh Pirates,138,St. Louis Cardinals,7,2,0
633486,2021-06-27,2021,115,Colorado Rockies,158,Milwaukee Brewers,0,5,1
633489,2021-06-27,2021,120,Washington Nationals,146,Miami Marlins,5,1,0
633493,2021-06-27,2021,144,Atlanta Braves,113,Cincinnati Reds,4,0,0
633494,2021-06-27,2021,117,Houston Astros,116,Detroit Tigers,1,2,1
633499,2021-06-27,2021,136,Seattle Mariners,145,Chicago White Sox,5,7,1
633504,2021-06-27,2021,143,Philadelphia Phillies,121,New York Mets,4,2,0
633515,2021-06-27,2021,110,Baltimore Orioles,141,Toronto Blue Jays,2,5,1
633516,2021-06-27,2021,118,Kansas City Royals,140,Texas Rangers,1,4,1
633527,2021-06-27,2021,133,Oakland Athletics,137,San Francisco Giants,6,2,0
633544,2021-06-27,2021,109,Arizona Diamondbacks,135,San Diego Padres,4,5,1
633450,2021-06-28,2021,112,Chicago Cubs,158,Milwaukee Brewers,4,14,1
633458,2021-06-28,2021,137,San Francisco Giants,119,Los Angeles Dodgers,2,3,1
633465,2021-06-28,2021,134,Pittsburgh Pirates,115,Colorado Rockies,0,2,1
633466,2021-06-28,2021,116,Detroit Tigers,114,Cleveland Indians,5,13,1
633475,2021-06-28,2021,118,Kansas City Royals,111,Boston Red Sox,5,6,1
633483,2021-06-28,2021,110,Baltimore Orioles,117,Houston Astros,9,7,0
633490,2021-06-28,2021,109,Arizona Diamondbacks,138,St. Louis Cardinals,1,7,1
633601,2021-06-28,2021,108,Los Angeles Angels,147,New York Yankees,5,3,0
633867,2021-06-28,2021,143,Philadelphia Phillies,113,Cincinnati Reds,4,12,1
634620,2021-06-28,2021,121,New York Mets,120,Washington Nationals,4,8,1
633443,2021-06-29,2021,139,Tampa Bay Rays,120,Washington Nationals,3,4,1
633444,2021-06-29,2021,108,Los Angeles Angels,147,New York Yankees,5,11,1
633446,2021-06-29,2021,112,Chicago Cubs,158,Milwaukee Brewers,1,2,1
633449,2021-06-29,2021,110,Baltimore Orioles,117,Houston Astros,13,3,0
633454,2021-06-29,2021,135,San Diego Padres,113,Cincinnati Reds,5,4,0
633455,2021-06-29,2021,134,Pittsburgh Pirates,115,Colorado Rockies,0,8,1
633471,2021-06-29,2021,137,San Francisco Giants,119,Los Angeles Dodgers,1,3,1
633478,2021-06-29,2021,142,Minnesota Twins,145,Chicago White Sox,6,7,1
633488,2021-06-29,2021,140,Texas Rangers,133,Oakland Athletics,5,4,0
633495,2021-06-29,2021,146,Miami Marlins,143,Philadelphia Phillies,3,4,1
633496,2021-06-29,2021,118,Kansas City Royals,111,Boston Red Sox,6,7,1
633497,2021-06-29,2021,136,Seattle Mariners,141,Toronto Blue Jays,3,9,1
633508,2021-06-29,2021,109,Arizona Diamondbacks,138,St. Louis Cardinals,2,3,1
633587,2021-06-29,2021,121,New York Mets,144,Atlanta Braves,4,3,0
633419,2021-06-30,2021,146,Miami Marlins,143,Philadelphia Phillies,11,6,0
633426,2021-06-30,2021,109,Arizona Diamondbacks,138,St. Louis Cardinals,4,7,1
633427,2021-06-30,2021,139,Tampa Bay Rays,120,Washington Nationals,6,15,1
633432,2021-06-30,2021,116,Detroit Tigers,114,Cleveland Indians,9,4,0
633435,2021-06-30,2021,135,San Diego Padres,113,Cincinnati Reds,7,5,0
633437,2021-06-30,2021,121,New York Mets,144,Atlanta Braves,2,20,1
633445,2021-06-30,2021,136,Seattle Mariners,141,Toronto Blue Jays,9,7,0
633461,2021-06-30,2021,140,Texas Rangers,133,Oakland Athletics,1,3,1
633467,2021-06-30,2021,118,Kansas City Royals,111,Boston Red Sox,2,6,1
633474,2021-06-30,2021,112,Chicago Cubs,158,Milwaukee Brewers,7,15,1
633479,2021-06-30,2021,142,Minnesota Twins,145,Chicago White Sox,3,13,1
633484,2021-06-30,2021,108,Los Angeles Angels,147,New York Yankees,11,8,0
633485,2021-06-30,2021,110,Baltimore Orioles,117,Houston Astros,5,2,0
633491,2021-06-30,2021,134,Pittsburgh Pirates,115,Colorado Rockies,2,6,1
633506,2021-06-30,2021,116,Detroit Tigers,114,Cleveland Indians,7,1,0
633405,2021-07-01,2021,140,Texas Rangers,133,Oakland Athletics,8,3,0
633418,2021-07-01,2021,121,New York Mets,144,Atlanta Braves,3,4,1
633438,2021-07-01,2021,137,San Francisco Giants,109,Arizona Diamondbacks,3,5,1
633456,2021-07-01,2021,136,Seattle Mariners,141,Toronto Blue Jays,7,2,0
633457,2021-07-01,2021,118,Kansas City Royals,111,Boston Red Sox,1,15,1
633460,2021-07-01,2021,138,St. Louis Cardinals,115,Colorado Rockies,2,5,1
633463,2021-07-01,2021,158,Milwaukee Brewers,134,Pittsburgh Pirates,7,2,0
633469,2021-07-01,2021,117,Houston Astros,114,Cleveland Indians,7,2,0
633480,2021-07-01,2021,135,San Diego Padres,113,Cincinnati Reds,4,5,1
633481,2021-07-01,2021,119,Los Angeles Dodgers,120,Washington Nationals,6,2,0
633529,2021-07-01,2021,142,Minnesota Twins,145,Chicago White Sox,5,8,1
633402,2021-07-02,2021,110,Baltimore Orioles,108,Los Angeles Angels,7,8,1
633404,2021-07-02,2021,119,Los Angeles Dodgers,120,Washington Nationals,10,5,0
633415,2021-07-02,2021,138,St. Louis Cardinals,115,Colorado Rockies,9,3,0
633420,2021-07-02,2021,145,Chicago White Sox,116,Detroit Tigers,8,2,0
633433,2021-07-02,2021,142,Minnesota Twins,118,Kansas City Royals,4,7,1
633448,2021-07-02,2021,135,San Diego Padres,143,Philadelphia Phillies,3,4,1
633451,2021-07-02,2021,117,Houston Astros,114,Cleveland Indians,6,3,0
633452,2021-07-02,2021,111,Boston Red Sox,133,Oakland Athletics,3,2,0
633462,2021-07-02,2021,112,Chicago Cubs,113,Cincinnati Reds,1,2,1
633464,2021-07-02,2021,139,Tampa Bay Rays,141,Toronto Blue Jays,1,11,1
633468,2021-07-02,2021,146,Miami Marlins,144,Atlanta Braves,0,1,1
633470,2021-07-02,2021,137,San Francisco Giants,109,Arizona Diamondbacks,11,4,0
633507,2021-07-02,2021,158,Milwaukee Brewers,134,Pittsburgh Pirates,7,2,0
633511,2021-07-02,2021,140,Texas Rangers,136,Seattle Mariners,4,5,1
633379,2021-07-03,2021,140,Texas Rangers,136,Seattle Mariners,7,3,0
633387,2021-07-03,2021,158,Milwaukee Brewers,134,Pittsburgh Pirates,11,2,0
633388,2021-07-03,2021,137,San Francisco Giants,109,Arizona Diamondbacks,6,5,0
633390,2021-07-03,2021,135,San Diego Padres,143,Philadelphia Phillies,2,4,1
633401,2021-07-03,2021,111,Boston Red Sox,133,Oakland Athletics,6,7,1
633403,2021-07-03,2021,139,Tampa Bay Rays,141,Toronto Blue Jays,3,6,1
633416,2021-07-03,2021,146,Miami Marlins,144,Atlanta Braves,3,2,0
633424,2021-07-03,2021,138,St. Louis Cardinals,115,Colorado Rockies,2,3,1
633429,2021-07-03,2021,117,Houston Astros,114,Cleveland Indians,3,2,0
633430,2021-07-03,2021,119,Los Angeles Dodgers,120,Washington Nationals,5,3,0
633439,2021-07-03,2021,142,Minnesota Twins,118,Kansas City Royals,3,6,1
633440,2021-07-03,2021,121,New York Mets,147,New York Yankees,8,3,0
633441,2021-07-03,2021,112,Chicago Cubs,113,Cincinnati Reds,2,3,1
633442,2021-07-03,2021,145,Chicago White Sox,116,Detroit Tigers,5,11,1
633453,2021-07-03,2021,110,Baltimore Orioles,108,Los Angeles Angels,1,4,1
633374,2021-07-04,2021,135,San Diego Padres,143,Philadelphia Phillies,11,1,0
633391,2021-07-04,2021,110,Baltimore Orioles,108,Los Angeles Angels,5,6,1
633398,2021-07-04,2021,119,Los Angeles Dodgers,120,Washington Nationals,5,1,0
633399,2021-07-04,2021,111,Boston Red Sox,133,Oakland Athletics,1,0,0
633408,2021-07-04,2021,139,Tampa Bay Rays,141,Toronto Blue Jays,5,1,0
633410,2021-07-04,2021,145,Chicago White Sox,116,Detroit Tigers,5,6,1
633414,2021-07-04,2021,117,Houston Astros,114,Cleveland Indians,4,3,0
633417,2021-07-04,2021,121,New York Mets,147,New York Yankees,2,4,1
633422,2021-07-04,2021,158,Milwaukee Brewers,134,Pittsburgh Pirates,0,2,1
633423,2021-07-04,2021,146,Miami Marlins,144,Atlanta Braves,7,8,1
633425,2021-07-04,2021,140,Texas Rangers,136,Seattle Mariners,1,4,1
633428,2021-07-04,2021,112,Chicago Cubs,113,Cincinnati Reds,2,3,1
633431,2021-07-04,2021,142,Minnesota Twins,118,Kansas City Royals,6,2,0
633434,2021-07-04,2021,138,St. Louis Cardinals,115,Colorado Rockies,2,3,1
633436,2021-07-04,2021,137,San Francisco Giants,109,Arizona Diamondbacks,5,2,0
633522,2021-07-04,2021,121,New York Mets,147,New York Yankees,10,5,0
633353,2021-07-05,2021,114,Cleveland Indians,139,Tampa Bay Rays,8,9,1
633361,2021-07-05,2021,119,Los Angeles Dodgers,146,Miami Marlins,4,5,1
633363,2021-07-05,2021,113,Cincinnati Reds,118,Kansas City Royals,6,2,0
633378,2021-07-05,2021,120,Washington Nationals,135,San Diego Padres,7,5,0
633380,2021-07-05,2021,138,St. Louis Cardinals,137,San Francisco Giants,5,3,0
633386,2021-07-05,2021,143,Philadelphia Phillies,112,Chicago Cubs,13,3,0
633389,2021-07-05,2021,111,Boston Red Sox,108,Los Angeles Angels,5,4,0
633400,2021-07-05,2021,116,Detroit Tigers,140,Texas Rangers,7,3,0
633411,2021-07-05,2021,144,Atlanta Braves,134,Pittsburgh Pirates,1,11,1
633412,2021-07-05,2021,158,Milwaukee Brewers,121,New York Mets,2,4,1
633487,2021-07-05,2021,145,Chicago White Sox,142,Minnesota Twins,5,8,1
633352,2021-07-06,2021,145,Chicago White Sox,142,Minnesota Twins,4,1,0
633358,2021-07-06,2021,138,St. Louis Cardinals,137,San Francisco Giants,6,5,0
633364,2021-07-06,2021,116,Detroit Tigers,140,Texas Rangers,5,10,1
633369,2021-07-06,2021,113,Cincinnati Reds,118,Kansas City Royals,6,7,1
633370,2021-07-06,2021,111,Boston Red Sox,108,Los Angeles Angels,3,5,1
633376,2021-07-06,2021,119,Los Angeles Dodgers,146,Miami Marlins,1,2,1
633381,2021-07-06,2021,115,Colorado Rockies,109,Arizona Diamondbacks,3,4,1
633382,2021-07-06,2021,147,New York Yankees,136,Seattle Mariners,12,1,0
633384,2021-07-06,2021,144,Atlanta Braves,134,Pittsburgh Pirates,1,2,1
633393,2021-07-06,2021,143,Philadelphia Phillies,112,Chicago Cubs,15,10,0
633396,2021-07-06,2021,120,Washington Nationals,135,San Diego Padres,4,7,1
633406,2021-07-06,2021,133,Oakland Athletics,117,Houston Astros,6,9,1
633413,2021-07-06,2021,141,Toronto Blue Jays,110,Baltimore Orioles,5,7,1
633330,2021-07-07,2021,144,Atlanta Braves,134,Pittsburgh Pirates,14,3,0
633332,2021-07-07,2021,141,Toronto Blue Jays,110,Baltimore Orioles,10,2,0
633333,2021-07-07,2021,119,Los Angeles Dodgers,146,Miami Marlins,6,9,1
633335,2021-07-07,2021,145,Chicago White Sox,142,Minnesota Twins,6,1,0
633339,2021-07-07,2021,114,Cleveland Indians,139,Tampa Bay Rays,1,8,1
633342,2021-07-07,2021,158,Milwaukee Brewers,121,New York Mets,5,0,0
633347,2021-07-07,2021,138,St. Louis Cardinals,137,San Francisco Giants,2,5,1
633349,2021-07-07,2021,116,Detroit Tigers,140,Texas Rangers,5,3,0
633355,2021-07-07,2021,115,Colorado Rockies,109,Arizona Diamondbacks,4,6,1
633360,2021-07-07,2021,114,Cleveland Indians,139,Tampa Bay Rays,0,4,1
633362,2021-07-07,2021,120,Washington Nationals,135,San Diego Padres,15,5,0
633368,2021-07-07,2021,133,Oakland Athletics,117,Houston Astros,3,4,1
633371,2021-07-07,2021,147,New York Yankees,136,Seattle Mariners,5,4,0
633375,2021-07-07,2021,143,Philadelphia Phillies,112,Chicago Cubs,3,8,1
633383,2021-07-07,2021,113,Cincinnati Reds,118,Kansas City Royals,5,2,0
633385,2021-07-07,2021,111,Boston Red Sox,108,Los Angeles Angels,4,5,1
633395,2021-07-07,2021,158,Milwaukee Brewers,121,New York Mets,3,4,1
633315,2021-07-08,2021,147,New York Yankees,136,Seattle Mariners,0,4,1
633334,2021-07-08,2021,119,Los Angeles Dodgers,146,Miami Marlins,6,1,0
633343,2021-07-08,2021,120,Washington Nationals,135,San Diego Padres,8,9,1
633351,2021-07-08,2021,113,Cincinnati Reds,158,Milwaukee Brewers,3,5,1
633354,2021-07-08,2021,133,Oakland Athletics,117,Houston Astros,2,1,0
633359,2021-07-08,2021,116,Detroit Tigers,142,Minnesota Twins,3,5,1
633392,2021-07-08,2021,115,Colorado Rockies,109,Arizona Diamondbacks,9,3,0
633397,2021-07-08,2021,143,Philadelphia Phillies,112,Chicago Cubs,8,0,0
633409,2021-07-08,2021,118,Kansas City Royals,114,Cleveland Indians,4,7,1
633308,2021-07-09,2021,134,Pittsburgh Pirates,121,New York Mets,4,13,1
633320,2021-07-09,2021,109,Arizona Diamondbacks,119,Los Angeles Dodgers,5,2,0
633322,2021-07-09,2021,120,Washington Nationals,137,San Francisco Giants,3,5,1
633336,2021-07-09,2021,144,Atlanta Braves,146,Miami Marlins,5,0,0
633338,2021-07-09,2021,141,Toronto Blue Jays,139,Tampa Bay Rays,1,7,1
633341,2021-07-09,2021,108,Los Angeles Angels,136,Seattle Mariners,3,7,1
633345,2021-07-09,2021,133,Oakland Athletics,140,Texas Rangers,2,3,1
633348,2021-07-09,2021,147,New York Yankees,117,Houston Astros,4,0,0
633357,2021-07-09,2021,143,Philadelphia Phillies,111,Boston Red Sox,5,11,1
633365,2021-07-09,2021,138,St. Louis Cardinals,112,Chicago Cubs,5,10,1
633366,2021-07-09,2021,116,Detroit Tigers,142,Minnesota Twins,2,4,1
633367,2021-07-09,2021,115,Colorado Rockies,135,San Diego Padres,2,4,1
633373,2021-07-09,2021,118,Kansas City Royals,114,Cleveland Indians,1,2,1
633377,2021-07-09,2021,145,Chicago White Sox,110,Baltimore Orioles,12,1,0
633407,2021-07-09,2021,113,Cincinnati Reds,158,Milwaukee Brewers,2,0,0
633288,2021-07-10,2021,108,Los Angeles Angels,136,Seattle Mariners,0,2,1
633289,2021-07-10,2021,116,Detroit Tigers,142,Minnesota Twins,4,9,1
633293,2021-07-10,2021,141,Toronto Blue Jays,139,Tampa Bay Rays,2,5,1
633294,2021-07-10,2021,120,Washington Nationals,137,San Francisco Giants,4,10,1
633295,2021-07-10,2021,134,Pittsburgh Pirates,121,New York Mets,6,2,0
633301,2021-07-10,2021,115,Colorado Rockies,135,San Diego Padres,3,0,0
633304,2021-07-10,2021,147,New York Yankees,117,Houston Astros,1,0,0
633311,2021-07-10,2021,109,Arizona Diamondbacks,119,Los Angeles Dodgers,1,22,1
633312,2021-07-10,2021,144,Atlanta Braves,146,Miami Marlins,5,4,0
633313,2021-07-10,2021,113,Cincinnati Reds,158,Milwaukee Brewers,4,3,0
633316,2021-07-10,2021,133,Oakland Athletics,140,Texas Rangers,8,4,0
633317,2021-07-10,2021,118,Kansas City Royals,114,Cleveland Indians,6,14,1
633326,2021-07-10,2021,134,Pittsburgh Pirates,121,New York Mets,2,4,1
633344,2021-07-10,2021,143,Philadelphia Phillies,111,Boston Red Sox,11,2,0
633350,2021-07-10,2021,145,Chicago White Sox,110,Baltimore Orioles,8,3,0
633356,2021-07-10,2021,138,St. Louis Cardinals,112,Chicago Cubs,6,0,0
633270,2021-07-11,2021,141,Toronto Blue Jays,139,Tampa Bay Rays,3,1,0
633274,2021-07-11,2021,113,Cincinnati Reds,158,Milwaukee Brewers,3,1,0
633279,2021-07-11,2021,120,Washington Nationals,137,San Francisco Giants,1,3,1
633282,2021-07-11,2021,145,Chicago White Sox,110,Baltimore Orioles,7,5,0
633297,2021-07-11,2021,133,Oakland Athletics,140,Texas Rangers,4,1,0
633302,2021-07-11,2021,109,Arizona Diamondbacks,119,Los Angeles Dodgers,4,7,1
633307,2021-07-11,2021,116,Detroit Tigers,142,Minnesota Twins,9,12,1
633314,2021-07-11,2021,115,Colorado Rockies,135,San Diego Padres,3,1,0
633318,2021-07-11,2021,108,Los Angeles Angels,136,Seattle Mariners,7,1,0
633324,2021-07-11,2021,144,Atlanta Braves,146,Miami Marlins,4,7,1
633325,2021-07-11,2021,134,Pittsburgh Pirates,121,New York Mets,6,5,0
633327,2021-07-11,2021,143,Philadelphia Phillies,111,Boston Red Sox,5,4,0
633340,2021-07-11,2021,147,New York Yankees,117,Houston Astros,7,8,1
633263,2021-07-16,2021,158,Milwaukee Brewers,113,Cincinnati Reds,11,6,0
633264,2021-07-16,2021,114,Cleveland Indians,133,Oakland Athletics,4,5,1
633265,2021-07-16,2021,139,Tampa Bay Rays,144,Atlanta Braves,7,6,0
633266,2021-07-16,2021,140,Texas Rangers,141,Toronto Blue Jays,2,10,1
633283,2021-07-16,2021,146,Miami Marlins,143,Philadelphia Phillies,2,5,1
633285,2021-07-16,2021,137,San Francisco Giants,138,St. Louis Cardinals,7,2,0
633296,2021-07-16,2021,112,Chicago Cubs,109,Arizona Diamondbacks,5,1,0
633305,2021-07-16,2021,135,San Diego Padres,120,Washington Nationals,24,8,0
633309,2021-07-16,2021,117,Houston Astros,145,Chicago White Sox,7,1,0
633310,2021-07-16,2021,111,Boston Red Sox,147,New York Yankees,4,0,0
633321,2021-07-16,2021,119,Los Angeles Dodgers,115,Colorado Rockies,10,4,0
633323,2021-07-16,2021,136,Seattle Mariners,108,Los Angeles Angels,6,5,0
633328,2021-07-16,2021,110,Baltimore Orioles,118,Kansas City Royals,2,9,1
633346,2021-07-16,2021,121,New York Mets,134,Pittsburgh Pirates,1,4,1
633447,2021-07-16,2021,146,Miami Marlins,143,Philadelphia Phillies,7,0,0
633248,2021-07-17,2021,110,Baltimore Orioles,118,Kansas City Royals,8,4,0
633253,2021-07-17,2021,158,Milwaukee Brewers,113,Cincinnati Reds,7,4,0
633261,2021-07-17,2021,119,Los Angeles Dodgers,115,Colorado Rockies,9,2,0
633262,2021-07-17,2021,117,Houston Astros,145,Chicago White Sox,1,10,1
633267,2021-07-17,2021,135,San Diego Padres,120,Washington Nationals,10,4,0
633267,2021-07-17,2021,135,San Diego Padres,120,Washington Nationals,10,4,0
633275,2021-07-17,2021,142,Minnesota Twins,116,Detroit Tigers,4,5,1
633281,2021-07-17,2021,137,San Francisco Giants,138,St. Louis Cardinals,1,3,1
633286,2021-07-17,2021,136,Seattle Mariners,108,Los Angeles Angels,4,9,1
633290,2021-07-17,2021,121,New York Mets,134,Pittsburgh Pirates,7,9,1
633298,2021-07-17,2021,111,Boston Red Sox,147,New York Yankees,1,3,1
633299,2021-07-17,2021,146,Miami Marlins,143,Philadelphia Phillies,2,4,1
633299,2021-07-17,2021,146,Miami Marlins,143,Philadelphia Phillies,2,4,1
633303,2021-07-17,2021,139,Tampa Bay Rays,144,Atlanta Braves,0,9,1
633306,2021-07-17,2021,114,Cleveland Indians,133,Oakland Athletics,3,2,0
633319,2021-07-17,2021,112,Chicago Cubs,109,Arizona Diamondbacks,4,2,0
634222,2021-07-17,2021,142,Minnesota Twins,116,Detroit Tigers,0,1,1
633228,2021-07-18,2021,137,San Francisco Giants,138,St. Louis Cardinals,1,2,1
633235,2021-07-18,2021,121,New York Mets,134,Pittsburgh Pirates,7,6,0
633237,2021-07-18,2021,139,Tampa Bay Rays,144,Atlanta Braves,7,5,0
633238,2021-07-18,2021,114,Cleveland Indians,133,Oakland Athletics,4,2,0
633239,2021-07-18,2021,146,Miami Marlins,143,Philadelphia Phillies,4,7,1
633247,2021-07-18,2021,117,Houston Astros,145,Chicago White Sox,0,4,1
633251,2021-07-18,2021,112,Chicago Cubs,109,Arizona Diamondbacks,4,6,1
633252,2021-07-18,2021,158,Milwaukee Brewers,113,Cincinnati Reds,8,0,0
633255,2021-07-18,2021,119,Los Angeles Dodgers,115,Colorado Rockies,5,6,1
633256,2021-07-18,2021,140,Texas Rangers,141,Toronto Blue Jays,0,5,1
633273,2021-07-18,2021,111,Boston Red Sox,147,New York Yankees,1,9,1
633280,2021-07-18,2021,142,Minnesota Twins,116,Detroit Tigers,0,7,1
633284,2021-07-18,2021,136,Seattle Mariners,108,Los Angeles Angels,7,4,0
633287,2021-07-18,2021,110,Baltimore Orioles,118,Kansas City Royals,5,0,0
633292,2021-07-18,2021,140,Texas Rangers,141,Toronto Blue Jays,0,10,1
633300,2021-07-18,2021,135,San Diego Padres,120,Washington Nationals,7,8,1
633218,2021-07-19,2021,111,Boston Red Sox,141,Toronto Blue Jays,13,4,0
633226,2021-07-19,2021,112,Chicago Cubs,138,St. Louis Cardinals,3,8,1
633233,2021-07-19,2021,146,Miami Marlins,120,Washington Nationals,1,18,1
633236,2021-07-19,2021,110,Baltimore Orioles,139,Tampa Bay Rays,6,1,0
633243,2021-07-19,2021,134,Pittsburgh Pirates,109,Arizona Diamondbacks,2,4,1
633249,2021-07-19,2021,108,Los Angeles Angels,133,Oakland Athletics,1,4,1
633259,2021-07-19,2021,137,San Francisco Giants,119,Los Angeles Dodgers,7,2,0
633271,2021-07-19,2021,121,New York Mets,113,Cincinnati Reds,15,11,0
633277,2021-07-19,2021,114,Cleveland Indians,117,Houston Astros,3,4,1
633278,2021-07-19,2021,142,Minnesota Twins,145,Chicago White Sox,3,2,0
633329,2021-07-19,2021,140,Texas Rangers,116,Detroit Tigers,0,14,1
633476,2021-07-19,2021,142,Minnesota Twins,145,Chicago White Sox,3,5,1
633199,2021-07-20,2021,137,San Francisco Giants,119,Los Angeles Dodgers,6,8,1
633200,2021-07-20,2021,114,Cleveland Indians,117,Houston Astros,3,9,1
633207,2021-07-20,2021,108,Los Angeles Angels,133,Oakland Athletics,0,6,1
633212,2021-07-20,2021,140,Texas Rangers,116,Detroit Tigers,1,4,1
633216,2021-07-20,2021,143,Philadelphia Phillies,147,New York Yankees,4,6,1
633223,2021-07-20,2021,118,Kansas City Royals,158,Milwaukee Brewers,5,2,0
633230,2021-07-20,2021,112,Chicago Cubs,138,St. Louis Cardinals,7,6,0
633234,2021-07-20,2021,121,New York Mets,113,Cincinnati Reds,3,4,1
633240,2021-07-20,2021,135,San Diego Padres,144,Atlanta Braves,1,2,1
633242,2021-07-20,2021,146,Miami Marlins,120,Washington Nationals,3,6,1
633245,2021-07-20,2021,136,Seattle Mariners,115,Colorado Rockies,6,4,0
633254,2021-07-20,2021,134,Pittsburgh Pirates,109,Arizona Diamondbacks,6,11,1
633257,2021-07-20,2021,110,Baltimore Orioles,139,Tampa Bay Rays,3,9,1
633268,2021-07-20,2021,142,Minnesota Twins,145,Chicago White Sox,5,9,1
633187,2021-07-21,2021,111,Boston Red Sox,141,Toronto Blue Jays,7,4,0
633190,2021-07-21,2021,136,Seattle Mariners,115,Colorado Rockies,3,6,1
633191,2021-07-21,2021,146,Miami Marlins,120,Washington Nationals,3,1,0
633196,2021-07-21,2021,121,New York Mets,113,Cincinnati Reds,7,0,0
633203,2021-07-21,2021,140,Texas Rangers,116,Detroit Tigers,2,4,1
633205,2021-07-21,2021,142,Minnesota Twins,145,Chicago White Sox,7,2,0
633213,2021-07-21,2021,143,Philadelphia Phillies,147,New York Yankees,5,6,1
633217,2021-07-21,2021,137,San Francisco Giants,119,Los Angeles Dodgers,4,2,0
633222,2021-07-21,2021,114,Cleveland Indians,117,Houston Astros,5,4,0
633224,2021-07-21,2021,135,San Diego Padres,144,Atlanta Braves,6,5,0
633224,2021-07-21,2021,135,San Diego Padres,144,Atlanta Braves,6,5,0
633225,2021-07-21,2021,110,Baltimore Orioles,139,Tampa Bay Rays,4,5,1
633227,2021-07-21,2021,118,Kansas City Royals,158,Milwaukee Brewers,6,3,0
633241,2021-07-21,2021,112,Chicago Cubs,138,St. Louis Cardinals,2,3,1
633250,2021-07-21,2021,135,San Diego Padres,144,Atlanta Braves,3,2,0
633260,2021-07-21,2021,134,Pittsburgh Pirates,109,Arizona Diamondbacks,4,6,1
633178,2021-07-22,2021,112,Chicago Cubs,138,St. Louis Cardinals,2,3,1
633180,2021-07-22,2021,139,Tampa Bay Rays,114,Cleveland Indians,5,4,0
633193,2021-07-22,2021,147,New York Yankees,111,Boston Red Sox,4,5,1
633220,2021-07-22,2021,108,Los Angeles Angels,142,Minnesota Twins,3,2,0
633231,2021-07-22,2021,133,Oakland Athletics,136,Seattle Mariners,4,1,0
633244,2021-07-22,2021,137,San Francisco Giants,119,Los Angeles Dodgers,5,3,0
633258,2021-07-22,2021,140,Texas Rangers,116,Detroit Tigers,5,7,1
633269,2021-07-22,2021,135,San Diego Padres,146,Miami Marlins,3,2,0
633276,2021-07-22,2021,144,Atlanta Braves,143,Philadelphia Phillies,7,2,0
633159,2021-07-23,2021,108,Los Angeles Angels,142,Minnesota Twins,4,5,1
633163,2021-07-23,2021,145,Chicago White Sox,158,Milwaukee Brewers,1,7,1
633164,2021-07-23,2021,135,San Diego Padres,146,Miami Marlins,5,2,0
633170,2021-07-23,2021,109,Arizona Diamondbacks,112,Chicago Cubs,3,8,1
633173,2021-07-23,2021,115,Colorado Rockies,119,Los Angeles Dodgers,9,6,0
633176,2021-07-23,2021,120,Washington Nationals,110,Baltimore Orioles,1,6,1
633181,2021-07-23,2021,147,New York Yankees,111,Boston Red Sox,2,6,1
633184,2021-07-23,2021,138,St. Louis Cardinals,113,Cincinnati Reds,5,6,1
633208,2021-07-23,2021,140,Texas Rangers,117,Houston Astros,3,7,1
633211,2021-07-23,2021,139,Tampa Bay Rays,114,Cleveland Indians,10,5,0
633214,2021-07-23,2021,144,Atlanta Braves,143,Philadelphia Phillies,1,5,1
633215,2021-07-23,2021,134,Pittsburgh Pirates,137,San Francisco Giants,6,4,0
633221,2021-07-23,2021,141,Toronto Blue Jays,121,New York Mets,0,3,1
633229,2021-07-23,2021,133,Oakland Athletics,136,Seattle Mariners,3,4,1
633232,2021-07-23,2021,116,Detroit Tigers,118,Kansas City Royals,3,5,1
633140,2021-07-24,2021,133,Oakland Athletics,136,Seattle Mariners,4,5,1
633144,2021-07-24,2021,134,Pittsburgh Pirates,137,San Francisco Giants,10,2,0
633154,2021-07-24,2021,147,New York Yankees,111,Boston Red Sox,4,3,0
633167,2021-07-24,2021,145,Chicago White Sox,158,Milwaukee Brewers,1,6,1
633175,2021-07-24,2021,138,St. Louis Cardinals,113,Cincinnati Reds,3,5,1
633185,2021-07-24,2021,139,Tampa Bay Rays,114,Cleveland Indians,8,2,0
633186,2021-07-24,2021,109,Arizona Diamondbacks,112,Chicago Cubs,7,3,0
633188,2021-07-24,2021,115,Colorado Rockies,119,Los Angeles Dodgers,0,1,1
633195,2021-07-24,2021,120,Washington Nationals,110,Baltimore Orioles,3,5,1
633197,2021-07-24,2021,140,Texas Rangers,117,Houston Astros,1,4,1
633201,2021-07-24,2021,116,Detroit Tigers,118,Kansas City Royals,8,9,1
633202,2021-07-24,2021,144,Atlanta Braves,143,Philadelphia Phillies,15,3,0
633209,2021-07-24,2021,108,Los Angeles Angels,142,Minnesota Twins,2,1,0
633210,2021-07-24,2021,135,San Diego Padres,146,Miami Marlins,2,3,1
633272,2021-07-24,2021,141,Toronto Blue Jays,121,New York Mets,10,3,0
633135,2021-07-25,2021,135,San Diego Padres,146,Miami Marlins,3,9,1
633136,2021-07-25,2021,140,Texas Rangers,117,Houston Astros,1,3,1
633151,2021-07-25,2021,145,Chicago White Sox,158,Milwaukee Brewers,3,1,0
633156,2021-07-25,2021,120,Washington Nationals,110,Baltimore Orioles,4,5,1
633169,2021-07-25,2021,133,Oakland Athletics,136,Seattle Mariners,3,4,1
633171,2021-07-25,2021,134,Pittsburgh Pirates,137,San Francisco Giants,1,6,1
633172,2021-07-25,2021,115,Colorado Rockies,119,Los Angeles Dodgers,2,3,1
633174,2021-07-25,2021,141,Toronto Blue Jays,121,New York Mets,4,5,1
633177,2021-07-25,2021,138,St. Louis Cardinals,113,Cincinnati Reds,10,6,0
633179,2021-07-25,2021,108,Los Angeles Angels,142,Minnesota Twins,6,2,0
633183,2021-07-25,2021,116,Detroit Tigers,118,Kansas City Royals,1,6,1
633192,2021-07-25,2021,144,Atlanta Braves,143,Philadelphia Phillies,1,2,1
633194,2021-07-25,2021,139,Tampa Bay Rays,114,Cleveland Indians,2,3,1
633198,2021-07-25,2021,147,New York Yankees,111,Boston Red Sox,4,5,1
633204,2021-07-25,2021,109,Arizona Diamondbacks,112,Chicago Cubs,1,5,1
633121,2021-07-26,2021,145,Chicago White Sox,118,Kansas City Royals,3,4,1
633133,2021-07-26,2021,116,Detroit Tigers,142,Minnesota Twins,5,6,1
633145,2021-07-26,2021,144,Atlanta Braves,121,New York Mets,2,0,0
633157,2021-07-26,2021,115,Colorado Rockies,108,Los Angeles Angels,2,6,1
633168,2021-07-26,2021,120,Washington Nationals,143,Philadelphia Phillies,5,6,1
633182,2021-07-26,2021,113,Cincinnati Reds,112,Chicago Cubs,5,6,1
633206,2021-07-26,2021,117,Houston Astros,136,Seattle Mariners,8,11,1
633219,2021-07-26,2021,141,Toronto Blue Jays,111,Boston Red Sox,4,5,1
633925,2021-07-26,2021,144,Atlanta Braves,121,New York Mets,0,1,1
633137,2021-07-27,2021,116,Detroit Tigers,142,Minnesota Twins,6,5,0
633139,2021-07-27,2021,115,Colorado Rockies,108,Los Angeles Angels,12,3,0
633143,2021-07-27,2021,147,New York Yankees,139,Tampa Bay Rays,4,3,0
633147,2021-07-27,2021,144,Atlanta Braves,121,New York Mets,12,5,0
633149,2021-07-27,2021,119,Los Angeles Dodgers,137,San Francisco Giants,1,2,1
633150,2021-07-27,2021,109,Arizona Diamondbacks,140,Texas Rangers,4,5,1
633152,2021-07-27,2021,120,Washington Nationals,143,Philadelphia Phillies,6,4,0
633153,2021-07-27,2021,146,Miami Marlins,110,Baltimore Orioles,7,3,0
633155,2021-07-27,2021,133,Oakland Athletics,135,San Diego Padres,4,7,1
633158,2021-07-27,2021,117,Houston Astros,136,Seattle Mariners,8,6,0
633160,2021-07-27,2021,113,Cincinnati Reds,112,Chicago Cubs,7,4,0
633161,2021-07-27,2021,158,Milwaukee Brewers,134,Pittsburgh Pirates,9,0,0
633166,2021-07-27,2021,145,Chicago White Sox,118,Kansas City Royals,5,3,0
633189,2021-07-27,2021,138,St. Louis Cardinals,114,Cleveland Indians,4,2,0
633096,2021-07-28,2021,133,Oakland Athletics,135,San Diego Padres,10,4,0
633097,2021-07-28,2021,109,Arizona Diamondbacks,140,Texas Rangers,3,2,0
633098,2021-07-28,2021,146,Miami Marlins,110,Baltimore Orioles,7,8,1
633103,2021-07-28,2021,113,Cincinnati Reds,112,Chicago Cubs,8,2,0
633110,2021-07-28,2021,141,Toronto Blue Jays,111,Boston Red Sox,1,4,1
633113,2021-07-28,2021,158,Milwaukee Brewers,134,Pittsburgh Pirates,7,3,0
633114,2021-07-28,2021,145,Chicago White Sox,118,Kansas City Royals,2,3,1
633122,2021-07-28,2021,147,New York Yankees,139,Tampa Bay Rays,3,1,0
633123,2021-07-28,2021,138,St. Louis Cardinals,114,Cleveland Indians,2,7,1
633125,2021-07-28,2021,119,Los Angeles Dodgers,137,San Francisco Giants,8,0,0
633130,2021-07-28,2021,115,Colorado Rockies,108,Los Angeles Angels,7,8,1
633138,2021-07-28,2021,116,Detroit Tigers,142,Minnesota Twins,17,14,0
633146,2021-07-28,2021,117,Houston Astros,136,Seattle Mariners,11,4,0
633148,2021-07-28,2021,144,Atlanta Braves,121,New York Mets,1,2,1
633162,2021-07-28,2021,141,Toronto Blue Jays,111,Boston Red Sox,4,1,0
633065,2021-07-29,2021,115,Colorado Rockies,135,San Diego Padres,0,3,1
633081,2021-07-29,2021,120,Washington Nationals,143,Philadelphia Phillies,3,1,0
633083,2021-07-29,2021,144,Atlanta Braves,121,New York Mets,6,3,0
633093,2021-07-29,2021,158,Milwaukee Brewers,134,Pittsburgh Pirates,12,0,0
633104,2021-07-29,2021,147,New York Yankees,139,Tampa Bay Rays,0,14,1
633109,2021-07-29,2021,119,Los Angeles Dodgers,137,San Francisco Giants,0,5,1
633111,2021-07-29,2021,133,Oakland Athletics,108,Los Angeles Angels,4,0,0
633115,2021-07-29,2021,110,Baltimore Orioles,116,Detroit Tigers,2,6,1
633124,2021-07-29,2021,113,Cincinnati Reds,112,Chicago Cubs,7,4,0
633126,2021-07-29,2021,141,Toronto Blue Jays,111,Boston Red Sox,13,1,0
633134,2021-07-29,2021,120,Washington Nationals,143,Philadelphia Phillies,8,11,1
633141,2021-07-29,2021,145,Chicago White Sox,118,Kansas City Royals,0,5,1
633073,2021-07-30,2021,147,New York Yankees,146,Miami Marlins,3,1,0
633091,2021-07-30,2021,118,Kansas City Royals,141,Toronto Blue Jays,4,6,1
633094,2021-07-30,2021,112,Chicago Cubs,120,Washington Nationals,3,4,1
633100,2021-07-30,2021,113,Cincinnati Reds,121,New York Mets,6,2,0
633102,2021-07-30,2021,119,Los Angeles Dodgers,109,Arizona Diamondbacks,5,6,1
633107,2021-07-30,2021,110,Baltimore Orioles,116,Detroit Tigers,4,3,0
633108,2021-07-30,2021,143,Philadelphia Phillies,134,Pittsburgh Pirates,0,7,1
633112,2021-07-30,2021,115,Colorado Rockies,135,San Diego Padres,9,4,0
633116,2021-07-30,2021,136,Seattle Mariners,140,Texas Rangers,9,5,0
633118,2021-07-30,2021,133,Oakland Athletics,108,Los Angeles Angels,2,0,0
633119,2021-07-30,2021,142,Minnesota Twins,138,St. Louis Cardinals,1,5,1
633120,2021-07-30,2021,117,Houston Astros,137,San Francisco Giants,9,6,0
633128,2021-07-30,2021,114,Cleveland Indians,145,Chicago White Sox,4,6,1
633131,2021-07-30,2021,158,Milwaukee Brewers,144,Atlanta Braves,9,5,0
633165,2021-07-30,2021,111,Boston Red Sox,139,Tampa Bay Rays,3,7,1
633058,2021-07-31,2021,114,Cleveland Indians,145,Chicago White Sox,12,11,0
633063,2021-07-31,2021,113,Cincinnati Reds,121,New York Mets,4,5,1
633076,2021-07-31,2021,143,Philadelphia Phillies,134,Pittsburgh Pirates,2,3,1
633080,2021-07-31,2021,133,Oakland Athletics,108,Los Angeles Angels,0,1,1
633085,2021-07-31,2021,118,Kansas City Royals,141,Toronto Blue Jays,0,4,1
633088,2021-07-31,2021,117,Houston Astros,137,San Francisco Giants,6,8,1
633090,2021-07-31,2021,111,Boston Red Sox,139,Tampa Bay Rays,5,9,1
633092,2021-07-31,2021,147,New York Yankees,146,Miami Marlins,4,2,0
633099,2021-07-31,2021,119,Los Angeles Dodgers,109,Arizona Diamondbacks,8,3,0
633105,2021-07-31,2021,110,Baltimore Orioles,116,Detroit Tigers,5,2,0
633106,2021-07-31,2021,136,Seattle Mariners,140,Texas Rangers,4,5,1
633117,2021-07-31,2021,158,Milwaukee Brewers,144,Atlanta Braves,1,8,1
633127,2021-07-31,2021,142,Minnesota Twins,138,St. Louis Cardinals,8,1,0
633132,2021-07-31,2021,112,Chicago Cubs,120,Washington Nationals,6,3,0
633142,2021-07-31,2021,115,Colorado Rockies,135,San Diego Padres,5,3,0
633024,2021-08-01,2021,142,Minnesota Twins,138,St. Louis Cardinals,3,7,1
633044,2021-08-01,2021,112,Chicago Cubs,120,Washington Nationals,5,6,1
633047,2021-08-01,2021,114,Cleveland Indians,145,Chicago White Sox,1,2,1
633048,2021-08-01,2021,133,Oakland Athletics,108,Los Angeles Angels,8,3,0
633050,2021-08-01,2021,110,Baltimore Orioles,116,Detroit Tigers,2,6,1
633067,2021-08-01,2021,118,Kansas City Royals,141,Toronto Blue Jays,1,5,1
633069,2021-08-01,2021,147,New York Yankees,146,Miami Marlins,3,1,0
633075,2021-08-01,2021,136,Seattle Mariners,140,Texas Rangers,3,4,1
633082,2021-08-01,2021,143,Philadelphia Phillies,134,Pittsburgh Pirates,15,4,0
633084,2021-08-01,2021,115,Colorado Rockies,135,San Diego Padres,1,8,1
633086,2021-08-01,2021,117,Houston Astros,137,San Francisco Giants,3,5,1
633089,2021-08-01,2021,111,Boston Red Sox,139,Tampa Bay Rays,2,3,1
633095,2021-08-01,2021,158,Milwaukee Brewers,144,Atlanta Braves,2,1,0
633101,2021-08-01,2021,119,Los Angeles Dodgers,109,Arizona Diamondbacks,13,0,0
633129,2021-08-01,2021,113,Cincinnati Reds,121,New York Mets,7,1,0
633041,2021-08-02,2021,114,Cleveland Indians,141,Toronto Blue Jays,5,2,0
633054,2021-08-02,2021,108,Los Angeles Angels,140,Texas Rangers,1,4,1
633057,2021-08-02,2021,143,Philadelphia Phillies,120,Washington Nationals,7,5,0
633070,2021-08-02,2021,136,Seattle Mariners,139,Tampa Bay Rays,8,2,0
633072,2021-08-02,2021,134,Pittsburgh Pirates,158,Milwaukee Brewers,2,6,1
633077,2021-08-02,2021,137,San Francisco Giants,109,Arizona Diamondbacks,11,8,0
633078,2021-08-02,2021,110,Baltimore Orioles,147,New York Yankees,7,1,0
633079,2021-08-02,2021,121,New York Mets,146,Miami Marlins,3,6,1
633005,2021-08-03,2021,136,Seattle Mariners,139,Tampa Bay Rays,4,2,0
633022,2021-08-03,2021,135,San Diego Padres,133,Oakland Athletics,8,1,0
633023,2021-08-03,2021,110,Baltimore Orioles,147,New York Yankees,1,13,1
633025,2021-08-03,2021,137,San Francisco Giants,109,Arizona Diamondbacks,1,3,1
633030,2021-08-03,2021,118,Kansas City Royals,145,Chicago White Sox,1,7,1
633032,2021-08-03,2021,144,Atlanta Braves,138,St. Louis Cardinals,6,1,0
633036,2021-08-03,2021,114,Cleveland Indians,141,Toronto Blue Jays,2,7,1
633038,2021-08-03,2021,112,Chicago Cubs,115,Colorado Rockies,6,13,1
633045,2021-08-03,2021,142,Minnesota Twins,113,Cincinnati Reds,7,5,0
633049,2021-08-03,2021,121,New York Mets,146,Miami Marlins,4,5,1
633056,2021-08-03,2021,108,Los Angeles Angels,140,Texas Rangers,11,3,0
633059,2021-08-03,2021,134,Pittsburgh Pirates,158,Milwaukee Brewers,8,5,0
633061,2021-08-03,2021,117,Houston Astros,119,Los Angeles Dodgers,3,0,0
633066,2021-08-03,2021,143,Philadelphia Phillies,120,Washington Nationals,5,4,0
633087,2021-08-03,2021,111,Boston Red Sox,116,Detroit Tigers,2,4,1
633010,2021-08-04,2021,135,San Diego Padres,133,Oakland Athletics,4,5,1
633011,2021-08-04,2021,114,Cleveland Indians,141,Toronto Blue Jays,6,8,1
633018,2021-08-04,2021,110,Baltimore Orioles,147,New York Yankees,3,10,1
633019,2021-08-04,2021,117,Houston Astros,119,Los Angeles Dodgers,5,7,1
633021,2021-08-04,2021,121,New York Mets,146,Miami Marlins,5,3,0
633027,2021-08-04,2021,136,Seattle Mariners,139,Tampa Bay Rays,3,4,1
633037,2021-08-04,2021,144,Atlanta Braves,138,St. Louis Cardinals,7,4,0
633040,2021-08-04,2021,143,Philadelphia Phillies,120,Washington Nationals,9,5,0
633046,2021-08-04,2021,137,San Francisco Giants,109,Arizona Diamondbacks,7,1,0
633052,2021-08-04,2021,111,Boston Red Sox,116,Detroit Tigers,4,1,0
633053,2021-08-04,2021,118,Kansas City Royals,145,Chicago White Sox,9,1,0
633055,2021-08-04,2021,108,Los Angeles Angels,140,Texas Rangers,2,1,0
633060,2021-08-04,2021,112,Chicago Cubs,115,Colorado Rockies,3,2,0
633068,2021-08-04,2021,134,Pittsburgh Pirates,158,Milwaukee Brewers,2,4,1
633071,2021-08-04,2021,142,Minnesota Twins,113,Cincinnati Reds,5,6,1
632992,2021-08-05,2021,143,Philadelphia Phillies,120,Washington Nationals,7,6,0
632998,2021-08-05,2021,142,Minnesota Twins,117,Houston Astros,5,3,0
633003,2021-08-05,2021,114,Cleveland Indians,141,Toronto Blue Jays,0,3,1
633004,2021-08-05,2021,108,Los Angeles Angels,140,Texas Rangers,5,0,0
633013,2021-08-05,2021,136,Seattle Mariners,147,New York Yankees,3,5,1
633015,2021-08-05,2021,118,Kansas City Royals,145,Chicago White Sox,3,2,0
633026,2021-08-05,2021,111,Boston Red Sox,116,Detroit Tigers,1,8,1
633033,2021-08-05,2021,121,New York Mets,146,Miami Marlins,2,4,1
633034,2021-08-05,2021,134,Pittsburgh Pirates,113,Cincinnati Reds,4,7,1
633042,2021-08-05,2021,137,San Francisco Giants,109,Arizona Diamondbacks,5,4,0
633043,2021-08-05,2021,144,Atlanta Braves,138,St. Louis Cardinals,8,4,0
633064,2021-08-05,2021,112,Chicago Cubs,115,Colorado Rockies,5,6,1
632974,2021-08-06,2021,111,Boston Red Sox,141,Toronto Blue Jays,4,12,1
632980,2021-08-06,2021,145,Chicago White Sox,112,Chicago Cubs,8,6,0
632982,2021-08-06,2021,118,Kansas City Royals,138,St. Louis Cardinals,2,4,1
632990,2021-08-06,2021,116,Detroit Tigers,114,Cleveland Indians,1,6,1
633002,2021-08-06,2021,134,Pittsburgh Pirates,113,Cincinnati Reds,0,10,1
633006,2021-08-06,2021,139,Tampa Bay Rays,110,Baltimore Orioles,10,6,0
633008,2021-08-06,2021,109,Arizona Diamondbacks,135,San Diego Padres,8,5,0
633017,2021-08-06,2021,140,Texas Rangers,133,Oakland Athletics,1,4,1
633020,2021-08-06,2021,137,San Francisco Giants,158,Milwaukee Brewers,1,2,1
633028,2021-08-06,2021,108,Los Angeles Angels,119,Los Angeles Dodgers,4,3,0
633029,2021-08-06,2021,142,Minnesota Twins,117,Houston Astros,5,4,0
633031,2021-08-06,2021,120,Washington Nationals,144,Atlanta Braves,4,8,1
633035,2021-08-06,2021,146,Miami Marlins,115,Colorado Rockies,2,14,1
633062,2021-08-06,2021,136,Seattle Mariners,147,New York Yankees,2,3,1
633074,2021-08-06,2021,121,New York Mets,143,Philadelphia Phillies,2,4,1
632950,2021-08-07,2021,136,Seattle Mariners,147,New York Yankees,4,5,1
632962,2021-08-07,2021,140,Texas Rangers,133,Oakland Athletics,3,12,1
632963,2021-08-07,2021,111,Boston Red Sox,141,Toronto Blue Jays,0,1,1
632968,2021-08-07,2021,118,Kansas City Royals,138,St. Louis Cardinals,2,5,1
632981,2021-08-07,2021,121,New York Mets,143,Philadelphia Phillies,3,5,1
632983,2021-08-07,2021,137,San Francisco Giants,158,Milwaukee Brewers,9,6,0
632986,2021-08-07,2021,108,Los Angeles Angels,119,Los Angeles Dodgers,3,5,1
632988,2021-08-07,2021,109,Arizona Diamondbacks,135,San Diego Padres,2,6,1
632993,2021-08-07,2021,116,Detroit Tigers,114,Cleveland Indians,2,1,0
632994,2021-08-07,2021,120,Washington Nationals,144,Atlanta Braves,3,2,0
632995,2021-08-07,2021,142,Minnesota Twins,117,Houston Astros,0,4,1
632999,2021-08-07,2021,134,Pittsburgh Pirates,113,Cincinnati Reds,3,11,1
633001,2021-08-07,2021,146,Miami Marlins,115,Colorado Rockies,4,7,1
633012,2021-08-07,2021,145,Chicago White Sox,112,Chicago Cubs,4,0,0
633014,2021-08-07,2021,139,Tampa Bay Rays,110,Baltimore Orioles,12,3,0
633246,2021-08-07,2021,111,Boston Red Sox,141,Toronto Blue Jays,2,1,0
632945,2021-08-08,2021,137,San Francisco Giants,158,Milwaukee Brewers,5,4,0
632953,2021-08-08,2021,136,Seattle Mariners,147,New York Yankees,2,0,0
632956,2021-08-08,2021,108,Los Angeles Angels,119,Los Angeles Dodgers,2,8,1
632957,2021-08-08,2021,142,Minnesota Twins,117,Houston Astros,7,5,0
632967,2021-08-08,2021,121,New York Mets,143,Philadelphia Phillies,0,3,1
632970,2021-08-08,2021,145,Chicago White Sox,112,Chicago Cubs,9,3,0
632971,2021-08-08,2021,139,Tampa Bay Rays,110,Baltimore Orioles,9,6,0
632975,2021-08-08,2021,120,Washington Nationals,144,Atlanta Braves,4,5,1
632977,2021-08-08,2021,146,Miami Marlins,115,Colorado Rockies,8,13,1
632985,2021-08-08,2021,118,Kansas City Royals,138,St. Louis Cardinals,6,5,0
632991,2021-08-08,2021,116,Detroit Tigers,114,Cleveland Indians,5,7,1
633007,2021-08-08,2021,111,Boston Red Sox,141,Toronto Blue Jays,8,9,1
633009,2021-08-08,2021,134,Pittsburgh Pirates,113,Cincinnati Reds,2,3,1
633039,2021-08-08,2021,140,Texas Rangers,133,Oakland Athletics,3,6,1
633051,2021-08-08,2021,109,Arizona Diamondbacks,135,San Diego Padres,0,2,1
632942,2021-08-09,2021,146,Miami Marlins,135,San Diego Padres,3,8,1
632964,2021-08-09,2021,145,Chicago White Sox,142,Minnesota Twins,11,1,0
632979,2021-08-09,2021,147,New York Yankees,118,Kansas City Royals,8,6,0
634173,2021-08-09,2021,113,Cincinnati Reds,114,Cleveland Indians,3,9,1
632208,2021-08-10,2021,108,Los Angeles Angels,141,Toronto Blue Jays,6,3,0
632933,2021-08-10,2021,109,Arizona Diamondbacks,137,San Francisco Giants,7,8,1
632934,2021-08-10,2021,145,Chicago White Sox,142,Minnesota Twins,3,4,1
632940,2021-08-10,2021,141,Toronto Blue Jays,108,Los Angeles Angels,4,0,0
632948,2021-08-10,2021,138,St. Louis Cardinals,134,Pittsburgh Pirates,4,1,0
632955,2021-08-10,2021,140,Texas Rangers,136,Seattle Mariners,5,4,0
632960,2021-08-10,2021,116,Detroit Tigers,110,Baltimore Orioles,9,4,0
632966,2021-08-10,2021,120,Washington Nationals,121,New York Mets,7,8,1
632966,2021-08-10,2021,120,Washington Nationals,121,New York Mets,7,8,1
632973,2021-08-10,2021,115,Colorado Rockies,117,Houston Astros,0,5,1
632976,2021-08-10,2021,146,Miami Marlins,135,San Diego Padres,5,6,1
632978,2021-08-10,2021,133,Oakland Athletics,114,Cleveland Indians,4,3,0
632984,2021-08-10,2021,119,Los Angeles Dodgers,143,Philadelphia Phillies,5,0,0
632987,2021-08-10,2021,147,New York Yankees,118,Kansas City Royals,4,8,1
632989,2021-08-10,2021,113,Cincinnati Reds,144,Atlanta Braves,2,3,1
632996,2021-08-10,2021,139,Tampa Bay Rays,111,Boston Red Sox,8,4,0
632997,2021-08-10,2021,158,Milwaukee Brewers,112,Chicago Cubs,4,2,0
633000,2021-08-10,2021,158,Milwaukee Brewers,112,Chicago Cubs,6,3,0
632904,2021-08-11,2021,115,Colorado Rockies,117,Houston Astros,1,5,1
632915,2021-08-11,2021,119,Los Angeles Dodgers,143,Philadelphia Phillies,8,2,0
632922,2021-08-11,2021,116,Detroit Tigers,110,Baltimore Orioles,5,2,0
632923,2021-08-11,2021,113,Cincinnati Reds,144,Atlanta Braves,6,8,1
632927,2021-08-11,2021,145,Chicago White Sox,142,Minnesota Twins,0,1,1
632928,2021-08-11,2021,138,St. Louis Cardinals,134,Pittsburgh Pirates,4,0,0
632931,2021-08-11,2021,139,Tampa Bay Rays,111,Boston Red Sox,8,20,1
632935,2021-08-11,2021,147,New York Yankees,118,Kansas City Royals,5,2,0
632937,2021-08-11,2021,133,Oakland Athletics,114,Cleveland Indians,6,3,0
632946,2021-08-11,2021,158,Milwaukee Brewers,112,Chicago Cubs,10,0,0
632951,2021-08-11,2021,109,Arizona Diamondbacks,137,San Francisco Giants,2,7,1
632952,2021-08-11,2021,140,Texas Rangers,136,Seattle Mariners,1,2,1
632959,2021-08-11,2021,146,Miami Marlins,135,San Diego Padres,7,0,0
632965,2021-08-11,2021,141,Toronto Blue Jays,108,Los Angeles Angels,10,2,0
632900,2021-08-12,2021,133,Oakland Athletics,114,Cleveland Indians,17,0,0
632903,2021-08-12,2021,139,Tampa Bay Rays,111,Boston Red Sox,8,1,0
632912,2021-08-12,2021,120,Washington Nationals,121,New York Mets,4,5,1
632914,2021-08-12,2021,135,San Diego Padres,109,Arizona Diamondbacks,3,12,1
632918,2021-08-12,2021,141,Toronto Blue Jays,108,Los Angeles Angels,3,6,1
632924,2021-08-12,2021,147,New York Yankees,145,Chicago White Sox,8,9,1
632929,2021-08-12,2021,113,Cincinnati Reds,144,Atlanta Braves,12,3,0
632938,2021-08-12,2021,116,Detroit Tigers,110,Baltimore Orioles,6,4,0
632939,2021-08-12,2021,115,Colorado Rockies,137,San Francisco Giants,0,7,1
632944,2021-08-12,2021,138,St. Louis Cardinals,134,Pittsburgh Pirates,7,6,0
632947,2021-08-12,2021,140,Texas Rangers,136,Seattle Mariners,1,3,1
632949,2021-08-12,2021,120,Washington Nationals,121,New York Mets,1,4,1
632969,2021-08-12,2021,119,Los Angeles Dodgers,143,Philadelphia Phillies,1,2,1
633016,2021-08-12,2021,158,Milwaukee Brewers,112,Chicago Cubs,17,4,0
632901,2021-08-13,2021,113,Cincinnati Reds,143,Philadelphia Phillies,6,1,0
632902,2021-08-13,2021,110,Baltimore Orioles,111,Boston Red Sox,1,8,1
632906,2021-08-13,2021,115,Colorado Rockies,137,San Francisco Giants,4,5,1
632911,2021-08-13,2021,119,Los Angeles Dodgers,121,New York Mets,6,5,0
632920,2021-08-13,2021,114,Cleveland Indians,116,Detroit Tigers,7,4,0
632921,2021-08-13,2021,144,Atlanta Braves,120,Washington Nationals,4,2,0
632926,2021-08-13,2021,139,Tampa Bay Rays,142,Minnesota Twins,10,4,0
632930,2021-08-13,2021,112,Chicago Cubs,146,Miami Marlins,10,14,1
632932,2021-08-13,2021,135,San Diego Padres,109,Arizona Diamondbacks,2,3,1
632936,2021-08-13,2021,133,Oakland Athletics,140,Texas Rangers,6,8,1
632943,2021-08-13,2021,138,St. Louis Cardinals,118,Kansas City Royals,6,0,0
632954,2021-08-13,2021,141,Toronto Blue Jays,136,Seattle Mariners,2,3,1
632972,2021-08-13,2021,117,Houston Astros,108,Los Angeles Angels,4,1,0
632818,2021-08-14,2021,138,St. Louis Cardinals,118,Kansas City Royals,9,4,0
632819,2021-08-14,2021,114,Cleveland Indians,116,Detroit Tigers,4,6,1
632820,2021-08-14,2021,158,Milwaukee Brewers,134,Pittsburgh Pirates,4,14,1
632877,2021-08-14,2021,135,San Diego Padres,109,Arizona Diamondbacks,0,7,1
632885,2021-08-14,2021,144,Atlanta Braves,120,Washington Nationals,12,2,0
632889,2021-08-14,2021,115,Colorado Rockies,137,San Francisco Giants,4,1,0
632894,2021-08-14,2021,133,Oakland Athletics,140,Texas Rangers,8,3,0
632897,2021-08-14,2021,158,Milwaukee Brewers,134,Pittsburgh Pirates,6,0,0
632898,2021-08-14,2021,147,New York Yankees,145,Chicago White Sox,7,5,0
632905,2021-08-14,2021,110,Baltimore Orioles,111,Boston Red Sox,2,16,1
632907,2021-08-14,2021,141,Toronto Blue Jays,136,Seattle Mariners,3,9,1
632913,2021-08-14,2021,139,Tampa Bay Rays,142,Minnesota Twins,0,12,1
632916,2021-08-14,2021,113,Cincinnati Reds,143,Philadelphia Phillies,1,6,1
632925,2021-08-14,2021,117,Houston Astros,108,Los Angeles Angels,8,2,0
632941,2021-08-14,2021,112,Chicago Cubs,146,Miami Marlins,4,5,1
632958,2021-08-14,2021,119,Los Angeles Dodgers,121,New York Mets,2,1,0
632847,2021-08-15,2021,133,Oakland Athletics,140,Texas Rangers,4,7,1
632857,2021-08-15,2021,141,Toronto Blue Jays,136,Seattle Mariners,8,3,0
632860,2021-08-15,2021,138,St. Louis Cardinals,118,Kansas City Royals,7,2,0
632863,2021-08-15,2021,115,Colorado Rockies,137,San Francisco Giants,2,5,1
632866,2021-08-15,2021,139,Tampa Bay Rays,142,Minnesota Twins,4,5,1
632867,2021-08-15,2021,144,Atlanta Braves,120,Washington Nationals,6,5,0
632874,2021-08-15,2021,112,Chicago Cubs,146,Miami Marlins,1,4,1
632876,2021-08-15,2021,158,Milwaukee Brewers,134,Pittsburgh Pirates,2,1,0
632881,2021-08-15,2021,117,Houston Astros,108,Los Angeles Angels,1,3,1
632891,2021-08-15,2021,113,Cincinnati Reds,143,Philadelphia Phillies,7,4,0
632895,2021-08-15,2021,119,Los Angeles Dodgers,121,New York Mets,14,4,0
632899,2021-08-15,2021,147,New York Yankees,145,Chicago White Sox,5,3,0
632910,2021-08-15,2021,114,Cleveland Indians,116,Detroit Tigers,11,0,0
632917,2021-08-15,2021,135,San Diego Padres,109,Arizona Diamondbacks,8,2,0
632961,2021-08-15,2021,110,Baltimore Orioles,111,Boston Red Sox,2,6,1
632813,2021-08-16,2021,135,San Diego Padres,115,Colorado Rockies,5,6,1
632858,2021-08-16,2021,144,Atlanta Braves,146,Miami Marlins,12,2,0
632873,2021-08-16,2021,114,Cleveland Indians,142,Minnesota Twins,4,5,1
632878,2021-08-16,2021,112,Chicago Cubs,113,Cincinnati Reds,5,14,1
632882,2021-08-16,2021,134,Pittsburgh Pirates,119,Los Angeles Dodgers,1,2,1
632883,2021-08-16,2021,117,Houston Astros,118,Kansas City Royals,6,7,1
632886,2021-08-16,2021,121,New York Mets,137,San Francisco Giants,5,7,1
632890,2021-08-16,2021,110,Baltimore Orioles,139,Tampa Bay Rays,2,9,1
632892,2021-08-16,2021,133,Oakland Athletics,145,Chicago White Sox,2,5,1
633421,2021-08-16,2021,108,Los Angeles Angels,147,New York Yankees,1,2,1
632825,2021-08-17,2021,141,Toronto Blue Jays,120,Washington Nationals,6,12,1
632851,2021-08-17,2021,135,San Diego Padres,115,Colorado Rockies,3,7,1
632853,2021-08-17,2021,136,Seattle Mariners,140,Texas Rangers,3,1,0
632864,2021-08-17,2021,110,Baltimore Orioles,139,Tampa Bay Rays,0,10,1
632868,2021-08-17,2021,108,Los Angeles Angels,116,Detroit Tigers,8,2,0
632869,2021-08-17,2021,143,Philadelphia Phillies,109,Arizona Diamondbacks,2,3,1
632871,2021-08-17,2021,112,Chicago Cubs,113,Cincinnati Reds,2,1,0
632872,2021-08-17,2021,144,Atlanta Braves,146,Miami Marlins,2,0,0
632875,2021-08-17,2021,117,Houston Astros,118,Kansas City Royals,1,3,1
632880,2021-08-17,2021,114,Cleveland Indians,142,Minnesota Twins,3,1,0
632884,2021-08-17,2021,158,Milwaukee Brewers,138,St. Louis Cardinals,2,0,0
632893,2021-08-17,2021,111,Boston Red Sox,147,New York Yankees,0,2,1
632908,2021-08-17,2021,133,Oakland Athletics,145,Chicago White Sox,0,9,1
632909,2021-08-17,2021,134,Pittsburgh Pirates,119,Los Angeles Dodgers,3,4,1
632919,2021-08-17,2021,121,New York Mets,137,San Francisco Giants,2,3,1
633291,2021-08-17,2021,111,Boston Red Sox,147,New York Yankees,3,5,1
632831,2021-08-18,2021,114,Cleveland Indians,142,Minnesota Twins,7,8,1
632839,2021-08-18,2021,112,Chicago Cubs,113,Cincinnati Reds,7,1,0
632844,2021-08-18,2021,158,Milwaukee Brewers,138,St. Louis Cardinals,6,4,0
632848,2021-08-18,2021,143,Philadelphia Phillies,109,Arizona Diamondbacks,2,4,1
632849,2021-08-18,2021,110,Baltimore Orioles,139,Tampa Bay Rays,4,8,1
632850,2021-08-18,2021,121,New York Mets,137,San Francisco Giants,6,2,0
632852,2021-08-18,2021,111,Boston Red Sox,147,New York Yankees,2,5,1
632854,2021-08-18,2021,133,Oakland Athletics,145,Chicago White Sox,2,3,1
632855,2021-08-18,2021,136,Seattle Mariners,140,Texas Rangers,3,1,0
632856,2021-08-18,2021,141,Toronto Blue Jays,120,Washington Nationals,5,8,1
632859,2021-08-18,2021,117,Houston Astros,118,Kansas City Royals,2,3,1
632861,2021-08-18,2021,108,Los Angeles Angels,116,Detroit Tigers,3,1,0
632862,2021-08-18,2021,135,San Diego Padres,115,Colorado Rockies,5,7,1
632865,2021-08-18,2021,144,Atlanta Braves,146,Miami Marlins,11,9,0
632887,2021-08-18,2021,134,Pittsburgh Pirates,119,Los Angeles Dodgers,0,9,1
632816,2021-08-19,2021,146,Miami Marlins,113,Cincinnati Reds,1,6,1
632823,2021-08-19,2021,133,Oakland Athletics,145,Chicago White Sox,5,4,0
632833,2021-08-19,2021,110,Baltimore Orioles,139,Tampa Bay Rays,2,7,1
632835,2021-08-19,2021,121,New York Mets,119,Los Angeles Dodgers,1,4,1
632838,2021-08-19,2021,136,Seattle Mariners,140,Texas Rangers,9,8,0
632840,2021-08-19,2021,142,Minnesota Twins,147,New York Yankees,5,7,1
632841,2021-08-19,2021,143,Philadelphia Phillies,109,Arizona Diamondbacks,2,6,1
632843,2021-08-19,2021,117,Houston Astros,118,Kansas City Royals,6,3,0
632845,2021-08-19,2021,158,Milwaukee Brewers,138,St. Louis Cardinals,4,8,1
632846,2021-08-19,2021,108,Los Angeles Angels,116,Detroit Tigers,13,10,0
632774,2021-08-20,2021,136,Seattle Mariners,117,Houston Astros,3,12,1
632799,2021-08-20,2021,142,Minnesota Twins,147,New York Yankees,2,10,1
632809,2021-08-20,2021,137,San Francisco Giants,133,Oakland Athletics,1,4,1
632811,2021-08-20,2021,121,New York Mets,119,Los Angeles Dodgers,2,3,1
632814,2021-08-20,2021,144,Atlanta Braves,110,Baltimore Orioles,3,0,0
632815,2021-08-20,2021,134,Pittsburgh Pirates,138,St. Louis Cardinals,4,0,0
632817,2021-08-20,2021,143,Philadelphia Phillies,135,San Diego Padres,4,3,0
632826,2021-08-20,2021,118,Kansas City Royals,112,Chicago Cubs,6,2,0
632827,2021-08-20,2021,140,Texas Rangers,111,Boston Red Sox,0,6,1
632828,2021-08-20,2021,109,Arizona Diamondbacks,115,Colorado Rockies,4,9,1
632832,2021-08-20,2021,146,Miami Marlins,113,Cincinnati Reds,3,5,1
632836,2021-08-20,2021,145,Chicago White Sox,139,Tampa Bay Rays,7,5,0
632837,2021-08-20,2021,108,Los Angeles Angels,114,Cleveland Indians,1,9,1
632888,2021-08-20,2021,116,Detroit Tigers,141,Toronto Blue Jays,4,1,0
632896,2021-08-20,2021,120,Washington Nationals,158,Milwaukee Brewers,4,1,0
632775,2021-08-21,2021,116,Detroit Tigers,141,Toronto Blue Jays,0,3,1
632780,2021-08-21,2021,108,Los Angeles Angels,114,Cleveland Indians,1,5,1
632790,2021-08-21,2021,109,Arizona Diamondbacks,115,Colorado Rockies,2,5,1
632795,2021-08-21,2021,121,New York Mets,119,Los Angeles Dodgers,3,4,1
632797,2021-08-21,2021,146,Miami Marlins,113,Cincinnati Reds,4,7,1
632804,2021-08-21,2021,145,Chicago White Sox,139,Tampa Bay Rays,4,8,1
632806,2021-08-21,2021,143,Philadelphia Phillies,135,San Diego Padres,3,4,1
632810,2021-08-21,2021,134,Pittsburgh Pirates,138,St. Louis Cardinals,5,4,0
632821,2021-08-21,2021,142,Minnesota Twins,147,New York Yankees,1,7,1
632824,2021-08-21,2021,118,Kansas City Royals,112,Chicago Cubs,4,2,0
632829,2021-08-21,2021,120,Washington Nationals,158,Milwaukee Brewers,6,9,1
632834,2021-08-21,2021,136,Seattle Mariners,117,Houston Astros,1,15,1
632842,2021-08-21,2021,137,San Francisco Giants,133,Oakland Athletics,6,5,0
632870,2021-08-21,2021,140,Texas Rangers,111,Boston Red Sox,10,1,0
632879,2021-08-21,2021,144,Atlanta Braves,110,Baltimore Orioles,5,4,0
632771,2021-08-22,2021,118,Kansas City Royals,112,Chicago Cubs,9,1,0
632772,2021-08-22,2021,144,Atlanta Braves,110,Baltimore Orioles,3,1,0
632784,2021-08-22,2021,116,Detroit Tigers,141,Toronto Blue Jays,5,3,0
632785,2021-08-22,2021,145,Chicago White Sox,139,Tampa Bay Rays,0,9,1
632786,2021-08-22,2021,120,Washington Nationals,158,Milwaukee Brewers,3,7,1
632791,2021-08-22,2021,137,San Francisco Giants,133,Oakland Athletics,2,1,0
632793,2021-08-22,2021,136,Seattle Mariners,117,Houston Astros,6,3,0
632794,2021-08-22,2021,134,Pittsburgh Pirates,138,St. Louis Cardinals,0,3,1
632796,2021-08-22,2021,121,New York Mets,119,Los Angeles Dodgers,7,2,0
632801,2021-08-22,2021,146,Miami Marlins,113,Cincinnati Reds,1,3,1
632803,2021-08-22,2021,109,Arizona Diamondbacks,115,Colorado Rockies,8,4,0
632812,2021-08-22,2021,108,Los Angeles Angels,114,Cleveland Indians,0,3,1
632830,2021-08-22,2021,143,Philadelphia Phillies,135,San Diego Padres,7,4,0
632758,2021-08-23,2021,136,Seattle Mariners,133,Oakland Athletics,5,3,0
632770,2021-08-23,2021,118,Kansas City Royals,117,Houston Astros,7,1,0
632773,2021-08-23,2021,140,Texas Rangers,111,Boston Red Sox,4,8,1
632787,2021-08-23,2021,145,Chicago White Sox,141,Toronto Blue Jays,1,2,1
632792,2021-08-23,2021,115,Colorado Rockies,112,Chicago Cubs,4,6,1
632798,2021-08-23,2021,109,Arizona Diamondbacks,134,Pittsburgh Pirates,5,6,1
632805,2021-08-23,2021,147,New York Yankees,144,Atlanta Braves,5,1,0
632728,2021-08-24,2021,113,Cincinnati Reds,158,Milwaukee Brewers,4,7,1
632744,2021-08-24,2021,109,Arizona Diamondbacks,134,Pittsburgh Pirates,2,4,1
632748,2021-08-24,2021,119,Los Angeles Dodgers,135,San Diego Padres,5,2,0
632755,2021-08-24,2021,142,Minnesota Twins,111,Boston Red Sox,9,11,1
632763,2021-08-24,2021,147,New York Yankees,144,Atlanta Braves,5,4,0
632769,2021-08-24,2021,136,Seattle Mariners,133,Oakland Athletics,5,1,0
632776,2021-08-24,2021,118,Kansas City Royals,117,Houston Astros,0,4,1
632777,2021-08-24,2021,139,Tampa Bay Rays,143,Philadelphia Phillies,3,1,0
632779,2021-08-24,2021,145,Chicago White Sox,141,Toronto Blue Jays,5,2,0
632781,2021-08-24,2021,116,Detroit Tigers,138,St. Louis Cardinals,4,3,0
632783,2021-08-24,2021,140,Texas Rangers,114,Cleveland Indians,7,3,0
632789,2021-08-24,2021,120,Washington Nationals,146,Miami Marlins,5,1,0
632802,2021-08-24,2021,137,San Francisco Giants,121,New York Mets,8,0,0
632807,2021-08-24,2021,108,Los Angeles Angels,110,Baltimore Orioles,14,8,0
632727,2021-08-25,2021,139,Tampa Bay Rays,143,Philadelphia Phillies,7,4,0
632738,2021-08-25,2021,115,Colorado Rockies,112,Chicago Cubs,2,5,1
632747,2021-08-25,2021,137,San Francisco Giants,121,New York Mets,3,2,0
632751,2021-08-25,2021,116,Detroit Tigers,138,St. Louis Cardinals,2,3,1
632752,2021-08-25,2021,145,Chicago White Sox,141,Toronto Blue Jays,1,3,1
632756,2021-08-25,2021,108,Los Angeles Angels,110,Baltimore Orioles,6,10,1
632760,2021-08-25,2021,120,Washington Nationals,146,Miami Marlins,3,4,1
632761,2021-08-25,2021,113,Cincinnati Reds,158,Milwaukee Brewers,1,4,1
632764,2021-08-25,2021,119,Los Angeles Dodgers,135,San Diego Padres,5,3,0
632766,2021-08-25,2021,140,Texas Rangers,114,Cleveland Indians,2,7,1
632767,2021-08-25,2021,142,Minnesota Twins,111,Boston Red Sox,9,6,0
632768,2021-08-25,2021,118,Kansas City Royals,117,Houston Astros,5,6,1
632778,2021-08-25,2021,109,Arizona Diamondbacks,134,Pittsburgh Pirates,5,2,0
632822,2021-08-25,2021,115,Colorado Rockies,112,Chicago Cubs,13,10,0
632685,2021-08-26,2021,119,Los Angeles Dodgers,135,San Diego Padres,4,0,0
632724,2021-08-26,2021,145,Chicago White Sox,141,Toronto Blue Jays,10,7,0
632726,2021-08-26,2021,113,Cincinnati Reds,158,Milwaukee Brewers,5,1,0
632729,2021-08-26,2021,138,St. Louis Cardinals,134,Pittsburgh Pirates,7,11,1
632739,2021-08-26,2021,118,Kansas City Royals,136,Seattle Mariners,6,4,0
632741,2021-08-26,2021,142,Minnesota Twins,111,Boston Red Sox,2,12,1
632743,2021-08-26,2021,108,Los Angeles Angels,110,Baltimore Orioles,1,13,1
632745,2021-08-26,2021,137,San Francisco Giants,121,New York Mets,3,2,0
632746,2021-08-26,2021,109,Arizona Diamondbacks,143,Philadelphia Phillies,8,7,0
632749,2021-08-26,2021,147,New York Yankees,133,Oakland Athletics,7,6,0
632754,2021-08-26,2021,120,Washington Nationals,146,Miami Marlins,5,7,1
632788,2021-08-26,2021,140,Texas Rangers,114,Cleveland Indians,6,10,1
632709,2021-08-27,2021,141,Toronto Blue Jays,116,Detroit Tigers,1,2,1
632718,2021-08-27,2021,112,Chicago Cubs,145,Chicago White Sox,13,17,1
632720,2021-08-27,2021,139,Tampa Bay Rays,110,Baltimore Orioles,6,3,0
632725,2021-08-27,2021,147,New York Yankees,133,Oakland Athletics,8,2,0
632732,2021-08-27,2021,137,San Francisco Giants,144,Atlanta Braves,5,6,1
632734,2021-08-27,2021,117,Houston Astros,140,Texas Rangers,5,4,0
632735,2021-08-27,2021,111,Boston Red Sox,114,Cleveland Indians,4,3,0
632740,2021-08-27,2021,115,Colorado Rockies,119,Los Angeles Dodgers,4,2,0
632742,2021-08-27,2021,113,Cincinnati Reds,146,Miami Marlins,6,0,0
632753,2021-08-27,2021,118,Kansas City Royals,136,Seattle Mariners,8,7,0
632759,2021-08-27,2021,158,Milwaukee Brewers,142,Minnesota Twins,0,2,1
632762,2021-08-27,2021,138,St. Louis Cardinals,134,Pittsburgh Pirates,4,3,0
632782,2021-08-27,2021,135,San Diego Padres,108,Los Angeles Angels,5,0,0
632800,2021-08-27,2021,120,Washington Nationals,121,New York Mets,2,1,0
632808,2021-08-27,2021,109,Arizona Diamondbacks,143,Philadelphia Phillies,6,7,1
632697,2021-08-28,2021,135,San Diego Padres,108,Los Angeles Angels,2,10,1
632702,2021-08-28,2021,117,Houston Astros,140,Texas Rangers,5,2,0
632706,2021-08-28,2021,147,New York Yankees,133,Oakland Athletics,2,3,1
632707,2021-08-28,2021,115,Colorado Rockies,119,Los Angeles Dodgers,2,5,1
632712,2021-08-28,2021,109,Arizona Diamondbacks,143,Philadelphia Phillies,0,7,1
632713,2021-08-28,2021,118,Kansas City Royals,136,Seattle Mariners,4,2,0
632716,2021-08-28,2021,158,Milwaukee Brewers,142,Minnesota Twins,4,6,1
632717,2021-08-28,2021,120,Washington Nationals,121,New York Mets,3,5,1
632719,2021-08-28,2021,141,Toronto Blue Jays,116,Detroit Tigers,3,2,0
632721,2021-08-28,2021,139,Tampa Bay Rays,110,Baltimore Orioles,4,3,0
632722,2021-08-28,2021,112,Chicago Cubs,145,Chicago White Sox,7,0,0
632723,2021-08-28,2021,138,St. Louis Cardinals,134,Pittsburgh Pirates,13,0,0
632733,2021-08-28,2021,137,San Francisco Giants,144,Atlanta Braves,5,0,0
632737,2021-08-28,2021,111,Boston Red Sox,114,Cleveland Indians,5,3,0
632757,2021-08-28,2021,113,Cincinnati Reds,146,Miami Marlins,1,6,1
632673,2021-08-29,2021,109,Arizona Diamondbacks,143,Philadelphia Phillies,4,7,1
632684,2021-08-29,2021,113,Cincinnati Reds,146,Miami Marlins,1,2,1
632693,2021-08-29,2021,118,Kansas City Royals,136,Seattle Mariners,3,4,1
632696,2021-08-29,2021,117,Houston Astros,140,Texas Rangers,2,13,1
632698,2021-08-29,2021,138,St. Louis Cardinals,134,Pittsburgh Pirates,3,4,1
632700,2021-08-29,2021,147,New York Yankees,133,Oakland Athletics,1,3,1
632701,2021-08-29,2021,137,San Francisco Giants,144,Atlanta Braves,0,9,1
632704,2021-08-29,2021,111,Boston Red Sox,114,Cleveland Indians,5,7,1
632705,2021-08-29,2021,158,Milwaukee Brewers,142,Minnesota Twins,6,2,0
632711,2021-08-29,2021,120,Washington Nationals,121,New York Mets,4,9,1
632714,2021-08-29,2021,115,Colorado Rockies,119,Los Angeles Dodgers,5,0,0
632736,2021-08-29,2021,139,Tampa Bay Rays,110,Baltimore Orioles,12,8,0
632750,2021-08-29,2021,141,Toronto Blue Jays,116,Detroit Tigers,2,1,0
632765,2021-08-29,2021,112,Chicago Cubs,145,Chicago White Sox,1,13,1
632664,2021-08-30,2021,111,Boston Red Sox,139,Tampa Bay Rays,1,6,1
632665,2021-08-30,2021,117,Houston Astros,136,Seattle Mariners,4,3,0
632668,2021-08-30,2021,110,Baltimore Orioles,141,Toronto Blue Jays,3,7,1
632674,2021-08-30,2021,144,Atlanta Braves,119,Los Angeles Dodgers,3,5,1
632678,2021-08-30,2021,115,Colorado Rockies,140,Texas Rangers,3,4,1
632687,2021-08-30,2021,158,Milwaukee Brewers,137,San Francisco Giants,3,1,0
632690,2021-08-30,2021,147,New York Yankees,108,Los Angeles Angels,7,8,1
632691,2021-08-30,2021,143,Philadelphia Phillies,120,Washington Nationals,7,4,0
632692,2021-08-30,2021,138,St. Louis Cardinals,113,Cincinnati Reds,3,1,0
632703,2021-08-30,2021,135,San Diego Padres,109,Arizona Diamondbacks,7,5,0
633372,2021-08-30,2021,142,Minnesota Twins,116,Detroit Tigers,3,2,0
632657,2021-08-31,2021,117,Houston Astros,136,Seattle Mariners,0,4,1
632663,2021-08-31,2021,144,Atlanta Braves,119,Los Angeles Dodgers,2,3,1
632669,2021-08-31,2021,111,Boston Red Sox,139,Tampa Bay Rays,5,8,1
632672,2021-08-31,2021,135,San Diego Padres,109,Arizona Diamondbacks,3,0,0
632675,2021-08-31,2021,147,New York Yankees,108,Los Angeles Angels,4,6,1
632676,2021-08-31,2021,114,Cleveland Indians,118,Kansas City Royals,7,2,0
632677,2021-08-31,2021,143,Philadelphia Phillies,120,Washington Nationals,12,6,0
632679,2021-08-31,2021,146,Miami Marlins,121,New York Mets,1,3,1
632680,2021-08-31,2021,115,Colorado Rockies,140,Texas Rangers,3,4,1
632682,2021-08-31,2021,158,Milwaukee Brewers,137,San Francisco Giants,6,2,0
632683,2021-08-31,2021,134,Pittsburgh Pirates,145,Chicago White Sox,2,4,1
632688,2021-08-31,2021,133,Oakland Athletics,116,Detroit Tigers,9,3,0
632694,2021-08-31,2021,112,Chicago Cubs,142,Minnesota Twins,3,1,0
632715,2021-08-31,2021,110,Baltimore Orioles,141,Toronto Blue Jays,4,2,0
632640,2021-09-01,2021,110,Baltimore Orioles,141,Toronto Blue Jays,4,5,1
632641,2021-09-01,2021,115,Colorado Rockies,140,Texas Rangers,9,5,0
632648,2021-09-01,2021,117,Houston Astros,136,Seattle Mariners,0,1,1
632653,2021-09-01,2021,111,Boston Red Sox,139,Tampa Bay Rays,3,2,0
632655,2021-09-01,2021,147,New York Yankees,108,Los Angeles Angels,4,1,0
632656,2021-09-01,2021,144,Atlanta Braves,119,Los Angeles Dodgers,3,4,1
632661,2021-09-01,2021,158,Milwaukee Brewers,137,San Francisco Giants,5,2,0
632662,2021-09-01,2021,114,Cleveland Indians,118,Kansas City Royals,5,3,0
632671,2021-09-01,2021,134,Pittsburgh Pirates,145,Chicago White Sox,3,6,1
632681,2021-09-01,2021,135,San Diego Padres,109,Arizona Diamondbacks,3,8,1
632689,2021-09-01,2021,112,Chicago Cubs,142,Minnesota Twins,3,0,0
632699,2021-09-01,2021,138,St. Louis Cardinals,113,Cincinnati Reds,5,4,0
632710,2021-09-01,2021,133,Oakland Athletics,116,Detroit Tigers,6,8,1
632731,2021-09-01,2021,138,St. Louis Cardinals,113,Cincinnati Reds,2,12,1
632630,2021-09-02,2021,111,Boston Red Sox,139,Tampa Bay Rays,4,0,0
632635,2021-09-02,2021,114,Cleveland Indians,118,Kansas City Royals,4,2,0
632646,2021-09-02,2021,134,Pittsburgh Pirates,112,Chicago Cubs,5,6,1
632650,2021-09-02,2021,146,Miami Marlins,121,New York Mets,3,4,1
632659,2021-09-02,2021,158,Milwaukee Brewers,137,San Francisco Giants,1,5,1
632670,2021-09-02,2021,143,Philadelphia Phillies,120,Washington Nationals,7,6,0
632686,2021-09-02,2021,133,Oakland Athletics,116,Detroit Tigers,8,6,0
632695,2021-09-02,2021,144,Atlanta Braves,115,Colorado Rockies,6,5,0
632617,2021-09-03,2021,121,New York Mets,120,Washington Nationals,6,2,0
632621,2021-09-03,2021,143,Philadelphia Phillies,146,Miami Marlins,3,10,1
632627,2021-09-03,2021,142,Minnesota Twins,139,Tampa Bay Rays,3,5,1
632629,2021-09-03,2021,133,Oakland Athletics,141,Toronto Blue Jays,10,11,1
632632,2021-09-03,2021,140,Texas Rangers,108,Los Angeles Angels,2,3,1
632633,2021-09-03,2021,145,Chicago White Sox,118,Kansas City Royals,2,7,1
632638,2021-09-03,2021,138,St. Louis Cardinals,158,Milwaukee Brewers,15,4,0
632639,2021-09-03,2021,114,Cleveland Indians,111,Boston Red Sox,5,8,1
632642,2021-09-03,2021,110,Baltimore Orioles,147,New York Yankees,3,4,1
632644,2021-09-03,2021,144,Atlanta Braves,115,Colorado Rockies,3,4,1
632645,2021-09-03,2021,119,Los Angeles Dodgers,137,San Francisco Giants,2,3,1
632651,2021-09-03,2021,117,Houston Astros,135,San Diego Padres,6,3,0
632654,2021-09-03,2021,116,Detroit Tigers,113,Cincinnati Reds,15,5,0
632660,2021-09-03,2021,134,Pittsburgh Pirates,112,Chicago Cubs,5,6,1
632708,2021-09-03,2021,136,Seattle Mariners,109,Arizona Diamondbacks,6,5,0
632600,2021-09-04,2021,142,Minnesota Twins,139,Tampa Bay Rays,4,11,1
632611,2021-09-04,2021,121,New York Mets,120,Washington Nationals,3,4,1
632612,2021-09-04,2021,117,Houston Astros,135,San Diego Padres,2,10,1
632615,2021-09-04,2021,144,Atlanta Braves,115,Colorado Rockies,6,7,1
632616,2021-09-04,2021,133,Oakland Athletics,141,Toronto Blue Jays,8,10,1
632622,2021-09-04,2021,110,Baltimore Orioles,147,New York Yankees,4,3,0
632623,2021-09-04,2021,136,Seattle Mariners,109,Arizona Diamondbacks,8,5,0
632624,2021-09-04,2021,134,Pittsburgh Pirates,112,Chicago Cubs,6,7,1
632625,2021-09-04,2021,140,Texas Rangers,108,Los Angeles Angels,1,4,1
632626,2021-09-04,2021,143,Philadelphia Phillies,146,Miami Marlins,2,3,1
632634,2021-09-04,2021,114,Cleveland Indians,111,Boston Red Sox,3,4,1
632636,2021-09-04,2021,119,Los Angeles Dodgers,137,San Francisco Giants,6,1,0
632649,2021-09-04,2021,116,Detroit Tigers,113,Cincinnati Reds,4,7,1
632652,2021-09-04,2021,145,Chicago White Sox,118,Kansas City Royals,10,7,0
632667,2021-09-04,2021,138,St. Louis Cardinals,158,Milwaukee Brewers,0,4,1
634556,2021-09-04,2021,121,New York Mets,120,Washington Nationals,11,9,0
632582,2021-09-05,2021,110,Baltimore Orioles,147,New York Yankees,8,7,0
632592,2021-09-05,2021,114,Cleveland Indians,111,Boston Red Sox,11,5,0
632598,2021-09-05,2021,121,New York Mets,120,Washington Nationals,13,6,0
632599,2021-09-05,2021,119,Los Angeles Dodgers,137,San Francisco Giants,4,6,1
632601,2021-09-05,2021,136,Seattle Mariners,109,Arizona Diamondbacks,10,4,0
632602,2021-09-05,2021,143,Philadelphia Phillies,146,Miami Marlins,4,3,0
632605,2021-09-05,2021,142,Minnesota Twins,139,Tampa Bay Rays,6,5,0
632606,2021-09-05,2021,144,Atlanta Braves,115,Colorado Rockies,9,2,0
632607,2021-09-05,2021,133,Oakland Athletics,141,Toronto Blue Jays,0,8,1
632610,2021-09-05,2021,138,St. Louis Cardinals,158,Milwaukee Brewers,5,6,1
632613,2021-09-05,2021,134,Pittsburgh Pirates,112,Chicago Cubs,8,11,1
632614,2021-09-05,2021,145,Chicago White Sox,118,Kansas City Royals,0,6,1
632618,2021-09-05,2021,116,Detroit Tigers,113,Cincinnati Reds,4,1,0
632619,2021-09-05,2021,140,Texas Rangers,108,Los Angeles Angels,7,3,0
632647,2021-09-05,2021,117,Houston Astros,135,San Diego Padres,3,4,1
632584,2021-09-06,2021,143,Philadelphia Phillies,158,Milwaukee Brewers,12,0,0
632585,2021-09-06,2021,116,Detroit Tigers,134,Pittsburgh Pirates,3,6,1
632591,2021-09-06,2021,142,Minnesota Twins,114,Cleveland Indians,5,2,0
632593,2021-09-06,2021,141,Toronto Blue Jays,147,New York Yankees,8,0,0
632596,2021-09-06,2021,136,Seattle Mariners,117,Houston Astros,2,11,1
632597,2021-09-06,2021,113,Cincinnati Reds,112,Chicago Cubs,3,4,1
632603,2021-09-06,2021,139,Tampa Bay Rays,111,Boston Red Sox,11,10,0
632604,2021-09-06,2021,121,New York Mets,120,Washington Nationals,3,4,1
632608,2021-09-06,2021,137,San Francisco Giants,115,Colorado Rockies,10,5,0
632620,2021-09-06,2021,140,Texas Rangers,108,Los Angeles Angels,4,0,0
632628,2021-09-06,2021,119,Los Angeles Dodgers,138,St. Louis Cardinals,5,1,0
632658,2021-09-06,2021,118,Kansas City Royals,110,Baltimore Orioles,3,2,0
632558,2021-09-07,2021,119,Los Angeles Dodgers,138,St. Louis Cardinals,7,2,0
632560,2021-09-07,2021,116,Detroit Tigers,134,Pittsburgh Pirates,2,3,1
632569,2021-09-07,2021,143,Philadelphia Phillies,158,Milwaukee Brewers,0,10,1
632572,2021-09-07,2021,121,New York Mets,146,Miami Marlins,9,4,0
632577,2021-09-07,2021,141,Toronto Blue Jays,147,New York Yankees,5,1,0
632578,2021-09-07,2021,145,Chicago White Sox,133,Oakland Athletics,6,3,0
632581,2021-09-07,2021,108,Los Angeles Angels,135,San Diego Padres,4,0,0
632583,2021-09-07,2021,120,Washington Nationals,144,Atlanta Braves,5,8,1
632586,2021-09-07,2021,142,Minnesota Twins,114,Cleveland Indians,3,0,0
632587,2021-09-07,2021,137,San Francisco Giants,115,Colorado Rockies,12,3,0
632588,2021-09-07,2021,139,Tampa Bay Rays,111,Boston Red Sox,12,7,0
632590,2021-09-07,2021,136,Seattle Mariners,117,Houston Astros,4,5,1
632594,2021-09-07,2021,118,Kansas City Royals,110,Baltimore Orioles,3,7,1
632595,2021-09-07,2021,140,Texas Rangers,109,Arizona Diamondbacks,3,1,0
632637,2021-09-07,2021,113,Cincinnati Reds,112,Chicago Cubs,4,3,0
632545,2021-09-08,2021,145,Chicago White Sox,133,Oakland Athletics,1,5,1
632554,2021-09-08,2021,120,Washington Nationals,144,Atlanta Braves,4,2,0
632565,2021-09-08,2021,143,Philadelphia Phillies,158,Milwaukee Brewers,3,4,1
632566,2021-09-08,2021,113,Cincinnati Reds,112,Chicago Cubs,1,4,1
632567,2021-09-08,2021,141,Toronto Blue Jays,147,New York Yankees,6,3,0
632573,2021-09-08,2021,140,Texas Rangers,109,Arizona Diamondbacks,8,5,0
632574,2021-09-08,2021,121,New York Mets,146,Miami Marlins,1,2,1
632575,2021-09-08,2021,139,Tampa Bay Rays,111,Boston Red Sox,1,2,1
632576,2021-09-08,2021,118,Kansas City Royals,110,Baltimore Orioles,8,9,1
632579,2021-09-08,2021,142,Minnesota Twins,114,Cleveland Indians,3,0,0
632580,2021-09-08,2021,136,Seattle Mariners,117,Houston Astros,8,5,0
632589,2021-09-08,2021,137,San Francisco Giants,115,Colorado Rockies,7,4,0
632609,2021-09-08,2021,116,Detroit Tigers,134,Pittsburgh Pirates,5,1,0
632631,2021-09-08,2021,108,Los Angeles Angels,135,San Diego Padres,5,8,1
632643,2021-09-08,2021,119,Los Angeles Dodgers,138,St. Louis Cardinals,4,5,1
632536,2021-09-09,2021,121,New York Mets,146,Miami Marlins,2,3,1
632546,2021-09-09,2021,141,Toronto Blue Jays,147,New York Yankees,6,4,0
632548,2021-09-09,2021,115,Colorado Rockies,143,Philadelphia Phillies,4,3,0
632556,2021-09-09,2021,118,Kansas City Royals,110,Baltimore Orioles,6,0,0
632561,2021-09-09,2021,142,Minnesota Twins,114,Cleveland Indians,1,4,1
632562,2021-09-09,2021,145,Chicago White Sox,133,Oakland Athletics,1,3,1
632564,2021-09-09,2021,119,Los Angeles Dodgers,138,St. Louis Cardinals,1,2,1
632570,2021-09-09,2021,120,Washington Nationals,144,Atlanta Braves,6,7,1
632528,2021-09-10,2021,109,Arizona Diamondbacks,136,Seattle Mariners,4,5,1
632534,2021-09-10,2021,113,Cincinnati Reds,138,St. Louis Cardinals,4,2,0
632537,2021-09-10,2021,115,Colorado Rockies,143,Philadelphia Phillies,11,2,0
632541,2021-09-10,2021,118,Kansas City Royals,142,Minnesota Twins,6,4,0
632542,2021-09-10,2021,135,San Diego Padres,119,Los Angeles Dodgers,0,3,1
632543,2021-09-10,2021,139,Tampa Bay Rays,116,Detroit Tigers,4,10,1
632544,2021-09-10,2021,140,Texas Rangers,133,Oakland Athletics,5,10,1
632549,2021-09-10,2021,108,Los Angeles Angels,117,Houston Astros,5,10,1
632550,2021-09-10,2021,137,San Francisco Giants,112,Chicago Cubs,6,1,0
632552,2021-09-10,2021,147,New York Yankees,121,New York Mets,3,10,1
632555,2021-09-10,2021,120,Washington Nationals,134,Pittsburgh Pirates,3,4,1
632557,2021-09-10,2021,158,Milwaukee Brewers,114,Cleveland Indians,10,3,0
632559,2021-09-10,2021,111,Boston Red Sox,145,Chicago White Sox,3,4,1
632563,2021-09-10,2021,141,Toronto Blue Jays,110,Baltimore Orioles,3,6,1
632571,2021-09-10,2021,146,Miami Marlins,144,Atlanta Braves,2,6,1
632501,2021-09-11,2021,120,Washington Nationals,134,Pittsburgh Pirates,7,10,1
632515,2021-09-11,2021,139,Tampa Bay Rays,116,Detroit Tigers,7,2,0
632517,2021-09-11,2021,109,Arizona Diamondbacks,136,Seattle Mariners,7,3,0
632525,2021-09-11,2021,113,Cincinnati Reds,138,St. Louis Cardinals,4,6,1
632527,2021-09-11,2021,118,Kansas City Royals,142,Minnesota Twins,2,9,1
632529,2021-09-11,2021,108,Los Angeles Angels,117,Houston Astros,4,2,0
632530,2021-09-11,2021,135,San Diego Padres,119,Los Angeles Dodgers,4,5,1
632531,2021-09-11,2021,111,Boston Red Sox,145,Chicago White Sox,9,8,0
632533,2021-09-11,2021,158,Milwaukee Brewers,114,Cleveland Indians,3,0,0
632535,2021-09-11,2021,140,Texas Rangers,133,Oakland Athletics,8,6,0
632538,2021-09-11,2021,146,Miami Marlins,144,Atlanta Braves,6,4,0
632539,2021-09-11,2021,141,Toronto Blue Jays,110,Baltimore Orioles,11,10,0
632540,2021-09-11,2021,115,Colorado Rockies,143,Philadelphia Phillies,1,6,1
632547,2021-09-11,2021,137,San Francisco Giants,112,Chicago Cubs,15,4,0
632551,2021-09-11,2021,147,New York Yankees,121,New York Mets,8,7,0
633331,2021-09-11,2021,141,Toronto Blue Jays,110,Baltimore Orioles,11,2,0
632498,2021-09-12,2021,141,Toronto Blue Jays,110,Baltimore Orioles,22,7,0
632508,2021-09-12,2021,137,San Francisco Giants,112,Chicago Cubs,6,5,0
632510,2021-09-12,2021,158,Milwaukee Brewers,114,Cleveland Indians,11,1,0
632512,2021-09-12,2021,139,Tampa Bay Rays,116,Detroit Tigers,7,8,1
632513,2021-09-12,2021,111,Boston Red Sox,145,Chicago White Sox,1,2,1
632514,2021-09-12,2021,115,Colorado Rockies,143,Philadelphia Phillies,5,4,0
632516,2021-09-12,2021,113,Cincinnati Reds,138,St. Louis Cardinals,0,2,1
632519,2021-09-12,2021,118,Kansas City Royals,142,Minnesota Twins,5,3,0
632522,2021-09-12,2021,147,New York Yankees,121,New York Mets,6,7,1
632523,2021-09-12,2021,146,Miami Marlins,144,Atlanta Braves,3,5,1
632524,2021-09-12,2021,109,Arizona Diamondbacks,136,Seattle Mariners,5,4,0
632526,2021-09-12,2021,120,Washington Nationals,134,Pittsburgh Pirates,6,2,0
632532,2021-09-12,2021,108,Los Angeles Angels,117,Houston Astros,1,3,1
632553,2021-09-12,2021,140,Texas Rangers,133,Oakland Athletics,4,3,0
632568,2021-09-12,2021,135,San Diego Padres,119,Los Angeles Dodgers,0,8,1
632478,2021-09-13,2021,138,St. Louis Cardinals,121,New York Mets,7,0,0
632489,2021-09-13,2021,139,Tampa Bay Rays,141,Toronto Blue Jays,1,8,1
632502,2021-09-13,2021,117,Houston Astros,140,Texas Rangers,15,1,0
632507,2021-09-13,2021,111,Boston Red Sox,136,Seattle Mariners,4,5,1
632509,2021-09-13,2021,109,Arizona Diamondbacks,119,Los Angeles Dodgers,1,5,1
632518,2021-09-13,2021,146,Miami Marlins,120,Washington Nationals,3,0,0
632520,2021-09-13,2021,135,San Diego Padres,137,San Francisco Giants,1,9,1
632730,2021-09-13,2021,142,Minnesota Twins,147,New York Yankees,5,6,1
632480,2021-09-14,2021,111,Boston Red Sox,136,Seattle Mariners,8,4,0
632482,2021-09-14,2021,117,Houston Astros,140,Texas Rangers,1,8,1
632491,2021-09-14,2021,135,San Diego Padres,137,San Francisco Giants,1,6,1
632492,2021-09-14,2021,138,St. Louis Cardinals,121,New York Mets,7,6,0
632493,2021-09-14,2021,114,Cleveland Indians,142,Minnesota Twins,3,6,1
632495,2021-09-14,2021,112,Chicago Cubs,143,Philadelphia Phillies,6,3,0
632496,2021-09-14,2021,146,Miami Marlins,120,Washington Nationals,2,8,1
632497,2021-09-14,2021,139,Tampa Bay Rays,141,Toronto Blue Jays,2,0,0
632499,2021-09-14,2021,158,Milwaukee Brewers,116,Detroit Tigers,0,1,1
632500,2021-09-14,2021,147,New York Yankees,110,Baltimore Orioles,7,2,0
632503,2021-09-14,2021,113,Cincinnati Reds,134,Pittsburgh Pirates,5,6,1
632504,2021-09-14,2021,115,Colorado Rockies,144,Atlanta Braves,5,4,0
632505,2021-09-14,2021,109,Arizona Diamondbacks,119,Los Angeles Dodgers,4,8,1
632506,2021-09-14,2021,108,Los Angeles Angels,145,Chicago White Sox,3,9,1
632511,2021-09-14,2021,133,Oakland Athletics,118,Kansas City Royals,7,10,1
633581,2021-09-14,2021,114,Cleveland Indians,142,Minnesota Twins,3,1,0
632463,2021-09-15,2021,114,Cleveland Indians,142,Minnesota Twins,12,3,0
632464,2021-09-15,2021,135,San Diego Padres,137,San Francisco Giants,9,6,0
632465,2021-09-15,2021,115,Colorado Rockies,144,Atlanta Braves,3,2,0
632471,2021-09-15,2021,133,Oakland Athletics,118,Kansas City Royals,12,10,0
632477,2021-09-15,2021,146,Miami Marlins,120,Washington Nationals,8,6,0
632479,2021-09-15,2021,158,Milwaukee Brewers,116,Detroit Tigers,1,4,1
632481,2021-09-15,2021,111,Boston Red Sox,136,Seattle Mariners,9,4,0
632483,2021-09-15,2021,139,Tampa Bay Rays,141,Toronto Blue Jays,3,6,1
632484,2021-09-15,2021,109,Arizona Diamondbacks,119,Los Angeles Dodgers,3,5,1
632485,2021-09-15,2021,117,Houston Astros,140,Texas Rangers,7,2,0
632486,2021-09-15,2021,112,Chicago Cubs,143,Philadelphia Phillies,5,6,1
632487,2021-09-15,2021,113,Cincinnati Reds,134,Pittsburgh Pirates,4,5,1
632490,2021-09-15,2021,108,Los Angeles Angels,145,Chicago White Sox,3,2,0
632494,2021-09-15,2021,147,New York Yankees,110,Baltimore Orioles,4,3,0
632521,2021-09-15,2021,138,St. Louis Cardinals,121,New York Mets,11,4,0
632452,2021-09-16,2021,147,New York Yankees,110,Baltimore Orioles,2,3,1
632462,2021-09-16,2021,113,Cincinnati Reds,134,Pittsburgh Pirates,1,0,0
632468,2021-09-16,2021,133,Oakland Athletics,118,Kansas City Royals,7,2,0
632472,2021-09-16,2021,117,Houston Astros,140,Texas Rangers,12,1,0
632473,2021-09-16,2021,135,San Diego Padres,137,San Francisco Giants,7,4,0
632474,2021-09-16,2021,116,Detroit Tigers,139,Tampa Bay Rays,2,5,1
632475,2021-09-16,2021,112,Chicago Cubs,143,Philadelphia Phillies,8,17,1
632476,2021-09-16,2021,108,Los Angeles Angels,145,Chicago White Sox,9,3,0
632430,2021-09-17,2021,142,Minnesota Twins,141,Toronto Blue Jays,7,3,0
632436,2021-09-17,2021,135,San Diego Padres,138,St. Louis Cardinals,2,8,1
632440,2021-09-17,2021,116,Detroit Tigers,139,Tampa Bay Rays,4,7,1
632445,2021-09-17,2021,136,Seattle Mariners,118,Kansas City Royals,6,2,0
632450,2021-09-17,2021,115,Colorado Rockies,120,Washington Nationals,9,8,0
632453,2021-09-17,2021,144,Atlanta Braves,137,San Francisco Giants,5,6,1
632454,2021-09-17,2021,110,Baltimore Orioles,111,Boston Red Sox,1,7,1
632458,2021-09-17,2021,114,Cleveland Indians,147,New York Yankees,0,8,1
632459,2021-09-17,2021,145,Chicago White Sox,140,Texas Rangers,8,0,0
632460,2021-09-17,2021,134,Pittsburgh Pirates,146,Miami Marlins,2,1,0
632461,2021-09-17,2021,112,Chicago Cubs,158,Milwaukee Brewers,5,8,1
632466,2021-09-17,2021,133,Oakland Athletics,108,Los Angeles Angels,5,4,0
632467,2021-09-17,2021,143,Philadelphia Phillies,121,New York Mets,4,3,0
632469,2021-09-17,2021,109,Arizona Diamondbacks,117,Houston Astros,3,4,1
632470,2021-09-17,2021,119,Los Angeles Dodgers,113,Cincinnati Reds,1,3,1
632417,2021-09-18,2021,115,Colorado Rockies,120,Washington Nationals,6,0,0
632425,2021-09-18,2021,112,Chicago Cubs,158,Milwaukee Brewers,4,6,1
632427,2021-09-18,2021,116,Detroit Tigers,139,Tampa Bay Rays,4,3,0
632431,2021-09-18,2021,142,Minnesota Twins,141,Toronto Blue Jays,2,6,1
632439,2021-09-18,2021,145,Chicago White Sox,140,Texas Rangers,1,2,1
632441,2021-09-18,2021,114,Cleveland Indians,147,New York Yankees,11,3,0
632442,2021-09-18,2021,144,Atlanta Braves,137,San Francisco Giants,0,2,1
632444,2021-09-18,2021,133,Oakland Athletics,108,Los Angeles Angels,3,1,0
632447,2021-09-18,2021,143,Philadelphia Phillies,121,New York Mets,5,3,0
632448,2021-09-18,2021,134,Pittsburgh Pirates,146,Miami Marlins,6,3,0
632449,2021-09-18,2021,136,Seattle Mariners,118,Kansas City Royals,1,8,1
632451,2021-09-18,2021,110,Baltimore Orioles,111,Boston Red Sox,3,9,1
632455,2021-09-18,2021,119,Los Angeles Dodgers,113,Cincinnati Reds,5,1,0
632456,2021-09-18,2021,109,Arizona Diamondbacks,117,Houston Astros,6,4,0
632488,2021-09-18,2021,135,San Diego Padres,138,St. Louis Cardinals,2,3,1
632380,2021-09-19,2021,114,Cleveland Indians,147,New York Yankees,11,1,0
632407,2021-09-19,2021,143,Philadelphia Phillies,121,New York Mets,2,3,1
632411,2021-09-19,2021,134,Pittsburgh Pirates,146,Miami Marlins,5,6,1
632413,2021-09-19,2021,112,Chicago Cubs,158,Milwaukee Brewers,6,4,0
632416,2021-09-19,2021,136,Seattle Mariners,118,Kansas City Royals,7,1,0
632419,2021-09-19,2021,110,Baltimore Orioles,111,Boston Red Sox,6,8,1
632420,2021-09-19,2021,133,Oakland Athletics,108,Los Angeles Angels,3,2,0
632421,2021-09-19,2021,116,Detroit Tigers,139,Tampa Bay Rays,2,0,0
632422,2021-09-19,2021,109,Arizona Diamondbacks,117,Houston Astros,6,7,1
632432,2021-09-19,2021,119,Los Angeles Dodgers,113,Cincinnati Reds,8,5,0
632433,2021-09-19,2021,144,Atlanta Braves,137,San Francisco Giants,3,0,0
632434,2021-09-19,2021,145,Chicago White Sox,140,Texas Rangers,7,2,0
632438,2021-09-19,2021,115,Colorado Rockies,120,Washington Nationals,0,3,1
632443,2021-09-19,2021,135,San Diego Padres,138,St. Louis Cardinals,7,8,1
632446,2021-09-19,2021,142,Minnesota Twins,141,Toronto Blue Jays,3,5,1
632406,2021-09-20,2021,141,Toronto Blue Jays,139,Tampa Bay Rays,4,6,1
632408,2021-09-20,2021,120,Washington Nationals,146,Miami Marlins,7,8,1
632412,2021-09-20,2021,136,Seattle Mariners,133,Oakland Athletics,4,2,0
632414,2021-09-20,2021,140,Texas Rangers,147,New York Yankees,3,4,1
632415,2021-09-20,2021,138,St. Louis Cardinals,158,Milwaukee Brewers,5,2,0
632423,2021-09-20,2021,145,Chicago White Sox,116,Detroit Tigers,3,4,1
632424,2021-09-20,2021,117,Houston Astros,108,Los Angeles Angels,10,0,0
632426,2021-09-20,2021,144,Atlanta Braves,109,Arizona Diamondbacks,11,4,0
632429,2021-09-20,2021,110,Baltimore Orioles,143,Philadelphia Phillies,2,0,0
632435,2021-09-20,2021,134,Pittsburgh Pirates,113,Cincinnati Reds,5,9,1
632437,2021-09-20,2021,118,Kansas City Royals,114,Cleveland Indians,7,2,0
633394,2021-09-20,2021,118,Kansas City Royals,114,Cleveland Indians,4,2,0
632378,2021-09-21,2021,137,San Francisco Giants,135,San Diego Padres,6,5,0
632379,2021-09-21,2021,120,Washington Nationals,146,Miami Marlins,7,1,0
632391,2021-09-21,2021,141,Toronto Blue Jays,139,Tampa Bay Rays,4,2,0
632396,2021-09-21,2021,140,Texas Rangers,147,New York Yankees,1,7,1
632397,2021-09-21,2021,138,St. Louis Cardinals,158,Milwaukee Brewers,2,1,0
632398,2021-09-21,2021,118,Kansas City Royals,114,Cleveland Indians,1,4,1
632399,2021-09-21,2021,119,Los Angeles Dodgers,115,Colorado Rockies,5,4,0
632401,2021-09-21,2021,136,Seattle Mariners,133,Oakland Athletics,5,2,0
632402,2021-09-21,2021,110,Baltimore Orioles,143,Philadelphia Phillies,2,3,1
632403,2021-09-21,2021,134,Pittsburgh Pirates,113,Cincinnati Reds,6,2,0
632404,2021-09-21,2021,142,Minnesota Twins,112,Chicago Cubs,9,5,0
632405,2021-09-21,2021,145,Chicago White Sox,116,Detroit Tigers,3,5,1
632410,2021-09-21,2021,121,New York Mets,111,Boston Red Sox,3,6,1
632418,2021-09-21,2021,117,Houston Astros,108,Los Angeles Angels,10,5,0
632428,2021-09-21,2021,144,Atlanta Braves,109,Arizona Diamondbacks,6,1,0
632377,2021-09-22,2021,141,Toronto Blue Jays,139,Tampa Bay Rays,1,7,1
632381,2021-09-22,2021,140,Texas Rangers,147,New York Yankees,3,7,1
632382,2021-09-22,2021,110,Baltimore Orioles,143,Philadelphia Phillies,3,4,1
632383,2021-09-22,2021,136,Seattle Mariners,133,Oakland Athletics,4,1,0
632384,2021-09-22,2021,137,San Francisco Giants,135,San Diego Padres,8,6,0
632385,2021-09-22,2021,120,Washington Nationals,146,Miami Marlins,7,5,0
632386,2021-09-22,2021,138,St. Louis Cardinals,158,Milwaukee Brewers,10,2,0
632389,2021-09-22,2021,121,New York Mets,111,Boston Red Sox,5,12,1
632392,2021-09-22,2021,144,Atlanta Braves,109,Arizona Diamondbacks,9,2,0
632394,2021-09-22,2021,119,Los Angeles Dodgers,115,Colorado Rockies,5,10,1
632395,2021-09-22,2021,117,Houston Astros,108,Los Angeles Angels,9,5,0
632400,2021-09-22,2021,142,Minnesota Twins,112,Chicago Cubs,5,4,0
632365,2021-09-23,2021,134,Pittsburgh Pirates,143,Philadelphia Phillies,6,12,1
632367,2021-09-23,2021,138,St. Louis Cardinals,158,Milwaukee Brewers,8,5,0
632368,2021-09-23,2021,136,Seattle Mariners,133,Oakland Athletics,6,5,0
632370,2021-09-23,2021,137,San Francisco Giants,135,San Diego Padres,6,7,1
632371,2021-09-23,2021,117,Houston Astros,108,Los Angeles Angels,2,3,1
632372,2021-09-23,2021,145,Chicago White Sox,114,Cleveland Indians,3,5,1
632374,2021-09-23,2021,144,Atlanta Braves,109,Arizona Diamondbacks,4,6,1
632375,2021-09-23,2021,141,Toronto Blue Jays,142,Minnesota Twins,2,7,1
632376,2021-09-23,2021,119,Los Angeles Dodgers,115,Colorado Rockies,7,5,0
632387,2021-09-23,2021,120,Washington Nationals,113,Cincinnati Reds,3,2,0
632390,2021-09-23,2021,140,Texas Rangers,110,Baltimore Orioles,0,3,1
633866,2021-09-23,2021,145,Chicago White Sox,114,Cleveland Indians,7,2,0
632339,2021-09-24,2021,138,St. Louis Cardinals,112,Chicago Cubs,8,5,0
632340,2021-09-24,2021,119,Los Angeles Dodgers,109,Arizona Diamondbacks,4,2,0
632352,2021-09-24,2021,144,Atlanta Braves,135,San Diego Padres,4,0,0
632356,2021-09-24,2021,117,Houston Astros,133,Oakland Athletics,2,14,1
632357,2021-09-24,2021,141,Toronto Blue Jays,142,Minnesota Twins,1,3,1
632358,2021-09-24,2021,146,Miami Marlins,139,Tampa Bay Rays,0,8,1
632359,2021-09-24,2021,136,Seattle Mariners,108,Los Angeles Angels,6,5,0
632360,2021-09-24,2021,134,Pittsburgh Pirates,143,Philadelphia Phillies,6,8,1
632361,2021-09-24,2021,118,Kansas City Royals,116,Detroit Tigers,3,1,0
632362,2021-09-24,2021,137,San Francisco Giants,115,Colorado Rockies,7,2,0
632363,2021-09-24,2021,145,Chicago White Sox,114,Cleveland Indians,1,0,0
632364,2021-09-24,2021,120,Washington Nationals,113,Cincinnati Reds,7,8,1
632366,2021-09-24,2021,121,New York Mets,158,Milwaukee Brewers,1,5,1
632369,2021-09-24,2021,140,Texas Rangers,110,Baltimore Orioles,8,5,0
632373,2021-09-24,2021,147,New York Yankees,111,Boston Red Sox,8,3,0
633337,2021-09-24,2021,138,St. Louis Cardinals,112,Chicago Cubs,12,4,0
632335,2021-09-25,2021,146,Miami Marlins,139,Tampa Bay Rays,3,7,1
632338,2021-09-25,2021,120,Washington Nationals,113,Cincinnati Reds,6,7,1
632341,2021-09-25,2021,134,Pittsburgh Pirates,143,Philadelphia Phillies,0,3,1
632342,2021-09-25,2021,117,Houston Astros,133,Oakland Athletics,1,2,1
632343,2021-09-25,2021,144,Atlanta Braves,135,San Diego Padres,10,8,0
632344,2021-09-25,2021,136,Seattle Mariners,108,Los Angeles Angels,1,14,1
632346,2021-09-25,2021,121,New York Mets,158,Milwaukee Brewers,1,2,1
632347,2021-09-25,2021,118,Kansas City Royals,116,Detroit Tigers,1,5,1
632348,2021-09-25,2021,145,Chicago White Sox,114,Cleveland Indians,0,6,1
632349,2021-09-25,2021,137,San Francisco Giants,115,Colorado Rockies,7,2,0
632350,2021-09-25,2021,141,Toronto Blue Jays,142,Minnesota Twins,6,1,0
632351,2021-09-25,2021,138,St. Louis Cardinals,112,Chicago Cubs,8,5,0
632353,2021-09-25,2021,119,Los Angeles Dodgers,109,Arizona Diamondbacks,2,7,1
632354,2021-09-25,2021,147,New York Yankees,111,Boston Red Sox,5,3,0
632355,2021-09-25,2021,140,Texas Rangers,110,Baltimore Orioles,2,3,1
632290,2021-09-26,2021,146,Miami Marlins,139,Tampa Bay Rays,2,3,1
632324,2021-09-26,2021,117,Houston Astros,133,Oakland Athletics,3,4,1
632325,2021-09-26,2021,144,Atlanta Braves,135,San Diego Padres,4,3,0
632326,2021-09-26,2021,118,Kansas City Royals,116,Detroit Tigers,2,1,0
632327,2021-09-26,2021,136,Seattle Mariners,108,Los Angeles Angels,5,1,0
632328,2021-09-26,2021,121,New York Mets,158,Milwaukee Brewers,4,8,1
632329,2021-09-26,2021,134,Pittsburgh Pirates,143,Philadelphia Phillies,6,0,0
632330,2021-09-26,2021,145,Chicago White Sox,114,Cleveland Indians,5,2,0
632331,2021-09-26,2021,137,San Francisco Giants,115,Colorado Rockies,6,2,0
632332,2021-09-26,2021,138,St. Louis Cardinals,112,Chicago Cubs,4,2,0
632333,2021-09-26,2021,120,Washington Nationals,113,Cincinnati Reds,2,9,1
632334,2021-09-26,2021,140,Texas Rangers,110,Baltimore Orioles,7,4,0
632336,2021-09-26,2021,141,Toronto Blue Jays,142,Minnesota Twins,5,2,0
632337,2021-09-26,2021,119,Los Angeles Dodgers,109,Arizona Diamondbacks,3,0,0
632345,2021-09-26,2021,147,New York Yankees,111,Boston Red Sox,6,3,0
632319,2021-09-27,2021,120,Washington Nationals,115,Colorado Rockies,5,4,0
632323,2021-09-27,2021,133,Oakland Athletics,136,Seattle Mariners,4,13,1
632388,2021-09-27,2021,134,Pittsburgh Pirates,113,Cincinnati Reds,1,13,1
632393,2021-09-27,2021,145,Chicago White Sox,116,Detroit Tigers,8,7,0
632409,2021-09-27,2021,118,Kansas City Royals,114,Cleveland Indians,3,8,1
632288,2021-09-28,2021,147,New York Yankees,141,Toronto Blue Jays,7,2,0
632289,2021-09-28,2021,116,Detroit Tigers,142,Minnesota Twins,2,3,1
632307,2021-09-28,2021,109,Arizona Diamondbacks,137,San Francisco Giants,4,6,1
632308,2021-09-28,2021,108,Los Angeles Angels,140,Texas Rangers,2,5,1
632311,2021-09-28,2021,146,Miami Marlins,121,New York Mets,2,5,1
632312,2021-09-28,2021,133,Oakland Athletics,136,Seattle Mariners,2,4,1
632313,2021-09-28,2021,112,Chicago Cubs,134,Pittsburgh Pirates,6,8,1
632314,2021-09-28,2021,158,Milwaukee Brewers,138,St. Louis Cardinals,2,6,1
632315,2021-09-28,2021,114,Cleveland Indians,118,Kansas City Royals,4,6,1
632316,2021-09-28,2021,139,Tampa Bay Rays,117,Houston Astros,3,4,1
632317,2021-09-28,2021,111,Boston Red Sox,110,Baltimore Orioles,2,4,1
632318,2021-09-28,2021,135,San Diego Padres,119,Los Angeles Dodgers,1,2,1
632320,2021-09-28,2021,143,Philadelphia Phillies,144,Atlanta Braves,1,2,1
632321,2021-09-28,2021,113,Cincinnati Reds,145,Chicago White Sox,1,7,1
632322,2021-09-28,2021,120,Washington Nationals,115,Colorado Rockies,1,3,1
632666,2021-09-28,2021,146,Miami Marlins,121,New York Mets,1,2,1
632287,2021-09-29,2021,112,Chicago Cubs,134,Pittsburgh Pirates,3,2,0
632295,2021-09-29,2021,108,Los Angeles Angels,140,Texas Rangers,7,2,0
632296,2021-09-29,2021,147,New York Yankees,141,Toronto Blue Jays,5,6,1
632297,2021-09-29,2021,135,San Diego Padres,119,Los Angeles Dodgers,9,11,1
632298,2021-09-29,2021,109,Arizona Diamondbacks,137,San Francisco Giants,0,1,1
632299,2021-09-29,2021,133,Oakland Athletics,136,Seattle Mariners,2,4,1
632300,2021-09-29,2021,116,Detroit Tigers,142,Minnesota Twins,2,5,1
632301,2021-09-29,2021,158,Milwaukee Brewers,138,St. Louis Cardinals,4,0,0
632302,2021-09-29,2021,114,Cleveland Indians,118,Kansas City Royals,5,10,1
632303,2021-09-29,2021,146,Miami Marlins,121,New York Mets,3,2,0
632304,2021-09-29,2021,113,Cincinnati Reds,145,Chicago White Sox,1,6,1
632305,2021-09-29,2021,139,Tampa Bay Rays,117,Houston Astros,7,0,0
632306,2021-09-29,2021,143,Philadelphia Phillies,144,Atlanta Braves,2,7,1
632309,2021-09-29,2021,111,Boston Red Sox,110,Baltimore Orioles,6,0,0
632310,2021-09-29,2021,120,Washington Nationals,115,Colorado Rockies,5,10,1
632275,2021-09-30,2021,108,Los Angeles Angels,140,Texas Rangers,6,7,1
632278,2021-09-30,2021,109,Arizona Diamondbacks,137,San Francisco Giants,4,5,1
632280,2021-09-30,2021,147,New York Yankees,141,Toronto Blue Jays,6,2,0
632281,2021-09-30,2021,158,Milwaukee Brewers,138,St. Louis Cardinals,3,4,1
632283,2021-09-30,2021,146,Miami Marlins,121,New York Mets,3,12,1
632284,2021-09-30,2021,114,Cleveland Indians,118,Kansas City Royals,6,1,0
632285,2021-09-30,2021,116,Detroit Tigers,142,Minnesota Twins,10,7,0
632286,2021-09-30,2021,112,Chicago Cubs,134,Pittsburgh Pirates,9,0,0
632291,2021-09-30,2021,135,San Diego Padres,119,Los Angeles Dodgers,3,8,1
632292,2021-09-30,2021,139,Tampa Bay Rays,117,Houston Astros,2,3,1
632293,2021-09-30,2021,143,Philadelphia Phillies,144,Atlanta Braves,3,5,1
632294,2021-09-30,2021,111,Boston Red Sox,110,Baltimore Orioles,2,6,1
632248,2021-10-01,2021,114,Cleveland Indians,140,Texas Rangers,9,6,0
632250,2021-10-01,2021,113,Cincinnati Reds,134,Pittsburgh Pirates,2,9,1
632261,2021-10-01,2021,111,Boston Red Sox,120,Washington Nationals,4,2,0
632266,2021-10-01,2021,112,Chicago Cubs,138,St. Louis Cardinals,3,4,1
632267,2021-10-01,2021,135,San Diego Padres,137,San Francisco Giants,0,3,1
632268,2021-10-01,2021,110,Baltimore Orioles,141,Toronto Blue Jays,4,6,1
632270,2021-10-01,2021,108,Los Angeles Angels,136,Seattle Mariners,2,1,0
632271,2021-10-01,2021,143,Philadelphia Phillies,146,Miami Marlins,5,0,0
632272,2021-10-01,2021,142,Minnesota Twins,118,Kansas City Royals,6,11,1
632273,2021-10-01,2021,158,Milwaukee Brewers,119,Los Angeles Dodgers,6,8,1
632274,2021-10-01,2021,116,Detroit Tigers,145,Chicago White Sox,1,8,1
632276,2021-10-01,2021,115,Colorado Rockies,109,Arizona Diamondbacks,9,7,0
632277,2021-10-01,2021,121,New York Mets,144,Atlanta Braves,4,3,0
632279,2021-10-01,2021,133,Oakland Athletics,117,Houston Astros,8,6,0
632282,2021-10-01,2021,139,Tampa Bay Rays,147,New York Yankees,4,3,0
632244,2021-10-02,2021,111,Boston Red Sox,120,Washington Nationals,5,3,0
632247,2021-10-02,2021,110,Baltimore Orioles,141,Toronto Blue Jays,1,10,1
632249,2021-10-02,2021,133,Oakland Athletics,117,Houston Astros,4,10,1
632251,2021-10-02,2021,114,Cleveland Indians,140,Texas Rangers,2,7,1
632255,2021-10-02,2021,108,Los Angeles Angels,136,Seattle Mariners,4,6,1
632256,2021-10-02,2021,135,San Diego Padres,137,San Francisco Giants,3,2,0
632257,2021-10-02,2021,112,Chicago Cubs,138,St. Louis Cardinals,6,5,0
632258,2021-10-02,2021,113,Cincinnati Reds,134,Pittsburgh Pirates,6,8,1
632259,2021-10-02,2021,139,Tampa Bay Rays,147,New York Yankees,12,2,0
632260,2021-10-02,2021,158,Milwaukee Brewers,119,Los Angeles Dodgers,3,8,1
632262,2021-10-02,2021,121,New York Mets,144,Atlanta Braves,5,6,1
632263,2021-10-02,2021,143,Philadelphia Phillies,146,Miami Marlins,1,3,1
632264,2021-10-02,2021,142,Minnesota Twins,118,Kansas City Royals,4,0,0
632265,2021-10-02,2021,116,Detroit Tigers,145,Chicago White Sox,4,5,1
632269,2021-10-02,2021,115,Colorado Rockies,109,Arizona Diamondbacks,2,11,1
632234,2021-10-03,2021,111,Boston Red Sox,120,Washington Nationals,7,5,0
632235,2021-10-03,2021,110,Baltimore Orioles,141,Toronto Blue Jays,4,12,1
632236,2021-10-03,2021,114,Cleveland Indians,140,Texas Rangers,6,0,0
632237,2021-10-03,2021,108,Los Angeles Angels,136,Seattle Mariners,7,3,0
632238,2021-10-03,2021,112,Chicago Cubs,138,St. Louis Cardinals,3,2,0
632239,2021-10-03,2021,139,Tampa Bay Rays,147,New York Yankees,0,1,1
632240,2021-10-03,2021,113,Cincinnati Reds,134,Pittsburgh Pirates,6,3,0
632241,2021-10-03,2021,135,San Diego Padres,137,San Francisco Giants,4,11,1
632242,2021-10-03,2021,158,Milwaukee Brewers,119,Los Angeles Dodgers,3,10,1
632243,2021-10-03,2021,142,Minnesota Twins,118,Kansas City Royals,7,3,0
632245,2021-10-03,2021,133,Oakland Athletics,117,Houston Astros,6,7,1
632246,2021-10-03,2021,143,Philadelphia Phillies,146,Miami Marlins,4,5,1
632252,2021-10-03,2021,116,Detroit Tigers,145,Chicago White Sox,5,2,0
632253,2021-10-03,2021,115,Colorado Rockies,109,Arizona Diamondbacks,4,5,1
632254,2021-10-03,2021,121,New York Mets,144,Atlanta Braves,0,5,1
661042,2022-04-07,2022,117,Houston Astros,108,Los Angeles Angels,3,1,0
661577,2022-04-07,2022,113,Cincinnati Reds,144,Atlanta Braves,6,3,0
662021,2022-04-07,2022,134,Pittsburgh Pirates,138,St. Louis Cardinals,0,9,1
662571,2022-04-07,2022,121,New York Mets,120,Washington Nationals,5,1,0
662766,2022-04-07,2022,114,Cleveland Guardians,118,Kansas City Royals,1,3,1
663178,2022-04-07,2022,158,Milwaukee Brewers,112,Chicago Cubs,4,5,1
663418,2022-04-07,2022,135,San Diego Padres,109,Arizona Diamondbacks,2,4,1
661041,2022-04-08,2022,117,Houston Astros,108,Los Angeles Angels,13,6,0
661131,2022-04-08,2022,133,Oakland Athletics,143,Philadelphia Phillies,5,9,1
661333,2022-04-08,2022,111,Boston Red Sox,147,New York Yankees,5,6,1
661576,2022-04-08,2022,113,Cincinnati Reds,144,Atlanta Braves,6,7,1
661750,2022-04-08,2022,136,Seattle Mariners,142,Minnesota Twins,2,1,0
661782,2022-04-08,2022,140,Texas Rangers,141,Toronto Blue Jays,8,10,1
661918,2022-04-08,2022,110,Baltimore Orioles,139,Tampa Bay Rays,1,2,1
662124,2022-04-08,2022,146,Miami Marlins,137,San Francisco Giants,5,6,1
662559,2022-04-08,2022,121,New York Mets,120,Washington Nationals,7,3,0
662888,2022-04-08,2022,145,Chicago White Sox,116,Detroit Tigers,4,5,1
662933,2022-04-08,2022,119,Los Angeles Dodgers,115,Colorado Rockies,5,3,0
663417,2022-04-08,2022,135,San Diego Padres,109,Arizona Diamondbacks,3,0,0
661040,2022-04-09,2022,117,Houston Astros,108,Los Angeles Angels,0,2,1
661130,2022-04-09,2022,133,Oakland Athletics,143,Philadelphia Phillies,2,4,1
661332,2022-04-09,2022,111,Boston Red Sox,147,New York Yankees,2,4,1
661575,2022-04-09,2022,113,Cincinnati Reds,144,Atlanta Braves,1,2,1
661756,2022-04-09,2022,136,Seattle Mariners,142,Minnesota Twins,4,3,0
661803,2022-04-09,2022,140,Texas Rangers,141,Toronto Blue Jays,3,4,1
661917,2022-04-09,2022,110,Baltimore Orioles,139,Tampa Bay Rays,3,5,1
662020,2022-04-09,2022,134,Pittsburgh Pirates,138,St. Louis Cardinals,2,6,1
662123,2022-04-09,2022,146,Miami Marlins,137,San Francisco Giants,2,1,0
662588,2022-04-09,2022,121,New York Mets,120,Washington Nationals,5,0,0
662765,2022-04-09,2022,114,Cleveland Guardians,118,Kansas City Royals,0,1,1
662864,2022-04-09,2022,145,Chicago White Sox,116,Detroit Tigers,5,2,0
662931,2022-04-09,2022,119,Los Angeles Dodgers,115,Colorado Rockies,2,3,1
663205,2022-04-09,2022,158,Milwaukee Brewers,112,Chicago Cubs,0,9,1
663404,2022-04-09,2022,135,San Diego Padres,109,Arizona Diamondbacks,5,2,0
661039,2022-04-10,2022,117,Houston Astros,108,Los Angeles Angels,4,1,0
661129,2022-04-10,2022,133,Oakland Athletics,143,Philadelphia Phillies,4,1,0
661316,2022-04-10,2022,111,Boston Red Sox,147,New York Yankees,4,3,0
661573,2022-04-10,2022,113,Cincinnati Reds,144,Atlanta Braves,6,3,0
661738,2022-04-10,2022,136,Seattle Mariners,142,Minnesota Twins,4,10,1
661802,2022-04-10,2022,140,Texas Rangers,141,Toronto Blue Jays,12,6,0
661916,2022-04-10,2022,110,Baltimore Orioles,139,Tampa Bay Rays,0,8,1
662019,2022-04-10,2022,134,Pittsburgh Pirates,138,St. Louis Cardinals,9,4,0
662122,2022-04-10,2022,146,Miami Marlins,137,San Francisco Giants,2,3,1
662570,2022-04-10,2022,121,New York Mets,120,Washington Nationals,2,4,1
662755,2022-04-10,2022,114,Cleveland Guardians,118,Kansas City Royals,17,3,0
662887,2022-04-10,2022,145,Chicago White Sox,116,Detroit Tigers,10,1,0
662934,2022-04-10,2022,119,Los Angeles Dodgers,115,Colorado Rockies,4,9,1
663204,2022-04-10,2022,158,Milwaukee Brewers,112,Chicago Cubs,5,4,0
663395,2022-04-10,2022,135,San Diego Padres,109,Arizona Diamondbacks,10,5,0
661036,2022-04-11,2022,146,Miami Marlins,108,Los Angeles Angels,2,6,1
661315,2022-04-11,2022,141,Toronto Blue Jays,147,New York Yankees,3,0,0
661572,2022-04-11,2022,120,Washington Nationals,144,Atlanta Braves,11,2,0
661637,2022-04-11,2022,121,New York Mets,143,Philadelphia Phillies,4,5,1
661754,2022-04-11,2022,136,Seattle Mariners,142,Minnesota Twins,0,4,1
661915,2022-04-11,2022,133,Oakland Athletics,139,Tampa Bay Rays,13,2,0
662042,2022-04-11,2022,115,Colorado Rockies,140,Texas Rangers,6,4,0
662116,2022-04-11,2022,135,San Diego Padres,137,San Francisco Giants,4,2,0
662754,2022-04-11,2022,114,Cleveland Guardians,118,Kansas City Royals,10,7,0
662863,2022-04-11,2022,111,Boston Red Sox,116,Detroit Tigers,1,3,1
663403,2022-04-11,2022,158,Milwaukee Brewers,110,Baltimore Orioles,0,2,1
661038,2022-04-12,2022,146,Miami Marlins,108,Los Angeles Angels,3,4,1
661314,2022-04-12,2022,141,Toronto Blue Jays,147,New York Yankees,0,4,1
661538,2022-04-12,2022,136,Seattle Mariners,145,Chicago White Sox,2,3,1
661571,2022-04-12,2022,120,Washington Nationals,144,Atlanta Braves,4,16,1
661636,2022-04-12,2022,121,New York Mets,143,Philadelphia Phillies,2,0,0
661753,2022-04-12,2022,119,Los Angeles Dodgers,142,Minnesota Twins,7,2,0
661944,2022-04-12,2022,133,Oakland Athletics,139,Tampa Bay Rays,8,9,1
661995,2022-04-12,2022,115,Colorado Rockies,140,Texas Rangers,4,1,0
662017,2022-04-12,2022,118,Kansas City Royals,138,St. Louis Cardinals,5,6,1
662104,2022-04-12,2022,135,San Diego Padres,137,San Francisco Giants,2,13,1
662318,2022-04-12,2022,112,Chicago Cubs,134,Pittsburgh Pirates,2,1,0
662862,2022-04-12,2022,111,Boston Red Sox,116,Detroit Tigers,5,3,0
663088,2022-04-12,2022,114,Cleveland Guardians,113,Cincinnati Reds,10,5,0
663295,2022-04-12,2022,158,Milwaukee Brewers,110,Baltimore Orioles,5,4,0
663411,2022-04-12,2022,117,Houston Astros,109,Arizona Diamondbacks,2,1,0
661313,2022-04-13,2022,141,Toronto Blue Jays,147,New York Yankees,6,4,0
661530,2022-04-13,2022,136,Seattle Mariners,145,Chicago White Sox,4,6,1
661570,2022-04-13,2022,120,Washington Nationals,144,Atlanta Braves,3,1,0
661643,2022-04-13,2022,121,New York Mets,143,Philadelphia Phillies,9,6,0
661734,2022-04-13,2022,119,Los Angeles Dodgers,142,Minnesota Twins,7,0,0
661943,2022-04-13,2022,133,Oakland Athletics,139,Tampa Bay Rays,4,2,0
662115,2022-04-13,2022,135,San Diego Padres,137,San Francisco Giants,1,2,1
662317,2022-04-13,2022,112,Chicago Cubs,134,Pittsburgh Pirates,2,6,1
662885,2022-04-13,2022,111,Boston Red Sox,116,Detroit Tigers,9,7,0
663117,2022-04-13,2022,114,Cleveland Guardians,113,Cincinnati Reds,7,3,0
663341,2022-04-13,2022,117,Houston Astros,109,Arizona Diamondbacks,2,3,1
663433,2022-04-13,2022,158,Milwaukee Brewers,110,Baltimore Orioles,4,2,0
661292,2022-04-14,2022,138,St. Louis Cardinals,158,Milwaukee Brewers,1,5,1
661312,2022-04-14,2022,141,Toronto Blue Jays,147,New York Yankees,0,3,1
661418,2022-04-14,2022,143,Philadelphia Phillies,146,Miami Marlins,3,4,1
661529,2022-04-14,2022,136,Seattle Mariners,145,Chicago White Sox,5,1,0
661942,2022-04-14,2022,133,Oakland Athletics,139,Tampa Bay Rays,6,3,0
661993,2022-04-14,2022,108,Los Angeles Angels,140,Texas Rangers,5,10,1
662237,2022-04-14,2022,144,Atlanta Braves,135,San Diego Padres,1,12,1
662307,2022-04-14,2022,120,Washington Nationals,134,Pittsburgh Pirates,4,9,1
662627,2022-04-14,2022,113,Cincinnati Reds,119,Los Angeles Dodgers,3,9,1
662702,2022-04-14,2022,116,Detroit Tigers,118,Kansas City Royals,4,2,0
662950,2022-04-14,2022,112,Chicago Cubs,115,Colorado Rockies,5,2,0
661267,2022-04-15,2022,138,St. Louis Cardinals,158,Milwaukee Brewers,10,1,0
661417,2022-04-15,2022,143,Philadelphia Phillies,146,Miami Marlins,1,7,1
661528,2022-04-15,2022,139,Tampa Bay Rays,145,Chicago White Sox,2,3,1
661792,2022-04-15,2022,133,Oakland Athletics,141,Toronto Blue Jays,1,4,1
662014,2022-04-15,2022,108,Los Angeles Angels,140,Texas Rangers,9,6,0
662192,2022-04-15,2022,117,Houston Astros,136,Seattle Mariners,1,11,1
662236,2022-04-15,2022,144,Atlanta Braves,135,San Diego Padres,5,2,0
662291,2022-04-15,2022,120,Washington Nationals,134,Pittsburgh Pirates,7,2,0
662485,2022-04-15,2022,109,Arizona Diamondbacks,121,New York Mets,3,10,1
662620,2022-04-15,2022,113,Cincinnati Reds,119,Los Angeles Dodgers,1,3,1
662701,2022-04-15,2022,116,Detroit Tigers,118,Kansas City Royals,2,1,0
662960,2022-04-15,2022,112,Chicago Cubs,115,Colorado Rockies,5,6,1
663136,2022-04-15,2022,137,San Francisco Giants,114,Cleveland Guardians,4,1,0
663265,2022-04-15,2022,142,Minnesota Twins,111,Boston Red Sox,8,4,0
663357,2022-04-15,2022,147,New York Yankees,110,Baltimore Orioles,1,2,1
661335,2022-04-16,2022,138,St. Louis Cardinals,158,Milwaukee Brewers,2,1,0
661416,2022-04-16,2022,143,Philadelphia Phillies,146,Miami Marlins,10,3,0
661527,2022-04-16,2022,139,Tampa Bay Rays,145,Chicago White Sox,2,3,1
661759,2022-04-16,2022,133,Oakland Athletics,141,Toronto Blue Jays,7,5,0
661981,2022-04-16,2022,108,Los Angeles Angels,140,Texas Rangers,7,2,0
662206,2022-04-16,2022,117,Houston Astros,136,Seattle Mariners,4,0,0
662235,2022-04-16,2022,144,Atlanta Braves,135,San Diego Padres,5,2,0
662290,2022-04-16,2022,120,Washington Nationals,134,Pittsburgh Pirates,4,6,1
662619,2022-04-16,2022,113,Cincinnati Reds,119,Los Angeles Dodgers,2,5,1
662626,2022-04-16,2022,109,Arizona Diamondbacks,121,New York Mets,3,2,0
662798,2022-04-16,2022,116,Detroit Tigers,118,Kansas City Royals,1,3,1
662966,2022-04-16,2022,112,Chicago Cubs,115,Colorado Rockies,6,9,1
663076,2022-04-16,2022,137,San Francisco Giants,114,Cleveland Guardians,4,2,0
663238,2022-04-16,2022,142,Minnesota Twins,111,Boston Red Sox,0,4,1
663266,2022-04-16,2022,147,New York Yankees,110,Baltimore Orioles,5,2,0
661226,2022-04-17,2022,138,St. Louis Cardinals,158,Milwaukee Brewers,5,6,1
661415,2022-04-17,2022,143,Philadelphia Phillies,146,Miami Marlins,3,11,1
661462,2022-04-17,2022,139,Tampa Bay Rays,145,Chicago White Sox,9,3,0
661804,2022-04-17,2022,133,Oakland Athletics,141,Toronto Blue Jays,3,4,1
662038,2022-04-17,2022,108,Los Angeles Angels,140,Texas Rangers,8,3,0
662174,2022-04-17,2022,117,Houston Astros,136,Seattle Mariners,2,7,1
662234,2022-04-17,2022,144,Atlanta Braves,135,San Diego Padres,1,2,1
662294,2022-04-17,2022,120,Washington Nationals,134,Pittsburgh Pirates,3,5,1
662618,2022-04-17,2022,113,Cincinnati Reds,119,Los Angeles Dodgers,1,9,1
662625,2022-04-17,2022,109,Arizona Diamondbacks,121,New York Mets,0,5,1
662930,2022-04-17,2022,112,Chicago Cubs,115,Colorado Rockies,6,4,0
663132,2022-04-17,2022,137,San Francisco Giants,114,Cleveland Guardians,8,1,0
663308,2022-04-17,2022,142,Minnesota Twins,111,Boston Red Sox,1,8,1
663365,2022-04-17,2022,147,New York Yankees,110,Baltimore Orioles,0,5,1
661242,2022-04-18,2022,134,Pittsburgh Pirates,158,Milwaukee Brewers,1,6,1
662233,2022-04-18,2022,113,Cincinnati Reds,135,San Diego Padres,1,4,1
662407,2022-04-18,2022,110,Baltimore Orioles,133,Oakland Athletics,1,5,1
662617,2022-04-18,2022,144,Atlanta Braves,119,Los Angeles Dodgers,4,7,1
662928,2022-04-18,2022,108,Los Angeles Angels,117,Houston Astros,3,8,1
662929,2022-04-18,2022,143,Philadelphia Phillies,115,Colorado Rockies,1,4,1
663197,2022-04-18,2022,139,Tampa Bay Rays,112,Chicago Cubs,2,4,1
663236,2022-04-18,2022,142,Minnesota Twins,111,Boston Red Sox,8,3,0
661211,2022-04-19,2022,134,Pittsburgh Pirates,158,Milwaukee Brewers,2,5,1
661405,2022-04-19,2022,138,St. Louis Cardinals,146,Miami Marlins,5,1,0
662161,2022-04-19,2022,140,Texas Rangers,136,Seattle Mariners,2,6,1
662232,2022-04-19,2022,113,Cincinnati Reds,135,San Diego Padres,2,6,1
662350,2022-04-19,2022,137,San Francisco Giants,121,New York Mets,4,5,1
662406,2022-04-19,2022,110,Baltimore Orioles,133,Oakland Athletics,1,2,1
662583,2022-04-19,2022,109,Arizona Diamondbacks,120,Washington Nationals,0,1,1
662587,2022-04-19,2022,109,Arizona Diamondbacks,120,Washington Nationals,1,6,1
662616,2022-04-19,2022,137,San Francisco Giants,121,New York Mets,1,3,1
662717,2022-04-19,2022,144,Atlanta Braves,119,Los Angeles Dodgers,3,1,0
662753,2022-04-19,2022,142,Minnesota Twins,118,Kansas City Royals,3,4,1
662896,2022-04-19,2022,147,New York Yankees,116,Detroit Tigers,4,2,0
662925,2022-04-19,2022,143,Philadelphia Phillies,115,Colorado Rockies,5,6,1
662927,2022-04-19,2022,108,Los Angeles Angels,117,Houston Astros,7,2,0
663196,2022-04-19,2022,139,Tampa Bay Rays,112,Chicago Cubs,6,5,0
663249,2022-04-19,2022,141,Toronto Blue Jays,111,Boston Red Sox,1,2,1
661203,2022-04-20,2022,134,Pittsburgh Pirates,158,Milwaukee Brewers,2,4,1
661404,2022-04-20,2022,138,St. Louis Cardinals,146,Miami Marlins,2,0,0
662178,2022-04-20,2022,140,Texas Rangers,136,Seattle Mariners,2,4,1
662231,2022-04-20,2022,113,Cincinnati Reds,135,San Diego Padres,0,6,1
662349,2022-04-20,2022,137,San Francisco Giants,121,New York Mets,5,2,0
662392,2022-04-20,2022,110,Baltimore Orioles,133,Oakland Athletics,1,0,0
662560,2022-04-20,2022,109,Arizona Diamondbacks,120,Washington Nationals,11,2,0
662703,2022-04-20,2022,142,Minnesota Twins,118,Kansas City Royals,0,2,1
662734,2022-04-20,2022,144,Atlanta Braves,119,Los Angeles Dodgers,1,5,1
662861,2022-04-20,2022,147,New York Yankees,116,Detroit Tigers,5,3,0
662924,2022-04-20,2022,143,Philadelphia Phillies,115,Colorado Rockies,9,6,0
662926,2022-04-20,2022,108,Los Angeles Angels,117,Houston Astros,6,0,0
663075,2022-04-20,2022,145,Chicago White Sox,114,Cleveland Guardians,1,2,1
663094,2022-04-20,2022,145,Chicago White Sox,114,Cleveland Guardians,1,11,1
663146,2022-04-20,2022,139,Tampa Bay Rays,112,Chicago Cubs,8,2,0
663247,2022-04-20,2022,141,Toronto Blue Jays,111,Boston Red Sox,6,1,0
661391,2022-04-21,2022,138,St. Louis Cardinals,146,Miami Marlins,0,5,1
662177,2022-04-21,2022,140,Texas Rangers,136,Seattle Mariners,8,6,0
662391,2022-04-21,2022,110,Baltimore Orioles,133,Oakland Athletics,4,6,1
662558,2022-04-21,2022,109,Arizona Diamondbacks,120,Washington Nationals,4,3,0
662593,2022-04-21,2022,137,San Francisco Giants,121,New York Mets,2,6,1
662742,2022-04-21,2022,142,Minnesota Twins,118,Kansas City Royals,1,0,0
662850,2022-04-21,2022,147,New York Yankees,116,Detroit Tigers,0,3,1
663093,2022-04-21,2022,145,Chicago White Sox,114,Cleveland Guardians,3,6,1
663145,2022-04-21,2022,134,Pittsburgh Pirates,112,Chicago Cubs,4,3,0
663225,2022-04-21,2022,141,Toronto Blue Jays,111,Boston Red Sox,3,2,0
661037,2022-04-22,2022,110,Baltimore Orioles,108,Los Angeles Angels,5,3,0
661311,2022-04-22,2022,114,Cleveland Guardians,147,New York Yankees,1,4,1
661569,2022-04-22,2022,146,Miami Marlins,144,Atlanta Braves,0,3,1
661621,2022-04-22,2022,158,Milwaukee Brewers,143,Philadelphia Phillies,2,4,1
661755,2022-04-22,2022,145,Chicago White Sox,142,Minnesota Twins,1,2,1
661914,2022-04-22,2022,111,Boston Red Sox,139,Tampa Bay Rays,4,3,0
662175,2022-04-22,2022,118,Kansas City Royals,136,Seattle Mariners,1,4,1
662230,2022-04-22,2022,119,Los Angeles Dodgers,135,San Diego Padres,6,1,0
662390,2022-04-22,2022,140,Texas Rangers,133,Oakland Athletics,8,1,0
662557,2022-04-22,2022,137,San Francisco Giants,120,Washington Nationals,7,1,0
662922,2022-04-22,2022,141,Toronto Blue Jays,117,Houston Astros,4,3,0
663169,2022-04-22,2022,138,St. Louis Cardinals,113,Cincinnati Reds,4,2,0
663195,2022-04-22,2022,134,Pittsburgh Pirates,112,Chicago Cubs,4,2,0
663394,2022-04-22,2022,121,New York Mets,109,Arizona Diamondbacks,6,5,0
661035,2022-04-23,2022,110,Baltimore Orioles,108,Los Angeles Angels,5,4,0
661310,2022-04-23,2022,114,Cleveland Guardians,147,New York Yankees,4,5,1
661568,2022-04-23,2022,146,Miami Marlins,144,Atlanta Braves,9,7,0
661620,2022-04-23,2022,158,Milwaukee Brewers,143,Philadelphia Phillies,5,3,0
661752,2022-04-23,2022,145,Chicago White Sox,142,Minnesota Twins,2,9,1
661941,2022-04-23,2022,111,Boston Red Sox,139,Tampa Bay Rays,2,3,1
662191,2022-04-23,2022,118,Kansas City Royals,136,Seattle Mariners,7,13,1
662276,2022-04-23,2022,119,Los Angeles Dodgers,135,San Diego Padres,2,3,1
662389,2022-04-23,2022,140,Texas Rangers,133,Oakland Athletics,2,0,0
662549,2022-04-23,2022,137,San Francisco Giants,120,Washington Nationals,5,2,0
662848,2022-04-23,2022,115,Colorado Rockies,116,Detroit Tigers,0,13,1
662849,2022-04-23,2022,115,Colorado Rockies,116,Detroit Tigers,3,2,0
662875,2022-04-23,2022,141,Toronto Blue Jays,117,Houston Astros,3,2,0
663100,2022-04-23,2022,138,St. Louis Cardinals,113,Cincinnati Reds,5,0,0
663144,2022-04-23,2022,134,Pittsburgh Pirates,112,Chicago Cubs,0,21,1
663384,2022-04-23,2022,121,New York Mets,109,Arizona Diamondbacks,2,5,1
661033,2022-04-24,2022,110,Baltimore Orioles,108,Los Angeles Angels,6,7,1
661317,2022-04-24,2022,114,Cleveland Guardians,147,New York Yankees,2,10,1
661590,2022-04-24,2022,146,Miami Marlins,144,Atlanta Braves,5,4,0
661640,2022-04-24,2022,158,Milwaukee Brewers,143,Philadelphia Phillies,1,0,0
661781,2022-04-24,2022,145,Chicago White Sox,142,Minnesota Twins,4,6,1
661931,2022-04-24,2022,111,Boston Red Sox,139,Tampa Bay Rays,2,5,1
662188,2022-04-24,2022,118,Kansas City Royals,136,Seattle Mariners,4,5,1
662274,2022-04-24,2022,119,Los Angeles Dodgers,135,San Diego Padres,10,2,0
662388,2022-04-24,2022,140,Texas Rangers,133,Oakland Athletics,0,2,1
662539,2022-04-24,2022,137,San Francisco Giants,120,Washington Nationals,12,3,0
662853,2022-04-24,2022,115,Colorado Rockies,116,Detroit Tigers,6,2,0
662921,2022-04-24,2022,141,Toronto Blue Jays,117,Houston Astros,7,8,1
663111,2022-04-24,2022,138,St. Louis Cardinals,113,Cincinnati Reds,1,4,1
663166,2022-04-24,2022,134,Pittsburgh Pirates,112,Chicago Cubs,4,3,0
663361,2022-04-24,2022,121,New York Mets,109,Arizona Diamondbacks,6,2,0
661034,2022-04-25,2022,114,Cleveland Guardians,108,Los Angeles Angels,0,3,1
661210,2022-04-25,2022,137,San Francisco Giants,158,Milwaukee Brewers,4,2,0
661639,2022-04-25,2022,115,Colorado Rockies,143,Philadelphia Phillies,2,8,1
661760,2022-04-25,2022,111,Boston Red Sox,141,Toronto Blue Jays,2,6,1
661979,2022-04-25,2022,117,Houston Astros,140,Texas Rangers,2,6,1
662008,2022-04-25,2022,121,New York Mets,138,St. Louis Cardinals,5,2,0
663382,2022-04-25,2022,119,Los Angeles Dodgers,109,Arizona Diamondbacks,4,0,0
661032,2022-04-26,2022,114,Cleveland Guardians,108,Los Angeles Angels,1,4,1
661309,2022-04-26,2022,110,Baltimore Orioles,147,New York Yankees,8,12,1
661536,2022-04-26,2022,118,Kansas City Royals,145,Chicago White Sox,6,0,0
661567,2022-04-26,2022,115,Colorado Rockies,143,Philadelphia Phillies,3,10,1
661589,2022-04-26,2022,112,Chicago Cubs,144,Atlanta Braves,1,3,1
661733,2022-04-26,2022,116,Detroit Tigers,142,Minnesota Twins,4,5,1
661758,2022-04-26,2022,111,Boston Red Sox,141,Toronto Blue Jays,5,6,1
661929,2022-04-26,2022,136,Seattle Mariners,139,Tampa Bay Rays,8,4,0
661980,2022-04-26,2022,117,Houston Astros,140,Texas Rangers,5,1,0
662007,2022-04-26,2022,121,New York Mets,138,St. Louis Cardinals,3,0,0
662086,2022-04-26,2022,133,Oakland Athletics,137,San Francisco Giants,2,8,1
662297,2022-04-26,2022,158,Milwaukee Brewers,134,Pittsburgh Pirates,12,8,0
662540,2022-04-26,2022,146,Miami Marlins,120,Washington Nationals,5,2,0
663079,2022-04-26,2022,135,San Diego Padres,113,Cincinnati Reds,9,6,0
663383,2022-04-26,2022,119,Los Angeles Dodgers,109,Arizona Diamondbacks,3,5,1
661306,2022-04-27,2022,110,Baltimore Orioles,147,New York Yankees,2,5,1
661533,2022-04-27,2022,118,Kansas City Royals,145,Chicago White Sox,3,7,1
661552,2022-04-27,2022,112,Chicago Cubs,144,Atlanta Braves,6,3,0
661638,2022-04-27,2022,115,Colorado Rockies,143,Philadelphia Phillies,3,7,1
661739,2022-04-27,2022,116,Detroit Tigers,142,Minnesota Twins,0,5,1
661757,2022-04-27,2022,111,Boston Red Sox,141,Toronto Blue Jays,7,1,0
661909,2022-04-27,2022,136,Seattle Mariners,139,Tampa Bay Rays,2,3,1
661964,2022-04-27,2022,117,Houston Astros,140,Texas Rangers,4,3,0
662048,2022-04-27,2022,121,New York Mets,138,St. Louis Cardinals,5,10,1
662066,2022-04-27,2022,133,Oakland Athletics,137,San Francisco Giants,1,0,0
662289,2022-04-27,2022,158,Milwaukee Brewers,134,Pittsburgh Pirates,3,1,0
662546,2022-04-27,2022,146,Miami Marlins,120,Washington Nationals,2,1,0
663148,2022-04-27,2022,135,San Diego Padres,113,Cincinnati Reds,8,5,0
663393,2022-04-27,2022,119,Los Angeles Dodgers,109,Arizona Diamondbacks,1,3,1
663439,2022-04-27,2022,114,Cleveland Guardians,108,Los Angeles Angels,5,9,1
661305,2022-04-28,2022,110,Baltimore Orioles,147,New York Yankees,5,10,1
661532,2022-04-28,2022,118,Kansas City Royals,145,Chicago White Sox,5,2,0
661551,2022-04-28,2022,112,Chicago Cubs,144,Atlanta Braves,1,5,1
661641,2022-04-28,2022,115,Colorado Rockies,143,Philadelphia Phillies,1,7,1
661729,2022-04-28,2022,116,Detroit Tigers,142,Minnesota Twins,1,7,1
661827,2022-04-28,2022,111,Boston Red Sox,141,Toronto Blue Jays,0,1,1
661908,2022-04-28,2022,136,Seattle Mariners,139,Tampa Bay Rays,1,2,1
661912,2022-04-28,2022,117,Houston Astros,140,Texas Rangers,3,2,0
662047,2022-04-28,2022,109,Arizona Diamondbacks,138,St. Louis Cardinals,3,8,1
662295,2022-04-28,2022,158,Milwaukee Brewers,134,Pittsburgh Pirates,3,2,0
662538,2022-04-28,2022,146,Miami Marlins,120,Washington Nationals,3,2,0
663078,2022-04-28,2022,135,San Diego Padres,113,Cincinnati Reds,7,5,0
663432,2022-04-28,2022,114,Cleveland Guardians,108,Los Angeles Angels,1,4,1
661209,2022-04-29,2022,112,Chicago Cubs,158,Milwaukee Brewers,1,11,1
661390,2022-04-29,2022,136,Seattle Mariners,146,Miami Marlins,6,8,1
661535,2022-04-29,2022,108,Los Angeles Angels,145,Chicago White Sox,5,1,0
661826,2022-04-29,2022,117,Houston Astros,141,Toronto Blue Jays,11,7,0
661907,2022-04-29,2022,142,Minnesota Twins,139,Tampa Bay Rays,1,6,1
661911,2022-04-29,2022,144,Atlanta Braves,140,Texas Rangers,6,3,0
662037,2022-04-29,2022,109,Arizona Diamondbacks,138,St. Louis Cardinals,6,2,0
662081,2022-04-29,2022,120,Washington Nationals,137,San Francisco Giants,14,4,0
662296,2022-04-29,2022,135,San Diego Padres,134,Pittsburgh Pirates,7,3,0
662405,2022-04-29,2022,114,Cleveland Guardians,133,Oakland Athletics,9,8,0
662592,2022-04-29,2022,143,Philadelphia Phillies,121,New York Mets,0,3,1
662699,2022-04-29,2022,116,Detroit Tigers,119,Los Angeles Dodgers,1,5,1
662741,2022-04-29,2022,147,New York Yankees,118,Kansas City Royals,12,2,0
663009,2022-04-29,2022,113,Cincinnati Reds,115,Colorado Rockies,4,10,1
663337,2022-04-29,2022,111,Boston Red Sox,110,Baltimore Orioles,3,1,0
661208,2022-04-30,2022,112,Chicago Cubs,158,Milwaukee Brewers,1,9,1
661389,2022-04-30,2022,136,Seattle Mariners,146,Miami Marlins,1,3,1
661534,2022-04-30,2022,108,Los Angeles Angels,145,Chicago White Sox,0,4,1
661825,2022-04-30,2022,117,Houston Astros,141,Toronto Blue Jays,1,2,1
661901,2022-04-30,2022,144,Atlanta Braves,140,Texas Rangers,1,3,1
661906,2022-04-30,2022,142,Minnesota Twins,139,Tampa Bay Rays,9,1,0
662036,2022-04-30,2022,109,Arizona Diamondbacks,138,St. Louis Cardinals,2,0,0
662084,2022-04-30,2022,120,Washington Nationals,137,San Francisco Giants,3,9,1
662288,2022-04-30,2022,135,San Diego Padres,134,Pittsburgh Pirates,6,7,1
662393,2022-04-30,2022,114,Cleveland Guardians,133,Oakland Athletics,3,1,0
662591,2022-04-30,2022,143,Philadelphia Phillies,121,New York Mets,4,1,0
662698,2022-04-30,2022,116,Detroit Tigers,119,Los Angeles Dodgers,5,1,0
662797,2022-04-30,2022,147,New York Yankees,118,Kansas City Royals,3,0,0
663008,2022-04-30,2022,113,Cincinnati Reds,115,Colorado Rockies,3,4,1
663364,2022-04-30,2022,111,Boston Red Sox,110,Baltimore Orioles,1,2,1
661216,2022-05-01,2022,112,Chicago Cubs,158,Milwaukee Brewers,2,0,0
661365,2022-05-01,2022,136,Seattle Mariners,146,Miami Marlins,7,3,0
661531,2022-05-01,2022,108,Los Angeles Angels,145,Chicago White Sox,6,5,0
661824,2022-05-01,2022,117,Houston Astros,141,Toronto Blue Jays,2,3,1
661905,2022-05-01,2022,142,Minnesota Twins,139,Tampa Bay Rays,9,3,0
661935,2022-05-01,2022,144,Atlanta Braves,140,Texas Rangers,3,7,1
661988,2022-05-01,2022,109,Arizona Diamondbacks,138,St. Louis Cardinals,5,7,1
662106,2022-05-01,2022,120,Washington Nationals,137,San Francisco Giants,11,5,0
662293,2022-05-01,2022,135,San Diego Padres,134,Pittsburgh Pirates,5,2,0
662397,2022-05-01,2022,114,Cleveland Guardians,133,Oakland Athletics,7,3,0
662579,2022-05-01,2022,143,Philadelphia Phillies,121,New York Mets,6,10,1
662691,2022-05-01,2022,147,New York Yankees,118,Kansas City Royals,6,4,0
662716,2022-05-01,2022,116,Detroit Tigers,119,Los Angeles Dodgers,3,6,1
663007,2022-05-01,2022,113,Cincinnati Reds,115,Colorado Rockies,1,10,1
663363,2022-05-01,2022,111,Boston Red Sox,110,Baltimore Orioles,5,9,1
661362,2022-05-02,2022,109,Arizona Diamondbacks,146,Miami Marlins,5,4,0
661526,2022-05-02,2022,108,Los Angeles Angels,145,Chicago White Sox,0,3,1
661823,2022-05-02,2022,147,New York Yankees,141,Toronto Blue Jays,3,2,0
662009,2022-05-02,2022,118,Kansas City Royals,138,St. Louis Cardinals,0,1,1
662387,2022-05-02,2022,139,Tampa Bay Rays,133,Oakland Athletics,6,1,0
662578,2022-05-02,2022,144,Atlanta Braves,121,New York Mets,5,2,0
662920,2022-05-02,2022,136,Seattle Mariners,117,Houston Astros,0,3,1
663362,2022-05-02,2022,142,Minnesota Twins,110,Baltimore Orioles,2,1,0
661200,2022-05-03,2022,113,Cincinnati Reds,158,Milwaukee Brewers,3,6,1
661364,2022-05-03,2022,109,Arizona Diamondbacks,146,Miami Marlins,5,4,0
661635,2022-05-03,2022,140,Texas Rangers,143,Philadelphia Phillies,6,4,0
661796,2022-05-03,2022,147,New York Yankees,141,Toronto Blue Jays,9,1,0
662386,2022-05-03,2022,139,Tampa Bay Rays,133,Oakland Athletics,10,7,0
662459,2022-05-03,2022,144,Atlanta Braves,121,New York Mets,0,3,1
662569,2022-05-03,2022,144,Atlanta Braves,121,New York Mets,4,5,1
662690,2022-05-03,2022,138,St. Louis Cardinals,118,Kansas City Royals,1,7,1
662708,2022-05-03,2022,137,San Francisco Giants,119,Los Angeles Dodgers,1,3,1
662919,2022-05-03,2022,136,Seattle Mariners,117,Houston Astros,0,4,1
662994,2022-05-03,2022,120,Washington Nationals,115,Colorado Rockies,10,2,0
663165,2022-05-03,2022,145,Chicago White Sox,112,Chicago Cubs,3,1,0
663237,2022-05-03,2022,108,Los Angeles Angels,111,Boston Red Sox,0,4,1
663463,2022-05-03,2022,142,Minnesota Twins,110,Baltimore Orioles,7,2,0
661197,2022-05-04,2022,113,Cincinnati Reds,158,Milwaukee Brewers,4,18,1
661363,2022-05-04,2022,109,Arizona Diamondbacks,146,Miami Marlins,8,7,0
661634,2022-05-04,2022,140,Texas Rangers,143,Philadelphia Phillies,2,1,0
661795,2022-05-04,2022,147,New York Yankees,141,Toronto Blue Jays,1,2,1
662382,2022-05-04,2022,139,Tampa Bay Rays,133,Oakland Athletics,3,0,0
662577,2022-05-04,2022,144,Atlanta Braves,121,New York Mets,9,2,0
662707,2022-05-04,2022,137,San Francisco Giants,119,Los Angeles Dodgers,1,9,1
662739,2022-05-04,2022,138,St. Louis Cardinals,118,Kansas City Royals,10,0,0
662835,2022-05-04,2022,136,Seattle Mariners,117,Houston Astros,2,7,1
662838,2022-05-04,2022,134,Pittsburgh Pirates,116,Detroit Tigers,2,3,1
662839,2022-05-04,2022,134,Pittsburgh Pirates,116,Detroit Tigers,7,2,0
662993,2022-05-04,2022,120,Washington Nationals,115,Colorado Rockies,2,5,1
663067,2022-05-04,2022,135,San Diego Padres,114,Cleveland Guardians,5,4,0
663068,2022-05-04,2022,135,San Diego Padres,114,Cleveland Guardians,5,6,1
663164,2022-05-04,2022,145,Chicago White Sox,112,Chicago Cubs,4,3,0
663248,2022-05-04,2022,108,Los Angeles Angels,111,Boston Red Sox,10,5,0
663462,2022-05-04,2022,142,Minnesota Twins,110,Baltimore Orioles,4,9,1
661204,2022-05-05,2022,113,Cincinnati Reds,158,Milwaukee Brewers,5,10,1
661341,2022-05-05,2022,142,Minnesota Twins,110,Baltimore Orioles,3,5,1
661619,2022-05-05,2022,121,New York Mets,143,Philadelphia Phillies,8,7,0
662105,2022-05-05,2022,138,St. Louis Cardinals,137,San Francisco Giants,7,1,0
662189,2022-05-05,2022,139,Tampa Bay Rays,136,Seattle Mariners,4,3,0
662262,2022-05-05,2022,146,Miami Marlins,135,San Diego Padres,1,2,1
662816,2022-05-05,2022,116,Detroit Tigers,117,Houston Astros,2,3,1
663013,2022-05-05,2022,120,Washington Nationals,115,Colorado Rockies,7,9,1
663066,2022-05-05,2022,141,Toronto Blue Jays,114,Cleveland Guardians,5,6,1
663227,2022-05-05,2022,108,Los Angeles Angels,111,Boston Red Sox,8,0,0
661541,2022-05-06,2022,158,Milwaukee Brewers,144,Atlanta Braves,6,3,0
661775,2022-05-06,2022,133,Oakland Athletics,142,Minnesota Twins,1,2,1
662103,2022-05-06,2022,138,St. Louis Cardinals,137,San Francisco Giants,3,2,0
662187,2022-05-06,2022,139,Tampa Bay Rays,136,Seattle Mariners,8,7,0
662272,2022-05-06,2022,146,Miami Marlins,135,San Diego Padres,2,3,1
662815,2022-05-06,2022,116,Detroit Tigers,117,Houston Astros,2,3,1
663224,2022-05-06,2022,145,Chicago White Sox,111,Boston Red Sox,4,2,0
663360,2022-05-06,2022,115,Colorado Rockies,109,Arizona Diamondbacks,1,4,1
663431,2022-05-06,2022,120,Washington Nationals,108,Los Angeles Angels,0,3,1
661540,2022-05-07,2022,158,Milwaukee Brewers,144,Atlanta Braves,2,3,1
661701,2022-05-07,2022,133,Oakland Athletics,142,Minnesota Twins,0,1,1
662102,2022-05-07,2022,138,St. Louis Cardinals,137,San Francisco Giants,7,13,1
662159,2022-05-07,2022,139,Tampa Bay Rays,136,Seattle Mariners,8,2,0
662261,2022-05-07,2022,146,Miami Marlins,135,San Diego Padres,8,0,0
662796,2022-05-07,2022,116,Detroit Tigers,117,Houston Astros,2,3,1
663056,2022-05-07,2022,141,Toronto Blue Jays,114,Cleveland Guardians,8,3,0
663057,2022-05-07,2022,141,Toronto Blue Jays,114,Cleveland Guardians,2,8,1
663070,2022-05-07,2022,134,Pittsburgh Pirates,113,Cincinnati Reds,8,5,0
663089,2022-05-07,2022,134,Pittsburgh Pirates,113,Cincinnati Reds,2,9,1
663142,2022-05-07,2022,119,Los Angeles Dodgers,112,Chicago Cubs,6,2,0
663162,2022-05-07,2022,119,Los Angeles Dodgers,112,Chicago Cubs,7,0,0
663226,2022-05-07,2022,145,Chicago White Sox,111,Boston Red Sox,3,1,0
663359,2022-05-07,2022,115,Colorado Rockies,109,Arizona Diamondbacks,4,1,0
663430,2022-05-07,2022,120,Washington Nationals,108,Los Angeles Angels,7,3,0
661302,2022-05-08,2022,140,Texas Rangers,147,New York Yankees,1,2,1
661304,2022-05-08,2022,140,Texas Rangers,147,New York Yankees,4,2,0
661307,2022-05-08,2022,118,Kansas City Royals,110,Baltimore Orioles,6,4,0
661345,2022-05-08,2022,118,Kansas City Royals,110,Baltimore Orioles,2,4,1
661550,2022-05-08,2022,158,Milwaukee Brewers,144,Atlanta Braves,2,9,1
661626,2022-05-08,2022,121,New York Mets,143,Philadelphia Phillies,2,3,1
661627,2022-05-08,2022,121,New York Mets,143,Philadelphia Phillies,6,1,0
661700,2022-05-08,2022,133,Oakland Athletics,142,Minnesota Twins,3,4,1
662098,2022-05-08,2022,138,St. Louis Cardinals,137,San Francisco Giants,3,4,1
662160,2022-05-08,2022,139,Tampa Bay Rays,136,Seattle Mariners,1,2,1
662260,2022-05-08,2022,146,Miami Marlins,135,San Diego Padres,2,3,1
662795,2022-05-08,2022,116,Detroit Tigers,117,Houston Astros,0,5,1
663069,2022-05-08,2022,134,Pittsburgh Pirates,113,Cincinnati Reds,3,7,1
663086,2022-05-08,2022,141,Toronto Blue Jays,114,Cleveland Guardians,3,4,1
663161,2022-05-08,2022,119,Los Angeles Dodgers,112,Chicago Cubs,7,1,0
663278,2022-05-08,2022,145,Chicago White Sox,111,Boston Red Sox,3,2,0
663368,2022-05-08,2022,115,Colorado Rockies,109,Arizona Diamondbacks,0,4,1
663429,2022-05-08,2022,120,Washington Nationals,108,Los Angeles Angels,4,5,1
661303,2022-05-09,2022,140,Texas Rangers,147,New York Yankees,0,1,1
661349,2022-05-09,2022,118,Kansas City Royals,110,Baltimore Orioles,1,6,1
661525,2022-05-09,2022,114,Cleveland Guardians,145,Chicago White Sox,12,9,0
662097,2022-05-09,2022,115,Colorado Rockies,137,San Francisco Giants,5,8,1
662158,2022-05-09,2022,143,Philadelphia Phillies,136,Seattle Mariners,9,0,0
662259,2022-05-09,2022,112,Chicago Cubs,135,San Diego Padres,6,0,0
662287,2022-05-09,2022,119,Los Angeles Dodgers,134,Pittsburgh Pirates,1,5,1
662837,2022-05-09,2022,133,Oakland Athletics,116,Detroit Tigers,2,0,0
663101,2022-05-09,2022,158,Milwaukee Brewers,113,Cincinnati Reds,5,10,1
663366,2022-05-09,2022,146,Miami Marlins,109,Arizona Diamondbacks,3,4,1
663438,2022-05-09,2022,139,Tampa Bay Rays,108,Los Angeles Angels,3,11,1
661301,2022-05-10,2022,141,Toronto Blue Jays,147,New York Yankees,5,6,1
661524,2022-05-10,2022,114,Cleveland Guardians,145,Chicago White Sox,1,4,1
661549,2022-05-10,2022,111,Boston Red Sox,144,Atlanta Braves,9,4,0
661696,2022-05-10,2022,117,Houston Astros,142,Minnesota Twins,5,0,0
661987,2022-05-10,2022,110,Baltimore Orioles,138,St. Louis Cardinals,5,3,0
662016,2022-05-10,2022,118,Kansas City Royals,140,Texas Rangers,4,6,1
662096,2022-05-10,2022,115,Colorado Rockies,137,San Francisco Giants,2,9,1
662157,2022-05-10,2022,143,Philadelphia Phillies,136,Seattle Mariners,4,5,1
662258,2022-05-10,2022,112,Chicago Cubs,135,San Diego Padres,4,5,1
662292,2022-05-10,2022,119,Los Angeles Dodgers,134,Pittsburgh Pirates,11,1,0
662412,2022-05-10,2022,116,Detroit Tigers,133,Oakland Athletics,6,0,0
662537,2022-05-10,2022,121,New York Mets,120,Washington Nationals,4,2,0
662855,2022-05-10,2022,133,Oakland Athletics,116,Detroit Tigers,4,1,0
663090,2022-05-10,2022,158,Milwaukee Brewers,113,Cincinnati Reds,5,4,0
663350,2022-05-10,2022,146,Miami Marlins,109,Arizona Diamondbacks,3,9,1
663416,2022-05-10,2022,139,Tampa Bay Rays,108,Los Angeles Angels,0,12,1
661300,2022-05-11,2022,141,Toronto Blue Jays,147,New York Yankees,3,5,1
661548,2022-05-11,2022,111,Boston Red Sox,144,Atlanta Braves,3,5,1
661702,2022-05-11,2022,117,Houston Astros,142,Minnesota Twins,11,3,0
661702,2022-05-11,2022,117,Houston Astros,142,Minnesota Twins,11,3,0
661899,2022-05-11,2022,118,Kansas City Royals,140,Texas Rangers,8,2,0
662006,2022-05-11,2022,110,Baltimore Orioles,138,St. Louis Cardinals,1,10,1
662095,2022-05-11,2022,115,Colorado Rockies,137,San Francisco Giants,1,7,1
662176,2022-05-11,2022,143,Philadelphia Phillies,136,Seattle Mariners,4,2,0
662273,2022-05-11,2022,112,Chicago Cubs,135,San Diego Padres,7,5,0
662385,2022-05-11,2022,119,Los Angeles Dodgers,134,Pittsburgh Pirates,3,5,1
662526,2022-05-11,2022,121,New York Mets,120,Washington Nationals,3,8,1
662873,2022-05-11,2022,133,Oakland Athletics,116,Detroit Tigers,9,0,0
663074,2022-05-11,2022,158,Milwaukee Brewers,113,Cincinnati Reds,11,14,1
663358,2022-05-11,2022,146,Miami Marlins,109,Arizona Diamondbacks,11,3,0
663450,2022-05-11,2022,139,Tampa Bay Rays,108,Los Angeles Angels,4,2,0
661519,2022-05-12,2022,147,New York Yankees,145,Chicago White Sox,15,7,0
661694,2022-05-12,2022,117,Houston Astros,142,Minnesota Twins,5,0,0
661883,2022-05-12,2022,118,Kansas City Royals,140,Texas Rangers,1,3,1
662005,2022-05-12,2022,110,Baltimore Orioles,138,St. Louis Cardinals,3,2,0
662372,2022-05-12,2022,113,Cincinnati Reds,134,Pittsburgh Pirates,4,0,0
662548,2022-05-12,2022,121,New York Mets,120,Washington Nationals,4,1,0
662706,2022-05-12,2022,143,Philadelphia Phillies,119,Los Angeles Dodgers,9,7,0
662872,2022-05-12,2022,133,Oakland Athletics,116,Detroit Tigers,5,3,0
661361,2022-05-13,2022,158,Milwaukee Brewers,146,Miami Marlins,2,1,0
661491,2022-05-13,2022,147,New York Yankees,145,Chicago White Sox,10,4,0
661547,2022-05-13,2022,135,San Diego Padres,144,Atlanta Braves,11,6,0
661698,2022-05-13,2022,114,Cleveland Guardians,142,Minnesota Twins,8,12,1
661882,2022-05-13,2022,111,Boston Red Sox,140,Texas Rangers,7,1,0
661904,2022-05-13,2022,141,Toronto Blue Jays,139,Tampa Bay Rays,2,5,1
661986,2022-05-13,2022,137,San Francisco Giants,138,St. Louis Cardinals,8,2,0
662381,2022-05-13,2022,108,Los Angeles Angels,133,Oakland Athletics,2,0,0
662494,2022-05-13,2022,113,Cincinnati Reds,134,Pittsburgh Pirates,8,2,0
662523,2022-05-13,2022,136,Seattle Mariners,121,New York Mets,2,1,0
662525,2022-05-13,2022,117,Houston Astros,120,Washington Nationals,6,1,0
662705,2022-05-13,2022,143,Philadelphia Phillies,119,Los Angeles Dodgers,12,10,0
662851,2022-05-13,2022,110,Baltimore Orioles,116,Detroit Tigers,2,4,1
663012,2022-05-13,2022,118,Kansas City Royals,115,Colorado Rockies,14,10,0
663349,2022-05-13,2022,112,Chicago Cubs,109,Arizona Diamondbacks,3,4,1
661147,2022-05-14,2022,111,Boston Red Sox,140,Texas Rangers,11,3,0
661414,2022-05-14,2022,158,Milwaukee Brewers,146,Miami Marlins,3,9,1
661490,2022-05-14,2022,147,New York Yankees,145,Chicago White Sox,2,3,1
661546,2022-05-14,2022,135,San Diego Padres,144,Atlanta Braves,5,6,1
661695,2022-05-14,2022,114,Cleveland Guardians,142,Minnesota Twins,3,2,0
661903,2022-05-14,2022,141,Toronto Blue Jays,139,Tampa Bay Rays,5,1,0
661985,2022-05-14,2022,137,San Francisco Giants,138,St. Louis Cardinals,0,4,1
662379,2022-05-14,2022,108,Los Angeles Angels,133,Oakland Athletics,3,4,1
662384,2022-05-14,2022,113,Cincinnati Reds,134,Pittsburgh Pirates,1,3,1
662399,2022-05-14,2022,108,Los Angeles Angels,133,Oakland Athletics,9,1,0
662547,2022-05-14,2022,117,Houston Astros,120,Washington Nationals,6,13,1
662568,2022-05-14,2022,136,Seattle Mariners,121,New York Mets,4,5,1
662704,2022-05-14,2022,143,Philadelphia Phillies,119,Los Angeles Dodgers,8,3,0
662844,2022-05-14,2022,110,Baltimore Orioles,116,Detroit Tigers,0,3,1
663011,2022-05-14,2022,118,Kansas City Royals,115,Colorado Rockies,4,10,1
663348,2022-05-14,2022,112,Chicago Cubs,109,Arizona Diamondbacks,4,2,0
661146,2022-05-15,2022,111,Boston Red Sox,140,Texas Rangers,1,7,1
661403,2022-05-15,2022,158,Milwaukee Brewers,146,Miami Marlins,7,3,0
661489,2022-05-15,2022,147,New York Yankees,145,Chicago White Sox,5,1,0
661545,2022-05-15,2022,135,San Diego Padres,144,Atlanta Braves,7,3,0
661732,2022-05-15,2022,114,Cleveland Guardians,142,Minnesota Twins,1,3,1
661902,2022-05-15,2022,141,Toronto Blue Jays,139,Tampa Bay Rays,0,3,1
661984,2022-05-15,2022,137,San Francisco Giants,138,St. Louis Cardinals,6,15,1
662380,2022-05-15,2022,108,Los Angeles Angels,133,Oakland Athletics,4,1,0
662519,2022-05-15,2022,113,Cincinnati Reds,134,Pittsburgh Pirates,0,1,1
662528,2022-05-15,2022,117,Houston Astros,120,Washington Nationals,8,0,0
662567,2022-05-15,2022,136,Seattle Mariners,121,New York Mets,8,7,0
662696,2022-05-15,2022,143,Philadelphia Phillies,119,Los Angeles Dodgers,4,5,1
662843,2022-05-15,2022,110,Baltimore Orioles,116,Detroit Tigers,1,5,1
663010,2022-05-15,2022,118,Kansas City Royals,115,Colorado Rockies,8,7,0
663367,2022-05-15,2022,112,Chicago Cubs,109,Arizona Diamondbacks,3,2,0
661145,2022-05-16,2022,108,Los Angeles Angels,140,Texas Rangers,4,7,1
661212,2022-05-16,2022,144,Atlanta Braves,158,Milwaukee Brewers,0,1,1
661308,2022-05-16,2022,147,New York Yankees,110,Baltimore Orioles,6,2,0
661402,2022-05-16,2022,120,Washington Nationals,146,Miami Marlins,2,8,1
661794,2022-05-16,2022,136,Seattle Mariners,141,Toronto Blue Jays,2,6,1
661961,2022-05-16,2022,116,Detroit Tigers,139,Tampa Bay Rays,3,2,0
662378,2022-05-16,2022,142,Minnesota Twins,133,Oakland Athletics,3,1,0
662695,2022-05-16,2022,109,Arizona Diamondbacks,119,Los Angeles Dodgers,4,5,1
662728,2022-05-16,2022,145,Chicago White Sox,118,Kansas City Royals,5,3,0
663005,2022-05-16,2022,137,San Francisco Giants,115,Colorado Rockies,7,6,0
663151,2022-05-16,2022,134,Pittsburgh Pirates,112,Chicago Cubs,0,9,1
663275,2022-05-16,2022,117,Houston Astros,111,Boston Red Sox,3,6,1
661126,2022-05-17,2022,108,Los Angeles Angels,140,Texas Rangers,5,10,1
661196,2022-05-17,2022,144,Atlanta Braves,158,Milwaukee Brewers,3,0,0
661342,2022-05-17,2022,147,New York Yankees,110,Baltimore Orioles,5,4,0
661401,2022-05-17,2022,120,Washington Nationals,146,Miami Marlins,1,5,1
661625,2022-05-17,2022,135,San Diego Padres,143,Philadelphia Phillies,3,0,0
661765,2022-05-17,2022,136,Seattle Mariners,141,Toronto Blue Jays,0,3,1
662053,2022-05-17,2022,116,Detroit Tigers,139,Tampa Bay Rays,1,8,1
662370,2022-05-17,2022,142,Minnesota Twins,133,Oakland Athletics,2,5,1
662507,2022-05-17,2022,138,St. Louis Cardinals,121,New York Mets,1,3,1
662566,2022-05-17,2022,138,St. Louis Cardinals,121,New York Mets,4,3,0
662628,2022-05-17,2022,109,Arizona Diamondbacks,119,Los Angeles Dodgers,6,7,1
662697,2022-05-17,2022,109,Arizona Diamondbacks,119,Los Angeles Dodgers,3,12,1
662727,2022-05-17,2022,145,Chicago White Sox,118,Kansas City Royals,1,2,1
662780,2022-05-17,2022,145,Chicago White Sox,118,Kansas City Royals,3,0,0
663004,2022-05-17,2022,137,San Francisco Giants,115,Colorado Rockies,10,7,0
663032,2022-05-17,2022,113,Cincinnati Reds,114,Cleveland Guardians,5,4,0
663157,2022-05-17,2022,134,Pittsburgh Pirates,112,Chicago Cubs,0,7,1
663271,2022-05-17,2022,117,Houston Astros,111,Boston Red Sox,13,4,0
661125,2022-05-18,2022,108,Los Angeles Angels,140,Texas Rangers,5,6,1
661202,2022-05-18,2022,144,Atlanta Braves,158,Milwaukee Brewers,6,7,1
661344,2022-05-18,2022,147,New York Yankees,110,Baltimore Orioles,3,2,0
661400,2022-05-18,2022,120,Washington Nationals,146,Miami Marlins,5,4,0
661624,2022-05-18,2022,135,San Diego Padres,143,Philadelphia Phillies,0,3,1
661767,2022-05-18,2022,136,Seattle Mariners,141,Toronto Blue Jays,5,1,0
662054,2022-05-18,2022,116,Detroit Tigers,139,Tampa Bay Rays,1,6,1
662377,2022-05-18,2022,142,Minnesota Twins,133,Oakland Athletics,14,4,0
662554,2022-05-18,2022,138,St. Louis Cardinals,121,New York Mets,4,11,1
662726,2022-05-18,2022,145,Chicago White Sox,118,Kansas City Royals,2,6,1
662744,2022-05-18,2022,109,Arizona Diamondbacks,119,Los Angeles Dodgers,3,5,1
663003,2022-05-18,2022,137,San Francisco Giants,115,Colorado Rockies,3,5,1
663156,2022-05-18,2022,134,Pittsburgh Pirates,112,Chicago Cubs,3,2,0
663270,2022-05-18,2022,117,Houston Astros,111,Boston Red Sox,1,5,1
661347,2022-05-19,2022,147,New York Yankees,110,Baltimore Orioles,6,9,1
661623,2022-05-19,2022,135,San Diego Padres,143,Philadelphia Phillies,2,0,0
662520,2022-05-19,2022,138,St. Louis Cardinals,121,New York Mets,6,7,1
662715,2022-05-19,2022,145,Chicago White Sox,118,Kansas City Royals,7,4,0
662778,2022-05-19,2022,140,Texas Rangers,117,Houston Astros,1,5,1
663043,2022-05-19,2022,113,Cincinnati Reds,114,Cleveland Guardians,4,2,0
663193,2022-05-19,2022,109,Arizona Diamondbacks,112,Chicago Cubs,3,1,0
663269,2022-05-19,2022,136,Seattle Mariners,111,Boston Red Sox,6,12,1
661195,2022-05-20,2022,120,Washington Nationals,158,Milwaukee Brewers,0,7,1
661339,2022-05-20,2022,144,Atlanta Braves,146,Miami Marlins,5,3,0
661348,2022-05-20,2022,139,Tampa Bay Rays,110,Baltimore Orioles,6,8,1
661632,2022-05-20,2022,119,Los Angeles Dodgers,143,Philadelphia Phillies,4,1,0
661766,2022-05-20,2022,113,Cincinnati Reds,141,Toronto Blue Jays,1,2,1
662078,2022-05-20,2022,135,San Diego Padres,137,San Francisco Giants,8,7,0
662506,2022-05-20,2022,138,St. Louis Cardinals,134,Pittsburgh Pirates,5,3,0
662714,2022-05-20,2022,142,Minnesota Twins,118,Kansas City Royals,6,4,0
662764,2022-05-20,2022,140,Texas Rangers,117,Houston Astros,3,0,0
663135,2022-05-20,2022,116,Detroit Tigers,114,Cleveland Guardians,1,6,1
663143,2022-05-20,2022,109,Arizona Diamondbacks,112,Chicago Cubs,10,6,0
663268,2022-05-20,2022,136,Seattle Mariners,111,Boston Red Sox,3,7,1
663449,2022-05-20,2022,133,Oakland Athletics,108,Los Angeles Angels,4,2,0
661280,2022-05-21,2022,120,Washington Nationals,158,Milwaukee Brewers,1,5,1
661289,2022-05-21,2022,145,Chicago White Sox,147,New York Yankees,5,7,1
661291,2022-05-21,2022,139,Tampa Bay Rays,110,Baltimore Orioles,6,1,0
661399,2022-05-21,2022,144,Atlanta Braves,146,Miami Marlins,4,3,0
661631,2022-05-21,2022,119,Los Angeles Dodgers,143,Philadelphia Phillies,7,4,0
661793,2022-05-21,2022,113,Cincinnati Reds,141,Toronto Blue Jays,1,3,1
662077,2022-05-21,2022,135,San Diego Padres,137,San Francisco Giants,2,1,0
662478,2022-05-21,2022,138,St. Louis Cardinals,134,Pittsburgh Pirates,5,4,0
662713,2022-05-21,2022,142,Minnesota Twins,118,Kansas City Royals,9,2,0
662763,2022-05-21,2022,140,Texas Rangers,117,Houston Astros,1,2,1
663001,2022-05-21,2022,121,New York Mets,115,Colorado Rockies,3,11,1
663002,2022-05-21,2022,121,New York Mets,115,Colorado Rockies,5,1,0
663194,2022-05-21,2022,109,Arizona Diamondbacks,112,Chicago Cubs,7,6,0
663234,2022-05-21,2022,136,Seattle Mariners,111,Boston Red Sox,5,6,1
663448,2022-05-21,2022,133,Oakland Athletics,108,Los Angeles Angels,3,5,1
661248,2022-05-22,2022,120,Washington Nationals,158,Milwaukee Brewers,8,2,0
661279,2022-05-22,2022,139,Tampa Bay Rays,110,Baltimore Orioles,6,7,1
661288,2022-05-22,2022,145,Chicago White Sox,147,New York Yankees,3,1,0
661290,2022-05-22,2022,145,Chicago White Sox,147,New York Yankees,5,0,0
661398,2022-05-22,2022,144,Atlanta Braves,146,Miami Marlins,3,4,1
661611,2022-05-22,2022,119,Los Angeles Dodgers,143,Philadelphia Phillies,3,4,1
661763,2022-05-22,2022,113,Cincinnati Reds,141,Toronto Blue Jays,3,2,0
662076,2022-05-22,2022,135,San Diego Padres,137,San Francisco Giants,10,1,0
662479,2022-05-22,2022,138,St. Louis Cardinals,134,Pittsburgh Pirates,18,4,0
662712,2022-05-22,2022,142,Minnesota Twins,118,Kansas City Royals,7,6,0
662857,2022-05-22,2022,140,Texas Rangers,117,Houston Astros,2,5,1
662982,2022-05-22,2022,121,New York Mets,115,Colorado Rockies,2,0,0
663120,2022-05-22,2022,116,Detroit Tigers,114,Cleveland Guardians,4,2,0
663150,2022-05-22,2022,109,Arizona Diamondbacks,112,Chicago Cubs,4,5,1
663277,2022-05-22,2022,136,Seattle Mariners,111,Boston Red Sox,4,8,1
663447,2022-05-22,2022,133,Oakland Athletics,108,Los Angeles Angels,1,4,1
661287,2022-05-23,2022,110,Baltimore Orioles,147,New York Yankees,6,4,0
661544,2022-05-23,2022,143,Philadelphia Phillies,144,Atlanta Braves,7,3,0
661730,2022-05-23,2022,116,Detroit Tigers,142,Minnesota Twins,4,5,1
661999,2022-05-23,2022,141,Toronto Blue Jays,138,St. Louis Cardinals,3,7,1
662075,2022-05-23,2022,121,New York Mets,137,San Francisco Giants,13,3,0
662135,2022-05-23,2022,133,Oakland Athletics,136,Seattle Mariners,6,7,1
662257,2022-05-23,2022,158,Milwaukee Brewers,135,San Diego Padres,2,3,1
662455,2022-05-23,2022,115,Colorado Rockies,134,Pittsburgh Pirates,1,2,1
662524,2022-05-23,2022,119,Los Angeles Dodgers,120,Washington Nationals,10,1,0
662858,2022-05-23,2022,114,Cleveland Guardians,117,Houston Astros,6,1,0
663073,2022-05-23,2022,112,Chicago Cubs,113,Cincinnati Reds,7,4,0
663340,2022-05-23,2022,118,Kansas City Royals,109,Arizona Diamondbacks,5,9,1
661285,2022-05-24,2022,110,Baltimore Orioles,147,New York Yankees,6,7,1
661488,2022-05-24,2022,111,Boston Red Sox,145,Chicago White Sox,16,3,0
661543,2022-05-24,2022,143,Philadelphia Phillies,144,Atlanta Braves,5,6,1
661699,2022-05-24,2022,116,Detroit Tigers,142,Minnesota Twins,0,2,1
661978,2022-05-24,2022,146,Miami Marlins,139,Tampa Bay Rays,0,4,1
661998,2022-05-24,2022,141,Toronto Blue Jays,138,St. Louis Cardinals,8,1,0
662074,2022-05-24,2022,121,New York Mets,137,San Francisco Giants,12,13,1
662134,2022-05-24,2022,133,Oakland Athletics,136,Seattle Mariners,7,5,0
662229,2022-05-24,2022,158,Milwaukee Brewers,135,San Diego Padres,4,1,0
662454,2022-05-24,2022,115,Colorado Rockies,134,Pittsburgh Pirates,2,1,0
662536,2022-05-24,2022,119,Los Angeles Dodgers,120,Washington Nationals,9,4,0
662846,2022-05-24,2022,114,Cleveland Guardians,117,Houston Astros,3,7,1
663103,2022-05-24,2022,112,Chicago Cubs,113,Cincinnati Reds,11,4,0
663339,2022-05-24,2022,118,Kansas City Royals,109,Arizona Diamondbacks,6,8,1
663381,2022-05-24,2022,140,Texas Rangers,108,Los Angeles Angels,3,5,1
661286,2022-05-25,2022,110,Baltimore Orioles,147,New York Yankees,0,2,1
661487,2022-05-25,2022,111,Boston Red Sox,145,Chicago White Sox,1,3,1
661542,2022-05-25,2022,143,Philadelphia Phillies,144,Atlanta Braves,4,8,1
661772,2022-05-25,2022,116,Detroit Tigers,142,Minnesota Twins,4,2,0
662052,2022-05-25,2022,146,Miami Marlins,139,Tampa Bay Rays,4,5,1
662093,2022-05-25,2022,121,New York Mets,137,San Francisco Giants,3,9,1
662133,2022-05-25,2022,133,Oakland Athletics,136,Seattle Mariners,4,2,0
662228,2022-05-25,2022,158,Milwaukee Brewers,135,San Diego Padres,2,1,0
662453,2022-05-25,2022,115,Colorado Rockies,134,Pittsburgh Pirates,5,10,1
662527,2022-05-25,2022,119,Los Angeles Dodgers,120,Washington Nationals,0,1,1
662845,2022-05-25,2022,114,Cleveland Guardians,117,Houston Astros,1,2,1
663082,2022-05-25,2022,112,Chicago Cubs,113,Cincinnati Reds,3,4,1
663446,2022-05-25,2022,140,Texas Rangers,108,Los Angeles Angels,7,2,0
661486,2022-05-26,2022,111,Boston Red Sox,145,Chicago White Sox,16,7,0
661574,2022-05-26,2022,143,Philadelphia Phillies,144,Atlanta Braves,4,1,0
661771,2022-05-26,2022,118,Kansas City Royals,142,Minnesota Twins,3,2,0
661997,2022-05-26,2022,158,Milwaukee Brewers,138,St. Louis Cardinals,4,3,0
662051,2022-05-26,2022,147,New York Yankees,139,Tampa Bay Rays,7,2,0
662376,2022-05-26,2022,140,Texas Rangers,133,Oakland Athletics,4,1,0
662515,2022-05-26,2022,115,Colorado Rockies,120,Washington Nationals,3,7,1
662842,2022-05-26,2022,114,Cleveland Guardians,116,Detroit Tigers,3,4,1
663081,2022-05-26,2022,112,Chicago Cubs,113,Cincinnati Reds,5,20,1
663338,2022-05-26,2022,119,Los Angeles Dodgers,109,Arizona Diamondbacks,14,1,0
663445,2022-05-26,2022,141,Toronto Blue Jays,108,Los Angeles Angels,6,3,0
661539,2022-05-27,2022,146,Miami Marlins,144,Atlanta Braves,4,6,1
661777,2022-05-27,2022,118,Kansas City Royals,142,Minnesota Twins,7,10,1
661960,2022-05-27,2022,147,New York Yankees,139,Tampa Bay Rays,2,0,0
661992,2022-05-27,2022,158,Milwaukee Brewers,138,St. Louis Cardinals,2,4,1
662132,2022-05-27,2022,117,Houston Astros,136,Seattle Mariners,1,6,1
662281,2022-05-27,2022,134,Pittsburgh Pirates,135,San Diego Padres,3,4,1
662369,2022-05-27,2022,140,Texas Rangers,133,Oakland Athletics,8,5,0
662543,2022-05-27,2022,143,Philadelphia Phillies,121,New York Mets,6,8,1
663080,2022-05-27,2022,137,San Francisco Giants,113,Cincinnati Reds,1,5,1
663276,2022-05-27,2022,110,Baltimore Orioles,111,Boston Red Sox,12,8,0
663347,2022-05-27,2022,119,Los Angeles Dodgers,109,Arizona Diamondbacks,6,4,0
663444,2022-05-27,2022,141,Toronto Blue Jays,108,Los Angeles Angels,4,3,0
661518,2022-05-28,2022,112,Chicago Cubs,145,Chicago White Sox,5,1,0
661537,2022-05-28,2022,146,Miami Marlins,144,Atlanta Braves,4,1,0
661774,2022-05-28,2022,118,Kansas City Royals,142,Minnesota Twins,7,3,0
661933,2022-05-28,2022,147,New York Yankees,139,Tampa Bay Rays,1,3,1
661991,2022-05-28,2022,158,Milwaukee Brewers,138,St. Louis Cardinals,3,8,1
662131,2022-05-28,2022,117,Houston Astros,136,Seattle Mariners,0,6,1
662280,2022-05-28,2022,134,Pittsburgh Pirates,135,San Diego Padres,4,2,0
662375,2022-05-28,2022,140,Texas Rangers,133,Oakland Athletics,11,4,0
662513,2022-05-28,2022,115,Colorado Rockies,120,Washington Nationals,3,2,0
662514,2022-05-28,2022,115,Colorado Rockies,120,Washington Nationals,7,13,1
662556,2022-05-28,2022,143,Philadelphia Phillies,121,New York Mets,2,8,1
662852,2022-05-28,2022,114,Cleveland Guardians,116,Detroit Tigers,8,1,0
663118,2022-05-28,2022,137,San Francisco Giants,113,Cincinnati Reds,2,3,1
663257,2022-05-28,2022,110,Baltimore Orioles,111,Boston Red Sox,3,5,1
663309,2022-05-28,2022,110,Baltimore Orioles,111,Boston Red Sox,4,2,0
663330,2022-05-28,2022,119,Los Angeles Dodgers,109,Arizona Diamondbacks,3,2,0
663400,2022-05-28,2022,141,Toronto Blue Jays,108,Los Angeles Angels,6,5,0
661461,2022-05-29,2022,112,Chicago Cubs,145,Chicago White Sox,4,5,1
661517,2022-05-29,2022,146,Miami Marlins,144,Atlanta Braves,3,6,1
661731,2022-05-29,2022,118,Kansas City Royals,142,Minnesota Twins,3,7,1
661910,2022-05-29,2022,147,New York Yankees,139,Tampa Bay Rays,2,4,1
661990,2022-05-29,2022,158,Milwaukee Brewers,138,St. Louis Cardinals,8,0,0
662130,2022-05-29,2022,117,Houston Astros,136,Seattle Mariners,2,1,0
662279,2022-05-29,2022,134,Pittsburgh Pirates,135,San Diego Padres,2,4,1
662374,2022-05-29,2022,140,Texas Rangers,133,Oakland Athletics,5,6,1
662512,2022-05-29,2022,115,Colorado Rockies,120,Washington Nationals,5,6,1
662555,2022-05-29,2022,143,Philadelphia Phillies,121,New York Mets,4,5,1
662840,2022-05-29,2022,114,Cleveland Guardians,116,Detroit Tigers,1,2,1
663072,2022-05-29,2022,137,San Francisco Giants,113,Cincinnati Reds,6,4,0
663299,2022-05-29,2022,110,Baltimore Orioles,111,Boston Red Sox,2,12,1
663328,2022-05-29,2022,119,Los Angeles Dodgers,109,Arizona Diamondbacks,3,1,0
663414,2022-05-29,2022,141,Toronto Blue Jays,108,Los Angeles Angels,11,10,0
661613,2022-05-30,2022,137,San Francisco Giants,143,Philadelphia Phillies,5,4,0
661900,2022-05-30,2022,139,Tampa Bay Rays,140,Texas Rangers,5,9,1
661989,2022-05-30,2022,135,San Diego Padres,138,St. Louis Cardinals,3,6,1
662373,2022-05-30,2022,117,Houston Astros,133,Oakland Athletics,5,1,0
662545,2022-05-30,2022,120,Washington Nationals,121,New York Mets,5,13,1
662743,2022-05-30,2022,134,Pittsburgh Pirates,119,Los Angeles Dodgers,6,5,0
662854,2022-05-30,2022,142,Minnesota Twins,116,Detroit Tigers,5,7,1
662992,2022-05-30,2022,146,Miami Marlins,115,Colorado Rockies,1,7,1
663109,2022-05-30,2022,118,Kansas City Royals,114,Cleveland Guardians,3,7,1
663147,2022-05-30,2022,158,Milwaukee Brewers,112,Chicago Cubs,3,1,0
663149,2022-05-30,2022,158,Milwaukee Brewers,112,Chicago Cubs,7,6,0
663298,2022-05-30,2022,110,Baltimore Orioles,111,Boston Red Sox,10,0,0
663327,2022-05-30,2022,144,Atlanta Braves,109,Arizona Diamondbacks,2,6,1
661075,2022-05-31,2022,136,Seattle Mariners,110,Baltimore Orioles,10,0,0
661331,2022-05-31,2022,108,Los Angeles Angels,147,New York Yankees,1,9,1
661618,2022-05-31,2022,137,San Francisco Giants,143,Philadelphia Phillies,7,4,0
661797,2022-05-31,2022,145,Chicago White Sox,141,Toronto Blue Jays,5,6,1
661884,2022-05-31,2022,139,Tampa Bay Rays,140,Texas Rangers,0,3,1
661977,2022-05-31,2022,135,San Diego Padres,138,St. Louis Cardinals,2,3,1
662367,2022-05-31,2022,117,Houston Astros,133,Oakland Athletics,3,1,0
662544,2022-05-31,2022,120,Washington Nationals,121,New York Mets,0,10,1
662735,2022-05-31,2022,134,Pittsburgh Pirates,119,Los Angeles Dodgers,5,3,0
662806,2022-05-31,2022,142,Minnesota Twins,116,Detroit Tigers,8,2,0
662836,2022-05-31,2022,142,Minnesota Twins,116,Detroit Tigers,0,4,1
663034,2022-05-31,2022,118,Kansas City Royals,114,Cleveland Guardians,3,8,1
663154,2022-05-31,2022,158,Milwaukee Brewers,112,Chicago Cubs,7,8,1
663297,2022-05-31,2022,113,Cincinnati Reds,111,Boston Red Sox,2,1,0
663329,2022-05-31,2022,144,Atlanta Braves,109,Arizona Diamondbacks,7,8,1
661343,2022-06-01,2022,136,Seattle Mariners,110,Baltimore Orioles,2,9,1
661612,2022-06-01,2022,137,San Francisco Giants,143,Philadelphia Phillies,5,6,1
661764,2022-06-01,2022,145,Chicago White Sox,141,Toronto Blue Jays,3,7,1
661963,2022-06-01,2022,139,Tampa Bay Rays,140,Texas Rangers,4,3,0
661982,2022-06-01,2022,135,San Diego Padres,138,St. Louis Cardinals,2,5,1
662366,2022-06-01,2022,117,Houston Astros,133,Oakland Athletics,5,4,0
662457,2022-06-01,2022,120,Washington Nationals,121,New York Mets,0,5,1
662721,2022-06-01,2022,134,Pittsburgh Pirates,119,Los Angeles Dodgers,8,4,0
662833,2022-06-01,2022,142,Minnesota Twins,116,Detroit Tigers,0,5,1
662981,2022-06-01,2022,146,Miami Marlins,115,Colorado Rockies,14,1,0
662991,2022-06-01,2022,146,Miami Marlins,115,Colorado Rockies,12,13,1
663031,2022-06-01,2022,118,Kansas City Royals,114,Cleveland Guardians,0,4,1
663184,2022-06-01,2022,158,Milwaukee Brewers,112,Chicago Cubs,3,4,1
663296,2022-06-01,2022,113,Cincinnati Reds,111,Boston Red Sox,1,7,1
663326,2022-06-01,2022,144,Atlanta Braves,109,Arizona Diamondbacks,6,0,0
661247,2022-06-02,2022,136,Seattle Mariners,110,Baltimore Orioles,7,6,0
661329,2022-06-02,2022,108,Los Angeles Angels,147,New York Yankees,1,2,1
661330,2022-06-02,2022,108,Los Angeles Angels,147,New York Yankees,1,6,1
661340,2022-06-02,2022,135,San Diego Padres,158,Milwaukee Brewers,4,5,1
661397,2022-06-02,2022,137,San Francisco Giants,146,Miami Marlins,0,3,1
661762,2022-06-02,2022,145,Chicago White Sox,141,Toronto Blue Jays,3,8,1
661934,2022-06-02,2022,139,Tampa Bay Rays,140,Texas Rangers,3,1,0
662693,2022-06-02,2022,121,New York Mets,119,Los Angeles Dodgers,0,2,1
662832,2022-06-02,2022,142,Minnesota Twins,116,Detroit Tigers,2,3,1
663000,2022-06-02,2022,144,Atlanta Braves,115,Colorado Rockies,13,6,0
663091,2022-06-02,2022,120,Washington Nationals,113,Cincinnati Reds,1,8,1
663139,2022-06-02,2022,138,St. Louis Cardinals,112,Chicago Cubs,5,7,1
661058,2022-06-03,2022,114,Cleveland Guardians,110,Baltimore Orioles,6,3,0
661318,2022-06-03,2022,116,Detroit Tigers,147,New York Yankees,0,13,1
661334,2022-06-03,2022,135,San Diego Padres,158,Milwaukee Brewers,7,0,0
661396,2022-06-03,2022,137,San Francisco Giants,146,Miami Marlins,15,6,0
661642,2022-06-03,2022,108,Los Angeles Angels,143,Philadelphia Phillies,0,10,1
661761,2022-06-03,2022,142,Minnesota Twins,141,Toronto Blue Jays,9,3,0
661897,2022-06-03,2022,145,Chicago White Sox,139,Tampa Bay Rays,3,6,1
661913,2022-06-03,2022,136,Seattle Mariners,140,Texas Rangers,4,3,0
662365,2022-06-03,2022,111,Boston Red Sox,133,Oakland Athletics,7,2,0
662452,2022-06-03,2022,109,Arizona Diamondbacks,134,Pittsburgh Pirates,8,6,0
662692,2022-06-03,2022,117,Houston Astros,118,Kansas City Royals,10,3,0
662720,2022-06-03,2022,121,New York Mets,119,Los Angeles Dodgers,1,6,1
662980,2022-06-03,2022,144,Atlanta Braves,115,Colorado Rockies,3,1,0
663119,2022-06-03,2022,120,Washington Nationals,113,Cincinnati Reds,8,5,0
663153,2022-06-03,2022,138,St. Louis Cardinals,112,Chicago Cubs,14,5,0
661214,2022-06-04,2022,135,San Diego Padres,158,Milwaukee Brewers,4,0,0
661278,2022-06-04,2022,116,Detroit Tigers,147,New York Yankees,0,3,1
661346,2022-06-04,2022,114,Cleveland Guardians,110,Baltimore Orioles,4,5,1
661395,2022-06-04,2022,137,San Francisco Giants,146,Miami Marlins,4,5,1
661615,2022-06-04,2022,108,Los Angeles Angels,143,Philadelphia Phillies,2,7,1
661749,2022-06-04,2022,142,Minnesota Twins,141,Toronto Blue Jays,3,12,1
661896,2022-06-04,2022,145,Chicago White Sox,139,Tampa Bay Rays,3,2,0
661936,2022-06-04,2022,136,Seattle Mariners,140,Texas Rangers,2,3,1
662364,2022-06-04,2022,111,Boston Red Sox,133,Oakland Athletics,8,0,0
662451,2022-06-04,2022,109,Arizona Diamondbacks,134,Pittsburgh Pirates,1,2,1
662687,2022-06-04,2022,121,New York Mets,119,Los Angeles Dodgers,9,4,0
662689,2022-06-04,2022,117,Houston Astros,118,Kansas City Royals,0,6,1
662987,2022-06-04,2022,144,Atlanta Braves,115,Colorado Rockies,6,2,0
663102,2022-06-04,2022,120,Washington Nationals,113,Cincinnati Reds,10,8,0
663152,2022-06-04,2022,138,St. Louis Cardinals,112,Chicago Cubs,7,4,0
663179,2022-06-04,2022,138,St. Louis Cardinals,112,Chicago Cubs,1,6,1
661151,2022-06-05,2022,114,Cleveland Guardians,110,Baltimore Orioles,3,2,0
661241,2022-06-05,2022,135,San Diego Padres,158,Milwaukee Brewers,6,4,0
661277,2022-06-05,2022,116,Detroit Tigers,147,New York Yankees,4,5,1
661394,2022-06-05,2022,137,San Francisco Giants,146,Miami Marlins,5,1,0
661633,2022-06-05,2022,108,Los Angeles Angels,143,Philadelphia Phillies,7,9,1
661747,2022-06-05,2022,142,Minnesota Twins,141,Toronto Blue Jays,8,6,0
661895,2022-06-05,2022,145,Chicago White Sox,139,Tampa Bay Rays,6,5,0
661962,2022-06-05,2022,136,Seattle Mariners,140,Texas Rangers,6,5,0
662363,2022-06-05,2022,111,Boston Red Sox,133,Oakland Athletics,5,2,0
662450,2022-06-05,2022,109,Arizona Diamondbacks,134,Pittsburgh Pirates,0,3,1
662612,2022-06-05,2022,121,New York Mets,119,Los Angeles Dodgers,5,4,0
662688,2022-06-05,2022,117,Houston Astros,118,Kansas City Royals,7,4,0
662990,2022-06-05,2022,144,Atlanta Braves,115,Colorado Rockies,8,7,0
663058,2022-06-05,2022,120,Washington Nationals,113,Cincinnati Reds,5,4,0
663138,2022-06-05,2022,138,St. Louis Cardinals,112,Chicago Cubs,5,3,0
662278,2022-06-06,2022,121,New York Mets,135,San Diego Padres,11,5,0
662613,2022-06-06,2022,141,Toronto Blue Jays,118,Kansas City Royals,8,0,0
662762,2022-06-06,2022,136,Seattle Mariners,117,Houston Astros,7,4,0
663065,2022-06-06,2022,109,Arizona Diamondbacks,113,Cincinnati Reds,0,7,1
663399,2022-06-06,2022,111,Boston Red Sox,108,Los Angeles Angels,1,0,0
661169,2022-06-07,2022,120,Washington Nationals,146,Miami Marlins,2,12,1
661170,2022-06-07,2022,112,Chicago Cubs,110,Baltimore Orioles,3,9,1
661205,2022-06-07,2022,143,Philadelphia Phillies,158,Milwaukee Brewers,3,2,0
661460,2022-06-07,2022,119,Los Angeles Dodgers,145,Chicago White Sox,0,4,1
661516,2022-06-07,2022,133,Oakland Athletics,144,Atlanta Braves,2,3,1
661693,2022-06-07,2022,147,New York Yankees,142,Minnesota Twins,10,4,0
661894,2022-06-07,2022,138,St. Louis Cardinals,139,Tampa Bay Rays,2,4,1
662092,2022-06-07,2022,115,Colorado Rockies,137,San Francisco Giants,5,3,0
662277,2022-06-07,2022,121,New York Mets,135,San Diego Padres,0,7,1
662449,2022-06-07,2022,116,Detroit Tigers,134,Pittsburgh Pirates,5,3,0
662678,2022-06-07,2022,141,Toronto Blue Jays,118,Kansas City Royals,7,0,0
662761,2022-06-07,2022,136,Seattle Mariners,117,Houston Astros,1,4,1
663064,2022-06-07,2022,109,Arizona Diamondbacks,113,Cincinnati Reds,8,14,1
663122,2022-06-07,2022,140,Texas Rangers,114,Cleveland Guardians,3,6,1
663134,2022-06-07,2022,140,Texas Rangers,114,Cleveland Guardians,6,3,0
663391,2022-06-07,2022,111,Boston Red Sox,108,Los Angeles Angels,6,5,0
661150,2022-06-08,2022,120,Washington Nationals,146,Miami Marlins,1,2,1
661188,2022-06-08,2022,143,Philadelphia Phillies,158,Milwaukee Brewers,10,0,0
661459,2022-06-08,2022,119,Los Angeles Dodgers,145,Chicago White Sox,4,1,0
661515,2022-06-08,2022,133,Oakland Athletics,144,Atlanta Braves,2,13,1
661681,2022-06-08,2022,147,New York Yankees,142,Minnesota Twins,1,8,1
661892,2022-06-08,2022,138,St. Louis Cardinals,139,Tampa Bay Rays,3,11,1
662094,2022-06-08,2022,115,Colorado Rockies,137,San Francisco Giants,1,2,1
662223,2022-06-08,2022,121,New York Mets,135,San Diego Padres,2,13,1
662448,2022-06-08,2022,116,Detroit Tigers,134,Pittsburgh Pirates,3,1,0
662679,2022-06-08,2022,141,Toronto Blue Jays,118,Kansas City Royals,4,8,1
662760,2022-06-08,2022,136,Seattle Mariners,117,Houston Astros,6,3,0
663050,2022-06-08,2022,109,Arizona Diamondbacks,113,Cincinnati Reds,7,0,0
663055,2022-06-08,2022,140,Texas Rangers,114,Cleveland Guardians,0,4,1
663398,2022-06-08,2022,111,Boston Red Sox,108,Los Angeles Angels,1,0,0
661149,2022-06-09,2022,120,Washington Nationals,146,Miami Marlins,4,7,1
661194,2022-06-09,2022,143,Philadelphia Phillies,158,Milwaukee Brewers,8,3,0
661458,2022-06-09,2022,119,Los Angeles Dodgers,145,Chicago White Sox,11,9,0
661514,2022-06-09,2022,134,Pittsburgh Pirates,144,Atlanta Braves,1,3,1
661697,2022-06-09,2022,147,New York Yankees,142,Minnesota Twins,10,7,0
661891,2022-06-09,2022,138,St. Louis Cardinals,139,Tampa Bay Rays,1,2,1
662091,2022-06-09,2022,115,Colorado Rockies,137,San Francisco Giants,4,2,0
662677,2022-06-09,2022,110,Baltimore Orioles,118,Kansas City Royals,5,7,1
663015,2022-06-09,2022,133,Oakland Athletics,114,Cleveland Guardians,4,8,1
663049,2022-06-09,2022,109,Arizona Diamondbacks,113,Cincinnati Reds,5,4,0
663413,2022-06-09,2022,111,Boston Red Sox,108,Los Angeles Angels,2,5,1
661284,2022-06-10,2022,112,Chicago Cubs,147,New York Yankees,1,2,1
661485,2022-06-10,2022,140,Texas Rangers,145,Chicago White Sox,3,8,1
661513,2022-06-10,2022,134,Pittsburgh Pirates,144,Atlanta Braves,2,4,1
661617,2022-06-10,2022,109,Arizona Diamondbacks,143,Philadelphia Phillies,5,7,1
661678,2022-06-10,2022,139,Tampa Bay Rays,142,Minnesota Twins,4,9,1
661983,2022-06-10,2022,113,Cincinnati Reds,138,St. Louis Cardinals,0,2,1
662090,2022-06-10,2022,119,Los Angeles Dodgers,137,San Francisco Giants,2,7,1
662129,2022-06-10,2022,111,Boston Red Sox,136,Seattle Mariners,4,3,0
662275,2022-06-10,2022,115,Colorado Rockies,135,San Diego Padres,0,9,1
662511,2022-06-10,2022,158,Milwaukee Brewers,120,Washington Nationals,5,11,1
662676,2022-06-10,2022,110,Baltimore Orioles,118,Kansas City Royals,1,8,1
662759,2022-06-10,2022,146,Miami Marlins,117,Houston Astros,7,4,0
662831,2022-06-10,2022,141,Toronto Blue Jays,116,Detroit Tigers,10,1,0
663014,2022-06-10,2022,133,Oakland Athletics,114,Cleveland Guardians,2,3,1
663390,2022-06-10,2022,121,New York Mets,108,Los Angeles Angels,7,3,0
661160,2022-06-11,2022,134,Pittsburgh Pirates,144,Atlanta Braves,4,10,1
661276,2022-06-11,2022,112,Chicago Cubs,147,New York Yankees,0,8,1
661484,2022-06-11,2022,140,Texas Rangers,145,Chicago White Sox,11,9,0
661614,2022-06-11,2022,109,Arizona Diamondbacks,143,Philadelphia Phillies,0,4,1
661680,2022-06-11,2022,139,Tampa Bay Rays,142,Minnesota Twins,5,6,1
661976,2022-06-11,2022,113,Cincinnati Reds,138,St. Louis Cardinals,4,5,1
662089,2022-06-11,2022,119,Los Angeles Dodgers,137,San Francisco Giants,2,3,1
662128,2022-06-11,2022,111,Boston Red Sox,136,Seattle Mariners,6,7,1
662222,2022-06-11,2022,115,Colorado Rockies,135,San Diego Padres,6,2,0
662251,2022-06-11,2022,115,Colorado Rockies,135,San Diego Padres,1,2,1
662510,2022-06-11,2022,158,Milwaukee Brewers,120,Washington Nationals,6,8,1
662674,2022-06-11,2022,110,Baltimore Orioles,118,Kansas City Royals,6,4,0
662756,2022-06-11,2022,146,Miami Marlins,117,Houston Astros,5,1,0
662830,2022-06-11,2022,141,Toronto Blue Jays,116,Detroit Tigers,1,3,1
663084,2022-06-11,2022,133,Oakland Athletics,114,Cleveland Guardians,10,5,0
663412,2022-06-11,2022,121,New York Mets,108,Los Angeles Angels,6,11,1
661144,2022-06-12,2022,134,Pittsburgh Pirates,144,Atlanta Braves,3,5,1
661270,2022-06-12,2022,112,Chicago Cubs,147,New York Yankees,4,18,1
661483,2022-06-12,2022,140,Texas Rangers,145,Chicago White Sox,8,6,0
661622,2022-06-12,2022,109,Arizona Diamondbacks,143,Philadelphia Phillies,13,1,0
661679,2022-06-12,2022,139,Tampa Bay Rays,142,Minnesota Twins,6,0,0
661975,2022-06-12,2022,113,Cincinnati Reds,138,St. Louis Cardinals,7,6,0
662085,2022-06-12,2022,119,Los Angeles Dodgers,137,San Francisco Giants,0,2,1
662127,2022-06-12,2022,111,Boston Red Sox,136,Seattle Mariners,2,0,0
662256,2022-06-12,2022,115,Colorado Rockies,135,San Diego Padres,4,2,0
662542,2022-06-12,2022,158,Milwaukee Brewers,120,Washington Nationals,4,1,0
662673,2022-06-12,2022,110,Baltimore Orioles,118,Kansas City Royals,10,7,0
662758,2022-06-12,2022,146,Miami Marlins,117,Houston Astros,4,9,1
662829,2022-06-12,2022,141,Toronto Blue Jays,116,Detroit Tigers,6,0,0
663083,2022-06-12,2022,133,Oakland Athletics,114,Cleveland Guardians,3,6,1
663397,2022-06-12,2022,121,New York Mets,108,Los Angeles Angels,4,1,0
661629,2022-06-13,2022,146,Miami Marlins,143,Philadelphia Phillies,2,3,1
661746,2022-06-13,2022,110,Baltimore Orioles,141,Toronto Blue Jays,1,11,1
661881,2022-06-13,2022,117,Houston Astros,140,Texas Rangers,3,5,1
661974,2022-06-13,2022,134,Pittsburgh Pirates,138,St. Louis Cardinals,5,7,1
662069,2022-06-13,2022,118,Kansas City Royals,137,San Francisco Giants,2,6,1
662126,2022-06-13,2022,142,Minnesota Twins,136,Seattle Mariners,3,2,0
662505,2022-06-13,2022,144,Atlanta Braves,120,Washington Nationals,9,5,0
662828,2022-06-13,2022,145,Chicago White Sox,116,Detroit Tigers,9,5,0
663183,2022-06-13,2022,135,San Diego Padres,112,Chicago Cubs,4,1,0
663345,2022-06-13,2022,113,Cincinnati Reds,109,Arizona Diamondbacks,5,4,0
661328,2022-06-14,2022,139,Tampa Bay Rays,147,New York Yankees,0,2,1
661616,2022-06-14,2022,146,Miami Marlins,143,Philadelphia Phillies,11,9,0
661745,2022-06-14,2022,110,Baltimore Orioles,141,Toronto Blue Jays,6,5,0
661880,2022-06-14,2022,117,Houston Astros,140,Texas Rangers,4,3,0
661973,2022-06-14,2022,134,Pittsburgh Pirates,138,St. Louis Cardinals,1,9,1
662018,2022-06-14,2022,134,Pittsburgh Pirates,138,St. Louis Cardinals,1,3,1
662068,2022-06-14,2022,118,Kansas City Royals,137,San Francisco Giants,2,4,1
662125,2022-06-14,2022,142,Minnesota Twins,136,Seattle Mariners,0,5,1
662441,2022-06-14,2022,158,Milwaukee Brewers,121,New York Mets,0,4,1
662503,2022-06-14,2022,144,Atlanta Braves,120,Washington Nationals,10,4,0
662611,2022-06-14,2022,108,Los Angeles Angels,119,Los Angeles Dodgers,0,2,1
662884,2022-06-14,2022,145,Chicago White Sox,116,Detroit Tigers,5,1,0
662935,2022-06-14,2022,114,Cleveland Guardians,115,Colorado Rockies,4,3,0
663182,2022-06-14,2022,135,San Diego Padres,112,Chicago Cubs,12,5,0
663279,2022-06-14,2022,133,Oakland Athletics,111,Boston Red Sox,1,6,1
663342,2022-06-14,2022,113,Cincinnati Reds,109,Arizona Diamondbacks,5,3,0
661327,2022-06-15,2022,139,Tampa Bay Rays,147,New York Yankees,3,4,1
661583,2022-06-15,2022,146,Miami Marlins,143,Philadelphia Phillies,1,3,1
661744,2022-06-15,2022,110,Baltimore Orioles,141,Toronto Blue Jays,6,7,1
661845,2022-06-15,2022,117,Houston Astros,140,Texas Rangers,9,2,0
661972,2022-06-15,2022,134,Pittsburgh Pirates,138,St. Louis Cardinals,6,4,0
662082,2022-06-15,2022,118,Kansas City Royals,137,San Francisco Giants,3,2,0
662173,2022-06-15,2022,142,Minnesota Twins,136,Seattle Mariners,5,0,0
662480,2022-06-15,2022,158,Milwaukee Brewers,121,New York Mets,10,2,0
662504,2022-06-15,2022,144,Atlanta Braves,120,Washington Nationals,8,2,0
662694,2022-06-15,2022,108,Los Angeles Angels,119,Los Angeles Dodgers,1,4,1
662883,2022-06-15,2022,145,Chicago White Sox,116,Detroit Tigers,13,0,0
662893,2022-06-15,2022,114,Cleveland Guardians,115,Colorado Rockies,7,5,0
663155,2022-06-15,2022,135,San Diego Padres,112,Chicago Cubs,19,5,0
663235,2022-06-15,2022,133,Oakland Athletics,111,Boston Red Sox,1,10,1
663336,2022-06-15,2022,113,Cincinnati Reds,109,Arizona Diamondbacks,4,7,1
661326,2022-06-16,2022,139,Tampa Bay Rays,147,New York Yankees,1,2,1
661743,2022-06-16,2022,110,Baltimore Orioles,141,Toronto Blue Jays,10,2,0
662172,2022-06-16,2022,108,Los Angeles Angels,136,Seattle Mariners,4,1,0
662501,2022-06-16,2022,143,Philadelphia Phillies,120,Washington Nationals,10,1,0
662535,2022-06-16,2022,158,Milwaukee Brewers,121,New York Mets,4,5,1
662827,2022-06-16,2022,140,Texas Rangers,116,Detroit Tigers,3,1,0
662986,2022-06-16,2022,114,Cleveland Guardians,115,Colorado Rockies,4,2,0
663125,2022-06-16,2022,135,San Diego Padres,112,Chicago Cubs,6,4,0
663267,2022-06-16,2022,133,Oakland Athletics,111,Boston Red Sox,4,3,0
661093,2022-06-17,2022,139,Tampa Bay Rays,110,Baltimore Orioles,0,1,1
661742,2022-06-17,2022,147,New York Yankees,141,Toronto Blue Jays,12,3,0
662171,2022-06-17,2022,108,Los Angeles Angels,136,Seattle Mariners,1,8,1
662362,2022-06-17,2022,118,Kansas City Royals,133,Oakland Athletics,5,1,0
662437,2022-06-17,2022,137,San Francisco Giants,134,Pittsburgh Pirates,2,0,0
662502,2022-06-17,2022,143,Philadelphia Phillies,120,Washington Nationals,8,7,0
662534,2022-06-17,2022,146,Miami Marlins,121,New York Mets,4,10,1
662580,2022-06-17,2022,143,Philadelphia Phillies,120,Washington Nationals,5,3,0
662719,2022-06-17,2022,114,Cleveland Guardians,119,Los Angeles Dodgers,2,1,0
662757,2022-06-17,2022,145,Chicago White Sox,117,Houston Astros,3,13,1
662826,2022-06-17,2022,140,Texas Rangers,116,Detroit Tigers,7,0,0
662985,2022-06-17,2022,135,San Diego Padres,115,Colorado Rockies,4,10,1
663063,2022-06-17,2022,158,Milwaukee Brewers,113,Cincinnati Reds,5,4,0
663124,2022-06-17,2022,144,Atlanta Braves,112,Chicago Cubs,0,1,1
663256,2022-06-17,2022,138,St. Louis Cardinals,111,Boston Red Sox,5,6,1
663335,2022-06-17,2022,142,Minnesota Twins,109,Arizona Diamondbacks,2,7,1
661123,2022-06-18,2022,137,San Francisco Giants,134,Pittsburgh Pirates,7,5,0
661127,2022-06-18,2022,139,Tampa Bay Rays,110,Baltimore Orioles,7,6,0
661748,2022-06-18,2022,147,New York Yankees,141,Toronto Blue Jays,4,0,0
662170,2022-06-18,2022,108,Los Angeles Angels,136,Seattle Mariners,3,0,0
662194,2022-06-18,2022,108,Los Angeles Angels,136,Seattle Mariners,4,2,0
662368,2022-06-18,2022,118,Kansas City Royals,133,Oakland Athletics,2,0,0
662500,2022-06-18,2022,143,Philadelphia Phillies,120,Washington Nationals,2,1,0
662533,2022-06-18,2022,146,Miami Marlins,121,New York Mets,2,3,1
662686,2022-06-18,2022,114,Cleveland Guardians,119,Los Angeles Dodgers,1,7,1
662752,2022-06-18,2022,145,Chicago White Sox,117,Houston Astros,7,0,0
662802,2022-06-18,2022,140,Texas Rangers,116,Detroit Tigers,7,14,1
662999,2022-06-18,2022,135,San Diego Padres,115,Colorado Rockies,4,5,1
663062,2022-06-18,2022,158,Milwaukee Brewers,113,Cincinnati Reds,7,3,0
663239,2022-06-18,2022,144,Atlanta Braves,112,Chicago Cubs,3,6,1
663255,2022-06-18,2022,138,St. Louis Cardinals,111,Boston Red Sox,11,2,0
663351,2022-06-18,2022,142,Minnesota Twins,109,Arizona Diamondbacks,11,1,0
661074,2022-06-19,2022,139,Tampa Bay Rays,110,Baltimore Orioles,1,2,1
661122,2022-06-19,2022,137,San Francisco Giants,134,Pittsburgh Pirates,3,4,1
661741,2022-06-19,2022,147,New York Yankees,141,Toronto Blue Jays,9,10,1
662169,2022-06-19,2022,108,Los Angeles Angels,136,Seattle Mariners,4,0,0
662361,2022-06-19,2022,118,Kansas City Royals,133,Oakland Athletics,0,4,1
662532,2022-06-19,2022,146,Miami Marlins,121,New York Mets,6,2,0
662553,2022-06-19,2022,143,Philadelphia Phillies,120,Washington Nationals,3,9,1
662590,2022-06-19,2022,114,Cleveland Guardians,119,Los Angeles Dodgers,5,3,0
662751,2022-06-19,2022,145,Chicago White Sox,117,Houston Astros,3,4,1
662807,2022-06-19,2022,140,Texas Rangers,116,Detroit Tigers,3,7,1
662998,2022-06-19,2022,135,San Diego Padres,115,Colorado Rockies,3,8,1
663061,2022-06-19,2022,158,Milwaukee Brewers,113,Cincinnati Reds,6,3,0
663218,2022-06-19,2022,144,Atlanta Braves,112,Chicago Cubs,6,0,0
663254,2022-06-19,2022,138,St. Louis Cardinals,111,Boston Red Sox,4,6,1
663334,2022-06-19,2022,142,Minnesota Twins,109,Arizona Diamondbacks,1,7,1
661121,2022-06-20,2022,112,Chicago Cubs,134,Pittsburgh Pirates,1,12,1
661143,2022-06-20,2022,137,San Francisco Giants,144,Atlanta Braves,1,2,1
661186,2022-06-20,2022,138,St. Louis Cardinals,158,Milwaukee Brewers,0,2,1
661482,2022-06-20,2022,141,Toronto Blue Jays,145,Chicago White Sox,7,8,1
661893,2022-06-20,2022,147,New York Yankees,139,Tampa Bay Rays,4,2,0
662221,2022-06-20,2022,109,Arizona Diamondbacks,135,San Diego Padres,1,4,1
662522,2022-06-20,2022,146,Miami Marlins,121,New York Mets,0,6,1
663253,2022-06-20,2022,116,Detroit Tigers,111,Boston Red Sox,2,5,1
663443,2022-06-20,2022,118,Kansas City Royals,108,Los Angeles Angels,6,2,0
661124,2022-06-21,2022,112,Chicago Cubs,134,Pittsburgh Pirates,1,7,1
661142,2022-06-21,2022,137,San Francisco Giants,144,Atlanta Braves,12,10,0
661148,2022-06-21,2022,115,Colorado Rockies,146,Miami Marlins,8,9,1
661192,2022-06-21,2022,138,St. Louis Cardinals,158,Milwaukee Brewers,6,2,0
661198,2022-06-21,2022,120,Washington Nationals,110,Baltimore Orioles,3,0,0
661481,2022-06-21,2022,141,Toronto Blue Jays,145,Chicago White Sox,6,7,1
661677,2022-06-21,2022,114,Cleveland Guardians,142,Minnesota Twins,6,5,0
661846,2022-06-21,2022,143,Philadelphia Phillies,140,Texas Rangers,0,7,1
661890,2022-06-21,2022,147,New York Yankees,139,Tampa Bay Rays,4,5,1
662248,2022-06-21,2022,109,Arizona Diamondbacks,135,San Diego Padres,2,3,1
662360,2022-06-21,2022,136,Seattle Mariners,133,Oakland Athletics,8,2,0
662750,2022-06-21,2022,121,New York Mets,117,Houston Astros,2,8,1
663041,2022-06-21,2022,119,Los Angeles Dodgers,113,Cincinnati Reds,8,2,0
663246,2022-06-21,2022,116,Detroit Tigers,111,Boston Red Sox,4,5,1
663442,2022-06-21,2022,118,Kansas City Royals,108,Los Angeles Angels,12,11,0
661107,2022-06-22,2022,112,Chicago Cubs,134,Pittsburgh Pirates,14,5,0
661141,2022-06-22,2022,137,San Francisco Giants,144,Atlanta Braves,3,4,1
661230,2022-06-22,2022,138,St. Louis Cardinals,158,Milwaukee Brewers,5,4,0
661246,2022-06-22,2022,120,Washington Nationals,110,Baltimore Orioles,0,7,1
661393,2022-06-22,2022,115,Colorado Rockies,146,Miami Marlins,4,7,1
661457,2022-06-22,2022,141,Toronto Blue Jays,145,Chicago White Sox,9,5,0
661690,2022-06-22,2022,114,Cleveland Guardians,142,Minnesota Twins,11,10,0
661851,2022-06-22,2022,143,Philadelphia Phillies,140,Texas Rangers,2,4,1
661889,2022-06-22,2022,147,New York Yankees,139,Tampa Bay Rays,5,4,0
662245,2022-06-22,2022,109,Arizona Diamondbacks,135,San Diego Padres,4,10,1
662359,2022-06-22,2022,136,Seattle Mariners,133,Oakland Athletics,9,0,0
662749,2022-06-22,2022,121,New York Mets,117,Houston Astros,3,5,1
663040,2022-06-22,2022,119,Los Angeles Dodgers,113,Cincinnati Reds,8,4,0
663252,2022-06-22,2022,116,Detroit Tigers,111,Boston Red Sox,2,6,1
663389,2022-06-22,2022,118,Kansas City Royals,108,Los Angeles Angels,0,5,1
661106,2022-06-23,2022,112,Chicago Cubs,134,Pittsburgh Pirates,7,8,1
661140,2022-06-23,2022,137,San Francisco Giants,144,Atlanta Braves,6,7,1
661183,2022-06-23,2022,138,St. Louis Cardinals,158,Milwaukee Brewers,4,6,1
661325,2022-06-23,2022,117,Houston Astros,147,New York Yankees,6,7,1
661392,2022-06-23,2022,115,Colorado Rockies,146,Miami Marlins,2,3,1
661456,2022-06-23,2022,110,Baltimore Orioles,145,Chicago White Sox,4,0,0
661685,2022-06-23,2022,114,Cleveland Guardians,142,Minnesota Twins,0,1,1
662227,2022-06-23,2022,143,Philadelphia Phillies,135,San Diego Padres,6,2,0
662358,2022-06-23,2022,136,Seattle Mariners,133,Oakland Athletics,2,1,0
663039,2022-06-23,2022,119,Los Angeles Dodgers,113,Cincinnati Reds,10,5,0
661139,2022-06-24,2022,119,Los Angeles Dodgers,144,Atlanta Braves,4,1,0
661190,2022-06-24,2022,141,Toronto Blue Jays,158,Milwaukee Brewers,9,4,0
661274,2022-06-24,2022,117,Houston Astros,147,New York Yankees,3,1,0
661382,2022-06-24,2022,121,New York Mets,146,Miami Marlins,5,3,0
661455,2022-06-24,2022,110,Baltimore Orioles,145,Chicago White Sox,4,1,0
661684,2022-06-24,2022,115,Colorado Rockies,142,Minnesota Twins,1,0,0
661844,2022-06-24,2022,120,Washington Nationals,140,Texas Rangers,2,1,0
661888,2022-06-24,2022,134,Pittsburgh Pirates,139,Tampa Bay Rays,3,4,1
661971,2022-06-24,2022,112,Chicago Cubs,138,St. Louis Cardinals,3,0,0
662067,2022-06-24,2022,113,Cincinnati Reds,137,San Francisco Giants,4,2,0
662255,2022-06-24,2022,143,Philadelphia Phillies,135,San Diego Padres,0,1,1
662664,2022-06-24,2022,133,Oakland Athletics,118,Kansas City Royals,1,3,1
663054,2022-06-24,2022,111,Boston Red Sox,114,Cleveland Guardians,6,3,0
663333,2022-06-24,2022,116,Detroit Tigers,109,Arizona Diamondbacks,5,1,0
663388,2022-06-24,2022,136,Seattle Mariners,108,Los Angeles Angels,4,3,0
661138,2022-06-25,2022,119,Los Angeles Dodgers,144,Atlanta Braves,3,5,1
661264,2022-06-25,2022,141,Toronto Blue Jays,158,Milwaukee Brewers,4,5,1
661271,2022-06-25,2022,117,Houston Astros,147,New York Yankees,3,0,0
661381,2022-06-25,2022,121,New York Mets,146,Miami Marlins,5,3,0
661454,2022-06-25,2022,110,Baltimore Orioles,145,Chicago White Sox,6,2,0
661686,2022-06-25,2022,115,Colorado Rockies,142,Minnesota Twins,0,6,1
661887,2022-06-25,2022,134,Pittsburgh Pirates,139,Tampa Bay Rays,5,6,1
661898,2022-06-25,2022,120,Washington Nationals,140,Texas Rangers,2,3,1
661970,2022-06-25,2022,112,Chicago Cubs,138,St. Louis Cardinals,3,5,1
662083,2022-06-25,2022,113,Cincinnati Reds,137,San Francisco Giants,2,9,1
662247,2022-06-25,2022,143,Philadelphia Phillies,135,San Diego Padres,4,2,0
662672,2022-06-25,2022,133,Oakland Athletics,118,Kansas City Royals,9,7,0
663042,2022-06-25,2022,111,Boston Red Sox,114,Cleveland Guardians,4,2,0
663346,2022-06-25,2022,116,Detroit Tigers,109,Arizona Diamondbacks,6,3,0
663441,2022-06-25,2022,136,Seattle Mariners,108,Los Angeles Angels,5,3,0
661206,2022-06-26,2022,141,Toronto Blue Jays,158,Milwaukee Brewers,3,10,1
661273,2022-06-26,2022,117,Houston Astros,147,New York Yankees,3,6,1
661380,2022-06-26,2022,121,New York Mets,146,Miami Marlins,2,3,1
661453,2022-06-26,2022,110,Baltimore Orioles,145,Chicago White Sox,3,4,1
661512,2022-06-26,2022,119,Los Angeles Dodgers,144,Atlanta Braves,5,3,0
661692,2022-06-26,2022,115,Colorado Rockies,142,Minnesota Twins,3,6,1
661847,2022-06-26,2022,120,Washington Nationals,140,Texas Rangers,6,4,0
661886,2022-06-26,2022,134,Pittsburgh Pirates,139,Tampa Bay Rays,2,4,1
661969,2022-06-26,2022,112,Chicago Cubs,138,St. Louis Cardinals,6,5,0
662061,2022-06-26,2022,113,Cincinnati Reds,137,San Francisco Giants,10,3,0
662254,2022-06-26,2022,143,Philadelphia Phillies,135,San Diego Padres,8,5,0
662665,2022-06-26,2022,133,Oakland Athletics,118,Kansas City Royals,5,3,0
663121,2022-06-26,2022,111,Boston Red Sox,114,Cleveland Guardians,8,3,0
663331,2022-06-26,2022,116,Detroit Tigers,109,Arizona Diamondbacks,7,11,1
663387,2022-06-26,2022,136,Seattle Mariners,108,Los Angeles Angels,1,2,1
661275,2022-06-27,2022,133,Oakland Athletics,147,New York Yankees,5,9,1
661740,2022-06-27,2022,111,Boston Red Sox,141,Toronto Blue Jays,2,7,1
661968,2022-06-27,2022,146,Miami Marlins,138,St. Louis Cardinals,0,9,1
662168,2022-06-27,2022,110,Baltimore Orioles,136,Seattle Mariners,9,2,0
662487,2022-06-27,2022,134,Pittsburgh Pirates,120,Washington Nationals,2,3,1
662681,2022-06-27,2022,140,Texas Rangers,118,Kansas City Royals,10,4,0
662912,2022-06-27,2022,119,Los Angeles Dodgers,115,Colorado Rockies,0,4,1
663016,2022-06-27,2022,142,Minnesota Twins,114,Cleveland Guardians,11,1,0
663440,2022-06-27,2022,145,Chicago White Sox,108,Los Angeles Angels,3,4,1
661272,2022-06-28,2022,133,Oakland Athletics,147,New York Yankees,1,2,1
661580,2022-06-28,2022,144,Atlanta Braves,143,Philadelphia Phillies,5,3,0
661728,2022-06-28,2022,111,Boston Red Sox,141,Toronto Blue Jays,5,6,1
661885,2022-06-28,2022,158,Milwaukee Brewers,139,Tampa Bay Rays,5,3,0
661967,2022-06-28,2022,146,Miami Marlins,138,St. Louis Cardinals,3,5,1
662060,2022-06-28,2022,116,Detroit Tigers,137,San Francisco Giants,3,4,1
662186,2022-06-28,2022,110,Baltimore Orioles,136,Seattle Mariners,0,2,1
662484,2022-06-28,2022,134,Pittsburgh Pirates,120,Washington Nationals,1,3,1
662521,2022-06-28,2022,117,Houston Astros,121,New York Mets,9,1,0
662615,2022-06-28,2022,140,Texas Rangers,118,Kansas City Royals,8,3,0
662911,2022-06-28,2022,119,Los Angeles Dodgers,115,Colorado Rockies,4,7,1
663033,2022-06-28,2022,142,Minnesota Twins,114,Cleveland Guardians,6,0,0
663045,2022-06-28,2022,142,Minnesota Twins,114,Cleveland Guardians,2,3,1
663231,2022-06-28,2022,113,Cincinnati Reds,112,Chicago Cubs,5,3,0
663344,2022-06-28,2022,135,San Diego Padres,109,Arizona Diamondbacks,6,7,1
663392,2022-06-28,2022,145,Chicago White Sox,108,Los Angeles Angels,11,4,0
661134,2022-06-29,2022,146,Miami Marlins,138,St. Louis Cardinals,4,3,0
661263,2022-06-29,2022,133,Oakland Athletics,147,New York Yankees,3,5,1
661584,2022-06-29,2022,144,Atlanta Braves,143,Philadelphia Phillies,4,1,0
661727,2022-06-29,2022,111,Boston Red Sox,141,Toronto Blue Jays,6,5,0
661879,2022-06-29,2022,158,Milwaukee Brewers,139,Tampa Bay Rays,5,3,0
662080,2022-06-29,2022,116,Detroit Tigers,137,San Francisco Giants,3,2,0
662151,2022-06-29,2022,110,Baltimore Orioles,136,Seattle Mariners,3,9,1
662440,2022-06-29,2022,117,Houston Astros,121,New York Mets,2,0,0
662493,2022-06-29,2022,134,Pittsburgh Pirates,120,Washington Nationals,8,7,0
662675,2022-06-29,2022,140,Texas Rangers,118,Kansas City Royals,1,2,1
662894,2022-06-29,2022,119,Los Angeles Dodgers,115,Colorado Rockies,8,4,0
663030,2022-06-29,2022,142,Minnesota Twins,114,Cleveland Guardians,6,7,1
663215,2022-06-29,2022,113,Cincinnati Reds,112,Chicago Cubs,3,8,1
663325,2022-06-29,2022,135,San Diego Padres,109,Arizona Diamondbacks,4,0,0
663396,2022-06-29,2022,145,Chicago White Sox,108,Los Angeles Angels,1,4,1
661105,2022-06-30,2022,158,Milwaukee Brewers,134,Pittsburgh Pirates,7,8,1
661579,2022-06-30,2022,144,Atlanta Braves,143,Philadelphia Phillies,4,14,1
661726,2022-06-30,2022,139,Tampa Bay Rays,141,Toronto Blue Jays,1,4,1
662150,2022-06-30,2022,133,Oakland Athletics,136,Seattle Mariners,6,8,1
662733,2022-06-30,2022,135,San Diego Padres,119,Los Angeles Dodgers,1,3,1
662788,2022-06-30,2022,147,New York Yankees,117,Houston Astros,1,2,1
662983,2022-06-30,2022,142,Minnesota Twins,114,Cleveland Guardians,3,5,1
663199,2022-06-30,2022,113,Cincinnati Reds,112,Chicago Cubs,7,15,1
661104,2022-07-01,2022,158,Milwaukee Brewers,134,Pittsburgh Pirates,19,2,0
661582,2022-07-01,2022,138,St. Louis Cardinals,143,Philadelphia Phillies,3,5,1
661691,2022-07-01,2022,110,Baltimore Orioles,142,Minnesota Twins,2,3,1
661725,2022-07-01,2022,139,Tampa Bay Rays,141,Toronto Blue Jays,2,9,1
662079,2022-07-01,2022,145,Chicago White Sox,137,San Francisco Giants,1,0,0
662149,2022-07-01,2022,133,Oakland Athletics,136,Seattle Mariners,3,1,0
662439,2022-07-01,2022,140,Texas Rangers,121,New York Mets,3,4,1
662492,2022-07-01,2022,146,Miami Marlins,120,Washington Nationals,6,3,0
662609,2022-07-01,2022,135,San Diego Padres,119,Los Angeles Dodgers,1,5,1
662748,2022-07-01,2022,108,Los Angeles Angels,117,Houston Astros,1,8,1
662834,2022-07-01,2022,118,Kansas City Royals,116,Detroit Tigers,3,1,0
662997,2022-07-01,2022,109,Arizona Diamondbacks,115,Colorado Rockies,9,3,0
663038,2022-07-01,2022,144,Atlanta Braves,113,Cincinnati Reds,9,1,0
663185,2022-07-01,2022,111,Boston Red Sox,112,Chicago Cubs,5,6,1
661103,2022-07-02,2022,158,Milwaukee Brewers,134,Pittsburgh Pirates,4,7,1
661581,2022-07-02,2022,138,St. Louis Cardinals,143,Philadelphia Phillies,7,6,0
661683,2022-07-02,2022,110,Baltimore Orioles,142,Minnesota Twins,3,4,1
661724,2022-07-02,2022,139,Tampa Bay Rays,141,Toronto Blue Jays,6,2,0
661836,2022-07-02,2022,139,Tampa Bay Rays,141,Toronto Blue Jays,11,5,0
662101,2022-07-02,2022,145,Chicago White Sox,137,San Francisco Giants,5,3,0
662163,2022-07-02,2022,133,Oakland Athletics,136,Seattle Mariners,1,2,1
662456,2022-07-02,2022,140,Texas Rangers,121,New York Mets,7,3,0
662482,2022-07-02,2022,146,Miami Marlins,120,Washington Nationals,5,3,0
662718,2022-07-02,2022,135,San Diego Padres,119,Los Angeles Dodgers,2,7,1
662890,2022-07-02,2022,108,Los Angeles Angels,117,Houston Astros,1,9,1
662904,2022-07-02,2022,118,Kansas City Royals,116,Detroit Tigers,3,4,1
662910,2022-07-02,2022,109,Arizona Diamondbacks,115,Colorado Rockies,7,11,1
662954,2022-07-02,2022,147,New York Yankees,114,Cleveland Guardians,6,1,0
662964,2022-07-02,2022,147,New York Yankees,114,Cleveland Guardians,13,4,0
663037,2022-07-02,2022,144,Atlanta Braves,113,Cincinnati Reds,4,1,0
663198,2022-07-02,2022,111,Boston Red Sox,112,Chicago Cubs,1,3,1
661102,2022-07-03,2022,158,Milwaukee Brewers,134,Pittsburgh Pirates,2,0,0
661630,2022-07-03,2022,138,St. Louis Cardinals,143,Philadelphia Phillies,0,4,1
661689,2022-07-03,2022,110,Baltimore Orioles,142,Minnesota Twins,3,1,0
661723,2022-07-03,2022,139,Tampa Bay Rays,141,Toronto Blue Jays,7,3,0
662099,2022-07-03,2022,145,Chicago White Sox,137,San Francisco Giants,13,4,0
662162,2022-07-03,2022,133,Oakland Athletics,136,Seattle Mariners,1,2,1
662486,2022-07-03,2022,146,Miami Marlins,120,Washington Nationals,7,4,0
662509,2022-07-03,2022,140,Texas Rangers,121,New York Mets,1,4,1
662684,2022-07-03,2022,135,San Diego Padres,119,Los Angeles Dodgers,4,2,0
662794,2022-07-03,2022,118,Kansas City Royals,116,Detroit Tigers,7,4,0
662889,2022-07-03,2022,108,Los Angeles Angels,117,Houston Astros,2,4,1
662913,2022-07-03,2022,109,Arizona Diamondbacks,115,Colorado Rockies,5,6,1
662957,2022-07-03,2022,147,New York Yankees,114,Cleveland Guardians,0,2,1
663052,2022-07-03,2022,144,Atlanta Braves,113,Cincinnati Reds,3,4,1
663186,2022-07-03,2022,111,Boston Red Sox,112,Chicago Cubs,4,2,0
661073,2022-07-04,2022,140,Texas Rangers,110,Baltimore Orioles,6,7,1
661181,2022-07-04,2022,112,Chicago Cubs,158,Milwaukee Brewers,2,5,1
661452,2022-07-04,2022,142,Minnesota Twins,145,Chicago White Sox,6,3,0
661511,2022-07-04,2022,138,St. Louis Cardinals,144,Atlanta Braves,3,6,1
662270,2022-07-04,2022,136,Seattle Mariners,135,San Diego Padres,8,2,0
662355,2022-07-04,2022,141,Toronto Blue Jays,133,Oakland Athletics,1,5,1
662541,2022-07-04,2022,146,Miami Marlins,120,Washington Nationals,3,2,0
662732,2022-07-04,2022,115,Colorado Rockies,119,Los Angeles Dodgers,3,5,1
662841,2022-07-04,2022,114,Cleveland Guardians,116,Detroit Tigers,3,5,1
662874,2022-07-04,2022,118,Kansas City Royals,117,Houston Astros,6,7,1
662906,2022-07-04,2022,114,Cleveland Guardians,116,Detroit Tigers,1,4,1
663036,2022-07-04,2022,121,New York Mets,113,Cincinnati Reds,7,4,0
663251,2022-07-04,2022,139,Tampa Bay Rays,111,Boston Red Sox,0,4,1
663343,2022-07-04,2022,137,San Francisco Giants,109,Arizona Diamondbacks,3,8,1
661187,2022-07-05,2022,112,Chicago Cubs,158,Milwaukee Brewers,8,3,0
661244,2022-07-05,2022,140,Texas Rangers,110,Baltimore Orioles,9,10,1
661379,2022-07-05,2022,108,Los Angeles Angels,146,Miami Marlins,1,2,1
661426,2022-07-05,2022,142,Minnesota Twins,145,Chicago White Sox,8,2,0
661510,2022-07-05,2022,138,St. Louis Cardinals,144,Atlanta Braves,1,7,1
661578,2022-07-05,2022,120,Washington Nationals,143,Philadelphia Phillies,0,11,1
662226,2022-07-05,2022,136,Seattle Mariners,135,San Diego Padres,6,2,0
662329,2022-07-05,2022,147,New York Yankees,134,Pittsburgh Pirates,2,5,1
662354,2022-07-05,2022,141,Toronto Blue Jays,133,Oakland Athletics,3,5,1
662731,2022-07-05,2022,115,Colorado Rockies,119,Los Angeles Dodgers,2,5,1
662847,2022-07-05,2022,118,Kansas City Royals,117,Houston Astros,7,9,1
662905,2022-07-05,2022,114,Cleveland Guardians,116,Detroit Tigers,4,11,1
663035,2022-07-05,2022,121,New York Mets,113,Cincinnati Reds,0,1,1
663245,2022-07-05,2022,139,Tampa Bay Rays,111,Boston Red Sox,8,4,0
663320,2022-07-05,2022,137,San Francisco Giants,109,Arizona Diamondbacks,2,6,1
661225,2022-07-06,2022,112,Chicago Cubs,158,Milwaukee Brewers,2,1,0
661245,2022-07-06,2022,140,Texas Rangers,110,Baltimore Orioles,1,2,1
661378,2022-07-06,2022,108,Los Angeles Angels,146,Miami Marlins,5,2,0
661413,2022-07-06,2022,142,Minnesota Twins,145,Chicago White Sox,8,9,1
661509,2022-07-06,2022,138,St. Louis Cardinals,144,Atlanta Braves,0,3,1
661564,2022-07-06,2022,120,Washington Nationals,143,Philadelphia Phillies,3,2,0
662328,2022-07-06,2022,147,New York Yankees,134,Pittsburgh Pirates,16,0,0
662353,2022-07-06,2022,141,Toronto Blue Jays,133,Oakland Athletics,2,1,0
662630,2022-07-06,2022,115,Colorado Rockies,119,Los Angeles Dodgers,1,2,1
662747,2022-07-06,2022,118,Kansas City Royals,117,Houston Astros,7,4,0
662814,2022-07-06,2022,114,Cleveland Guardians,116,Detroit Tigers,2,8,1
663051,2022-07-06,2022,121,New York Mets,113,Cincinnati Reds,8,3,0
663244,2022-07-06,2022,139,Tampa Bay Rays,111,Boston Red Sox,7,1,0
663318,2022-07-06,2022,137,San Francisco Giants,109,Arizona Diamondbacks,7,5,0
661091,2022-07-07,2022,108,Los Angeles Angels,110,Baltimore Orioles,1,4,1
661425,2022-07-07,2022,116,Detroit Tigers,145,Chicago White Sox,2,1,0
661521,2022-07-07,2022,138,St. Louis Cardinals,144,Atlanta Braves,3,2,0
661566,2022-07-07,2022,120,Washington Nationals,143,Philadelphia Phillies,3,5,1
662156,2022-07-07,2022,141,Toronto Blue Jays,136,Seattle Mariners,3,8,1
662253,2022-07-07,2022,137,San Francisco Giants,135,San Diego Padres,1,2,1
662508,2022-07-07,2022,146,Miami Marlins,121,New York Mets,0,10,1
662730,2022-07-07,2022,112,Chicago Cubs,119,Los Angeles Dodgers,3,5,1
662746,2022-07-07,2022,118,Kansas City Royals,117,Houston Astros,2,5,1
663071,2022-07-07,2022,134,Pittsburgh Pirates,113,Cincinnati Reds,4,2,0
663140,2022-07-07,2022,134,Pittsburgh Pirates,113,Cincinnati Reds,1,5,1
663233,2022-07-07,2022,147,New York Yankees,111,Boston Red Sox,6,5,0
663317,2022-07-07,2022,115,Colorado Rockies,109,Arizona Diamondbacks,4,3,0
661108,2022-07-08,2022,108,Los Angeles Angels,110,Baltimore Orioles,4,5,1
661136,2022-07-08,2022,143,Philadelphia Phillies,138,St. Louis Cardinals,2,0,0
661177,2022-07-08,2022,134,Pittsburgh Pirates,158,Milwaukee Brewers,3,4,1
661412,2022-07-08,2022,116,Detroit Tigers,145,Chicago White Sox,7,5,0
661522,2022-07-08,2022,120,Washington Nationals,144,Atlanta Braves,2,12,1
661843,2022-07-08,2022,142,Minnesota Twins,140,Texas Rangers,5,6,1
662155,2022-07-08,2022,141,Toronto Blue Jays,136,Seattle Mariners,2,5,1
662225,2022-07-08,2022,137,San Francisco Giants,135,San Diego Padres,3,6,1
662352,2022-07-08,2022,117,Houston Astros,133,Oakland Athletics,8,3,0
662498,2022-07-08,2022,146,Miami Marlins,121,New York Mets,5,2,0
662610,2022-07-08,2022,112,Chicago Cubs,119,Los Angeles Dodgers,3,4,1
662614,2022-07-08,2022,114,Cleveland Guardians,118,Kansas City Royals,3,4,1
663053,2022-07-08,2022,139,Tampa Bay Rays,113,Cincinnati Reds,1,2,1
663202,2022-07-08,2022,147,New York Yankees,111,Boston Red Sox,12,5,0
663319,2022-07-08,2022,115,Colorado Rockies,109,Arizona Diamondbacks,6,5,0
661071,2022-07-09,2022,108,Los Angeles Angels,110,Baltimore Orioles,0,1,1
661137,2022-07-09,2022,143,Philadelphia Phillies,138,St. Louis Cardinals,1,0,0
661224,2022-07-09,2022,134,Pittsburgh Pirates,158,Milwaukee Brewers,4,3,0
661411,2022-07-09,2022,116,Detroit Tigers,145,Chicago White Sox,0,8,1
661508,2022-07-09,2022,120,Washington Nationals,144,Atlanta Braves,3,4,1
661842,2022-07-09,2022,142,Minnesota Twins,140,Texas Rangers,7,9,1
662147,2022-07-09,2022,141,Toronto Blue Jays,136,Seattle Mariners,1,2,1
662266,2022-07-09,2022,137,San Francisco Giants,135,San Diego Padres,3,1,0
662351,2022-07-09,2022,117,Houston Astros,133,Oakland Athletics,2,3,1
662497,2022-07-09,2022,146,Miami Marlins,121,New York Mets,4,5,1
662663,2022-07-09,2022,114,Cleveland Guardians,118,Kansas City Royals,13,1,0
662683,2022-07-09,2022,112,Chicago Cubs,119,Los Angeles Dodgers,2,4,1
663092,2022-07-09,2022,139,Tampa Bay Rays,113,Cincinnati Reds,4,5,1
663223,2022-07-09,2022,147,New York Yankees,111,Boston Red Sox,5,6,1
663310,2022-07-09,2022,115,Colorado Rockies,109,Arizona Diamondbacks,2,9,1
661092,2022-07-10,2022,108,Los Angeles Angels,110,Baltimore Orioles,5,9,1
661135,2022-07-10,2022,143,Philadelphia Phillies,138,St. Louis Cardinals,3,4,1
661178,2022-07-10,2022,134,Pittsburgh Pirates,158,Milwaukee Brewers,8,6,0
661410,2022-07-10,2022,116,Detroit Tigers,145,Chicago White Sox,2,4,1
661520,2022-07-10,2022,120,Washington Nationals,144,Atlanta Braves,3,4,1
661808,2022-07-10,2022,142,Minnesota Twins,140,Texas Rangers,6,5,0
662183,2022-07-10,2022,141,Toronto Blue Jays,136,Seattle Mariners,5,6,1
662198,2022-07-10,2022,137,San Francisco Giants,135,San Diego Padres,12,0,0
662215,2022-07-10,2022,117,Houston Astros,133,Oakland Athletics,6,1,0
662496,2022-07-10,2022,146,Miami Marlins,121,New York Mets,2,0,0
662662,2022-07-10,2022,114,Cleveland Guardians,118,Kansas City Royals,1,5,1
662729,2022-07-10,2022,112,Chicago Cubs,119,Los Angeles Dodgers,9,11,1
663048,2022-07-10,2022,139,Tampa Bay Rays,113,Cincinnati Reds,5,10,1
663232,2022-07-10,2022,147,New York Yankees,111,Boston Red Sox,6,11,1
663307,2022-07-10,2022,115,Colorado Rockies,109,Arizona Diamondbacks,3,2,0
661120,2022-07-11,2022,143,Philadelphia Phillies,138,St. Louis Cardinals,1,6,1
661324,2022-07-11,2022,134,Pittsburgh Pirates,146,Miami Marlins,5,1,0
661507,2022-07-11,2022,121,New York Mets,144,Atlanta Braves,4,1,0
661814,2022-07-11,2022,133,Oakland Athletics,140,Texas Rangers,8,10,1
661878,2022-07-11,2022,111,Boston Red Sox,139,Tampa Bay Rays,5,10,1
662100,2022-07-11,2022,109,Arizona Diamondbacks,137,San Francisco Giants,4,3,0
662661,2022-07-11,2022,116,Detroit Tigers,118,Kansas City Royals,3,7,1
662700,2022-07-11,2022,116,Detroit Tigers,118,Kansas City Royals,1,3,1
662956,2022-07-11,2022,145,Chicago White Sox,114,Cleveland Guardians,4,8,1
662996,2022-07-11,2022,135,San Diego Padres,115,Colorado Rockies,6,5,0
661119,2022-07-12,2022,119,Los Angeles Dodgers,138,St. Louis Cardinals,6,7,1
661262,2022-07-12,2022,113,Cincinnati Reds,147,New York Yankees,4,3,0
661377,2022-07-12,2022,134,Pittsburgh Pirates,146,Miami Marlins,3,2,0
661506,2022-07-12,2022,121,New York Mets,144,Atlanta Braves,1,4,1
661688,2022-07-12,2022,158,Milwaukee Brewers,142,Minnesota Twins,6,3,0
661722,2022-07-12,2022,143,Philadelphia Phillies,141,Toronto Blue Jays,3,4,1
661813,2022-07-12,2022,133,Oakland Athletics,140,Texas Rangers,14,7,0
661877,2022-07-12,2022,111,Boston Red Sox,139,Tampa Bay Rays,2,3,1
662108,2022-07-12,2022,109,Arizona Diamondbacks,137,San Francisco Giants,0,13,1
662660,2022-07-12,2022,116,Detroit Tigers,118,Kansas City Royals,7,5,0
662976,2022-07-12,2022,145,Chicago White Sox,114,Cleveland Guardians,7,0,0
662984,2022-07-12,2022,135,San Diego Padres,115,Colorado Rockies,3,5,1
663087,2022-07-12,2022,145,Chicago White Sox,114,Cleveland Guardians,1,4,1
663187,2022-07-12,2022,110,Baltimore Orioles,112,Chicago Cubs,4,2,0
663402,2022-07-12,2022,117,Houston Astros,108,Los Angeles Angels,6,5,0
661118,2022-07-13,2022,119,Los Angeles Dodgers,138,St. Louis Cardinals,7,6,0
661269,2022-07-13,2022,113,Cincinnati Reds,147,New York Yankees,6,7,1
661376,2022-07-13,2022,134,Pittsburgh Pirates,146,Miami Marlins,4,5,1
661505,2022-07-13,2022,121,New York Mets,144,Atlanta Braves,7,3,0
661687,2022-07-13,2022,158,Milwaukee Brewers,142,Minnesota Twins,1,4,1
661721,2022-07-13,2022,143,Philadelphia Phillies,141,Toronto Blue Jays,2,8,1
661812,2022-07-13,2022,133,Oakland Athletics,140,Texas Rangers,2,5,1
661876,2022-07-13,2022,111,Boston Red Sox,139,Tampa Bay Rays,1,4,1
662107,2022-07-13,2022,109,Arizona Diamondbacks,137,San Francisco Giants,3,4,1
662517,2022-07-13,2022,136,Seattle Mariners,120,Washington Nationals,6,4,0
662531,2022-07-13,2022,136,Seattle Mariners,120,Washington Nationals,2,1,0
662659,2022-07-13,2022,116,Detroit Tigers,118,Kansas City Royals,2,5,1
662895,2022-07-13,2022,135,San Diego Padres,115,Colorado Rockies,6,10,1
662949,2022-07-13,2022,145,Chicago White Sox,114,Cleveland Guardians,2,1,0
663230,2022-07-13,2022,110,Baltimore Orioles,112,Chicago Cubs,7,1,0
663401,2022-07-13,2022,117,Houston Astros,108,Los Angeles Angels,1,7,1
661100,2022-07-14,2022,135,San Diego Padres,115,Colorado Rockies,5,8,1
661101,2022-07-14,2022,121,New York Mets,112,Chicago Cubs,8,0,0
661117,2022-07-14,2022,119,Los Angeles Dodgers,138,St. Louis Cardinals,4,0,0
661261,2022-07-14,2022,113,Cincinnati Reds,147,New York Yankees,7,6,0
661375,2022-07-14,2022,134,Pittsburgh Pirates,146,Miami Marlins,2,3,1
661675,2022-07-14,2022,145,Chicago White Sox,142,Minnesota Twins,12,2,0
661720,2022-07-14,2022,118,Kansas City Royals,141,Toronto Blue Jays,3,1,0
661811,2022-07-14,2022,136,Seattle Mariners,140,Texas Rangers,6,5,0
661875,2022-07-14,2022,111,Boston Red Sox,139,Tampa Bay Rays,4,5,1
662109,2022-07-14,2022,158,Milwaukee Brewers,137,San Francisco Giants,3,2,0
662518,2022-07-14,2022,144,Atlanta Braves,120,Washington Nationals,5,4,0
663123,2022-07-14,2022,116,Detroit Tigers,114,Cleveland Guardians,0,4,1
663386,2022-07-14,2022,117,Houston Astros,108,Los Angeles Angels,3,2,0
661113,2022-07-15,2022,134,Pittsburgh Pirates,115,Colorado Rockies,2,13,1
661116,2022-07-15,2022,113,Cincinnati Reds,138,St. Louis Cardinals,3,7,1
661260,2022-07-15,2022,111,Boston Red Sox,147,New York Yankees,5,4,0
661374,2022-07-15,2022,143,Philadelphia Phillies,146,Miami Marlins,2,1,0
661674,2022-07-15,2022,145,Chicago White Sox,142,Minnesota Twins,6,2,0
661719,2022-07-15,2022,118,Kansas City Royals,141,Toronto Blue Jays,1,8,1
661810,2022-07-15,2022,136,Seattle Mariners,140,Texas Rangers,8,3,0
661874,2022-07-15,2022,110,Baltimore Orioles,139,Tampa Bay Rays,4,5,1
662072,2022-07-15,2022,158,Milwaukee Brewers,137,San Francisco Giants,5,8,1
662197,2022-07-15,2022,109,Arizona Diamondbacks,135,San Diego Padres,3,5,1
662516,2022-07-15,2022,144,Atlanta Braves,120,Washington Nationals,8,4,0
662923,2022-07-15,2022,133,Oakland Athletics,117,Houston Astros,5,1,0
662942,2022-07-15,2022,116,Detroit Tigers,114,Cleveland Guardians,5,6,1
663385,2022-07-15,2022,119,Los Angeles Dodgers,108,Los Angeles Angels,9,1,0
661081,2022-07-16,2022,134,Pittsburgh Pirates,115,Colorado Rockies,0,2,1
661114,2022-07-16,2022,121,New York Mets,112,Chicago Cubs,2,1,0
661115,2022-07-16,2022,121,New York Mets,112,Chicago Cubs,4,3,0
661259,2022-07-16,2022,111,Boston Red Sox,147,New York Yankees,1,14,1
661359,2022-07-16,2022,143,Philadelphia Phillies,146,Miami Marlins,10,0,0
661673,2022-07-16,2022,145,Chicago White Sox,142,Minnesota Twins,3,6,1
661718,2022-07-16,2022,118,Kansas City Royals,141,Toronto Blue Jays,5,6,1
661809,2022-07-16,2022,136,Seattle Mariners,140,Texas Rangers,3,2,0
661873,2022-07-16,2022,110,Baltimore Orioles,139,Tampa Bay Rays,6,4,0
661966,2022-07-16,2022,113,Cincinnati Reds,138,St. Louis Cardinals,3,11,1
662113,2022-07-16,2022,158,Milwaukee Brewers,137,San Francisco Giants,1,2,1
662271,2022-07-16,2022,109,Arizona Diamondbacks,135,San Diego Padres,3,4,1
662483,2022-07-16,2022,144,Atlanta Braves,120,Washington Nationals,6,3,0
662909,2022-07-16,2022,133,Oakland Athletics,117,Houston Astros,0,5,1
662952,2022-07-16,2022,116,Detroit Tigers,114,Cleveland Guardians,0,10,1
663415,2022-07-16,2022,119,Los Angeles Dodgers,108,Los Angeles Angels,7,1,0
661080,2022-07-17,2022,134,Pittsburgh Pirates,115,Colorado Rockies,8,3,0
661082,2022-07-17,2022,121,New York Mets,112,Chicago Cubs,2,3,1
661258,2022-07-17,2022,111,Boston Red Sox,147,New York Yankees,2,13,1
661373,2022-07-17,2022,143,Philadelphia Phillies,146,Miami Marlins,4,0,0
661672,2022-07-17,2022,145,Chicago White Sox,142,Minnesota Twins,11,0,0
661717,2022-07-17,2022,118,Kansas City Royals,141,Toronto Blue Jays,2,4,1
661821,2022-07-17,2022,136,Seattle Mariners,140,Texas Rangers,6,2,0
661872,2022-07-17,2022,110,Baltimore Orioles,139,Tampa Bay Rays,5,7,1
662059,2022-07-17,2022,158,Milwaukee Brewers,137,San Francisco Giants,5,9,1
662269,2022-07-17,2022,109,Arizona Diamondbacks,135,San Diego Padres,3,1,0
662530,2022-07-17,2022,144,Atlanta Braves,120,Washington Nationals,3,7,1
662908,2022-07-17,2022,133,Oakland Athletics,117,Houston Astros,4,3,0
661421,2022-07-21,2022,140,Texas Rangers,146,Miami Marlins,8,0,0
662408,2022-07-21,2022,116,Detroit Tigers,133,Oakland Athletics,0,5,1
662411,2022-07-21,2022,116,Detroit Tigers,133,Oakland Athletics,7,2,0
662685,2022-07-21,2022,137,San Francisco Giants,119,Los Angeles Dodgers,6,9,1
662775,2022-07-21,2022,147,New York Yankees,117,Houston Astros,5,7,1
662776,2022-07-21,2022,147,New York Yankees,117,Houston Astros,2,3,1
661072,2022-07-22,2022,147,New York Yankees,110,Baltimore Orioles,7,6,0
661193,2022-07-22,2022,115,Colorado Rockies,158,Milwaukee Brewers,5,6,1
661409,2022-07-22,2022,114,Cleveland Guardians,145,Chicago White Sox,8,2,0
661504,2022-07-22,2022,108,Los Angeles Angels,144,Atlanta Braves,1,8,1
661560,2022-07-22,2022,112,Chicago Cubs,143,Philadelphia Phillies,15,2,0
662167,2022-07-22,2022,117,Houston Astros,136,Seattle Mariners,5,2,0
662327,2022-07-22,2022,146,Miami Marlins,134,Pittsburgh Pirates,8,1,0
662344,2022-07-22,2022,140,Texas Rangers,133,Oakland Athletics,4,5,1
662481,2022-07-22,2022,135,San Diego Padres,121,New York Mets,4,1,0
662589,2022-07-22,2022,137,San Francisco Giants,119,Los Angeles Dodgers,1,5,1
662658,2022-07-22,2022,139,Tampa Bay Rays,118,Kansas City Royals,7,3,0
663060,2022-07-22,2022,138,St. Louis Cardinals,113,Cincinnati Reds,5,9,1
663222,2022-07-22,2022,141,Toronto Blue Jays,111,Boston Red Sox,28,5,0
663306,2022-07-22,2022,120,Washington Nationals,109,Arizona Diamondbacks,1,10,1
661057,2022-07-23,2022,147,New York Yankees,110,Baltimore Orioles,3,6,1
661201,2022-07-23,2022,115,Colorado Rockies,158,Milwaukee Brewers,4,9,1
661408,2022-07-23,2022,114,Cleveland Guardians,145,Chicago White Sox,4,5,1
661503,2022-07-23,2022,108,Los Angeles Angels,144,Atlanta Braves,2,7,1
661523,2022-07-23,2022,114,Cleveland Guardians,145,Chicago White Sox,7,4,0
661559,2022-07-23,2022,112,Chicago Cubs,143,Philadelphia Phillies,6,2,0
662146,2022-07-23,2022,117,Houston Astros,136,Seattle Mariners,3,1,0
662348,2022-07-23,2022,140,Texas Rangers,133,Oakland Athletics,1,3,1
662436,2022-07-23,2022,146,Miami Marlins,134,Pittsburgh Pirates,0,1,1
662495,2022-07-23,2022,135,San Diego Padres,121,New York Mets,2,1,0
662608,2022-07-23,2022,137,San Francisco Giants,119,Los Angeles Dodgers,2,4,1
662657,2022-07-23,2022,139,Tampa Bay Rays,118,Kansas City Royals,3,6,1
662902,2022-07-23,2022,142,Minnesota Twins,116,Detroit Tigers,8,4,0
663047,2022-07-23,2022,138,St. Louis Cardinals,113,Cincinnati Reds,6,3,0
663221,2022-07-23,2022,141,Toronto Blue Jays,111,Boston Red Sox,4,1,0
663305,2022-07-23,2022,120,Washington Nationals,109,Arizona Diamondbacks,2,7,1
661056,2022-07-24,2022,147,New York Yankees,110,Baltimore Orioles,6,0,0
661184,2022-07-24,2022,115,Colorado Rockies,158,Milwaukee Brewers,9,10,1
661407,2022-07-24,2022,114,Cleveland Guardians,145,Chicago White Sox,3,6,1
661502,2022-07-24,2022,108,Los Angeles Angels,144,Atlanta Braves,9,1,0
661556,2022-07-24,2022,112,Chicago Cubs,143,Philadelphia Phillies,4,3,0
662145,2022-07-24,2022,117,Houston Astros,136,Seattle Mariners,8,5,0
662343,2022-07-24,2022,140,Texas Rangers,133,Oakland Athletics,11,8,0
662357,2022-07-24,2022,146,Miami Marlins,134,Pittsburgh Pirates,6,5,0
662458,2022-07-24,2022,135,San Diego Padres,121,New York Mets,5,8,1
662656,2022-07-24,2022,139,Tampa Bay Rays,118,Kansas City Royals,2,4,1
662682,2022-07-24,2022,137,San Francisco Giants,119,Los Angeles Dodgers,4,7,1
662901,2022-07-24,2022,142,Minnesota Twins,116,Detroit Tigers,9,1,0
663059,2022-07-24,2022,138,St. Louis Cardinals,113,Cincinnati Reds,3,6,1
663220,2022-07-24,2022,141,Toronto Blue Jays,111,Boston Red Sox,8,4,0
663316,2022-07-24,2022,120,Washington Nationals,109,Arizona Diamondbacks,4,3,0
661055,2022-07-25,2022,139,Tampa Bay Rays,110,Baltimore Orioles,1,5,1
661065,2022-07-25,2022,134,Pittsburgh Pirates,112,Chicago Cubs,2,3,1
661231,2022-07-25,2022,115,Colorado Rockies,158,Milwaukee Brewers,2,0,0
661555,2022-07-25,2022,144,Atlanta Braves,143,Philadelphia Phillies,4,6,1
662166,2022-07-25,2022,140,Texas Rangers,136,Seattle Mariners,3,4,1
662347,2022-07-25,2022,117,Houston Astros,133,Oakland Athletics,5,7,1
662576,2022-07-25,2022,120,Washington Nationals,119,Los Angeles Dodgers,4,1,0
662655,2022-07-25,2022,108,Los Angeles Angels,118,Kansas City Royals,0,7,1
662809,2022-07-25,2022,135,San Diego Padres,116,Detroit Tigers,4,12,1
663046,2022-07-25,2022,146,Miami Marlins,113,Cincinnati Reds,2,11,1
663219,2022-07-25,2022,114,Cleveland Guardians,111,Boston Red Sox,1,3,1
663315,2022-07-25,2022,137,San Francisco Giants,109,Arizona Diamondbacks,0,7,1
661054,2022-07-26,2022,139,Tampa Bay Rays,110,Baltimore Orioles,3,5,1
661064,2022-07-26,2022,134,Pittsburgh Pirates,112,Chicago Cubs,2,4,1
661079,2022-07-26,2022,145,Chicago White Sox,115,Colorado Rockies,2,1,0
661281,2022-07-26,2022,142,Minnesota Twins,158,Milwaukee Brewers,6,7,1
661563,2022-07-26,2022,144,Atlanta Braves,143,Philadelphia Phillies,6,3,0
661716,2022-07-26,2022,138,St. Louis Cardinals,141,Toronto Blue Jays,3,10,1
662184,2022-07-26,2022,140,Texas Rangers,136,Seattle Mariners,4,5,1
662346,2022-07-26,2022,117,Houston Astros,133,Oakland Athletics,3,5,1
662438,2022-07-26,2022,147,New York Yankees,121,New York Mets,3,6,1
662573,2022-07-26,2022,120,Washington Nationals,119,Los Angeles Dodgers,8,3,0
662653,2022-07-26,2022,108,Los Angeles Angels,118,Kansas City Royals,6,0,0
662813,2022-07-26,2022,135,San Diego Padres,116,Detroit Tigers,6,4,0
663029,2022-07-26,2022,146,Miami Marlins,113,Cincinnati Reds,2,1,0
663203,2022-07-26,2022,114,Cleveland Guardians,111,Boston Red Sox,8,3,0
663314,2022-07-26,2022,137,San Francisco Giants,109,Arizona Diamondbacks,3,7,1
661053,2022-07-27,2022,139,Tampa Bay Rays,110,Baltimore Orioles,6,4,0
661078,2022-07-27,2022,145,Chicago White Sox,115,Colorado Rockies,5,6,1
661249,2022-07-27,2022,142,Minnesota Twins,158,Milwaukee Brewers,4,10,1
661554,2022-07-27,2022,144,Atlanta Braves,143,Philadelphia Phillies,2,7,1
661715,2022-07-27,2022,138,St. Louis Cardinals,141,Toronto Blue Jays,6,1,0
662165,2022-07-27,2022,140,Texas Rangers,136,Seattle Mariners,2,4,1
662345,2022-07-27,2022,117,Houston Astros,133,Oakland Athletics,2,4,1
662420,2022-07-27,2022,147,New York Yankees,121,New York Mets,2,3,1
662565,2022-07-27,2022,120,Washington Nationals,119,Los Angeles Dodgers,1,7,1
662652,2022-07-27,2022,108,Los Angeles Angels,118,Kansas City Royals,4,0,0
662900,2022-07-27,2022,135,San Diego Padres,116,Detroit Tigers,3,4,1
663028,2022-07-27,2022,146,Miami Marlins,113,Cincinnati Reds,3,5,1
663191,2022-07-27,2022,114,Cleveland Guardians,111,Boston Red Sox,7,6,0
663294,2022-07-27,2022,137,San Francisco Giants,109,Arizona Diamondbacks,3,5,1
661052,2022-07-28,2022,139,Tampa Bay Rays,110,Baltimore Orioles,0,3,1
661077,2022-07-28,2022,119,Los Angeles Dodgers,115,Colorado Rockies,13,0,0
661257,2022-07-28,2022,118,Kansas City Royals,147,New York Yankees,0,1,1
661714,2022-07-28,2022,116,Detroit Tigers,141,Toronto Blue Jays,3,5,1
662058,2022-07-28,2022,112,Chicago Cubs,137,San Francisco Giants,2,4,1
662326,2022-07-28,2022,143,Philadelphia Phillies,134,Pittsburgh Pirates,8,7,0
662907,2022-07-28,2022,136,Seattle Mariners,117,Houston Astros,2,4,1
663027,2022-07-28,2022,146,Miami Marlins,113,Cincinnati Reds,7,6,0
663200,2022-07-28,2022,114,Cleveland Guardians,111,Boston Red Sox,2,4,1
663380,2022-07-28,2022,140,Texas Rangers,108,Los Angeles Angels,2,0,0
661076,2022-07-29,2022,119,Los Angeles Dodgers,115,Colorado Rockies,5,4,0
661256,2022-07-29,2022,118,Kansas City Royals,147,New York Yankees,5,11,1
661372,2022-07-29,2022,121,New York Mets,146,Miami Marlins,6,4,0
661406,2022-07-29,2022,133,Oakland Athletics,145,Chicago White Sox,7,3,0
661501,2022-07-29,2022,109,Arizona Diamondbacks,144,Atlanta Braves,2,5,1
661713,2022-07-29,2022,116,Detroit Tigers,141,Toronto Blue Jays,4,2,0
661871,2022-07-29,2022,114,Cleveland Guardians,139,Tampa Bay Rays,4,1,0
662057,2022-07-29,2022,112,Chicago Cubs,137,San Francisco Giants,4,2,0
662268,2022-07-29,2022,142,Minnesota Twins,135,San Diego Padres,1,10,1
662435,2022-07-29,2022,143,Philadelphia Phillies,134,Pittsburgh Pirates,4,2,0
662477,2022-07-29,2022,138,St. Louis Cardinals,120,Washington Nationals,6,2,0
662745,2022-07-29,2022,136,Seattle Mariners,117,Houston Astros,1,11,1
663026,2022-07-29,2022,110,Baltimore Orioles,113,Cincinnati Reds,6,2,0
663190,2022-07-29,2022,158,Milwaukee Brewers,111,Boston Red Sox,4,1,0
663379,2022-07-29,2022,140,Texas Rangers,108,Los Angeles Angels,7,2,0
661255,2022-07-30,2022,118,Kansas City Royals,147,New York Yankees,2,8,1
661371,2022-07-30,2022,121,New York Mets,146,Miami Marlins,4,0,0
661451,2022-07-30,2022,133,Oakland Athletics,145,Chicago White Sox,2,3,1
661499,2022-07-30,2022,109,Arizona Diamondbacks,144,Atlanta Braves,2,6,1
661712,2022-07-30,2022,116,Detroit Tigers,141,Toronto Blue Jays,3,5,1
661870,2022-07-30,2022,114,Cleveland Guardians,139,Tampa Bay Rays,4,6,1
662112,2022-07-30,2022,112,Chicago Cubs,137,San Francisco Giants,4,5,1
662196,2022-07-30,2022,142,Minnesota Twins,135,San Diego Padres,7,4,0
662415,2022-07-30,2022,143,Philadelphia Phillies,134,Pittsburgh Pirates,2,1,0
662476,2022-07-30,2022,138,St. Louis Cardinals,120,Washington Nationals,6,7,1
662738,2022-07-30,2022,136,Seattle Mariners,117,Houston Astros,5,4,0
662989,2022-07-30,2022,119,Los Angeles Dodgers,115,Colorado Rockies,3,5,1
663025,2022-07-30,2022,110,Baltimore Orioles,113,Cincinnati Reds,2,8,1
663192,2022-07-30,2022,158,Milwaukee Brewers,111,Boston Red Sox,9,4,0
663378,2022-07-30,2022,140,Texas Rangers,108,Los Angeles Angels,7,9,1
661254,2022-07-31,2022,118,Kansas City Royals,147,New York Yankees,8,6,0
661370,2022-07-31,2022,121,New York Mets,146,Miami Marlins,9,3,0
661388,2022-07-31,2022,133,Oakland Athletics,145,Chicago White Sox,1,4,1
661498,2022-07-31,2022,109,Arizona Diamondbacks,144,Atlanta Braves,0,1,1
661711,2022-07-31,2022,116,Detroit Tigers,141,Toronto Blue Jays,1,4,1
661869,2022-07-31,2022,114,Cleveland Guardians,139,Tampa Bay Rays,5,3,0
662071,2022-07-31,2022,112,Chicago Cubs,137,San Francisco Giants,0,4,1
662267,2022-07-31,2022,142,Minnesota Twins,135,San Diego Padres,2,3,1
662414,2022-07-31,2022,143,Philadelphia Phillies,134,Pittsburgh Pirates,8,2,0
662475,2022-07-31,2022,138,St. Louis Cardinals,120,Washington Nationals,5,0,0
662918,2022-07-31,2022,136,Seattle Mariners,117,Houston Astros,2,3,1
662988,2022-07-31,2022,119,Los Angeles Dodgers,115,Colorado Rockies,7,3,0
663024,2022-07-31,2022,110,Baltimore Orioles,113,Cincinnati Reds,2,3,1
663189,2022-07-31,2022,158,Milwaukee Brewers,111,Boston Red Sox,2,7,1
663377,2022-07-31,2022,140,Texas Rangers,108,Los Angeles Angels,5,2,0
661268,2022-08-01,2022,136,Seattle Mariners,147,New York Yankees,2,7,1
661369,2022-08-01,2022,113,Cincinnati Reds,146,Miami Marlins,3,1,0
661387,2022-08-01,2022,118,Kansas City Royals,145,Chicago White Sox,2,1,0
661671,2022-08-01,2022,116,Detroit Tigers,142,Minnesota Twins,3,5,1
661820,2022-08-01,2022,110,Baltimore Orioles,140,Texas Rangers,7,2,0
662070,2022-08-01,2022,119,Los Angeles Dodgers,137,San Francisco Giants,8,2,0
662224,2022-08-01,2022,115,Colorado Rockies,135,San Diego Padres,1,4,1
662474,2022-08-01,2022,121,New York Mets,120,Washington Nationals,7,3,0
662737,2022-08-01,2022,111,Boston Red Sox,117,Houston Astros,3,2,0
662947,2022-08-01,2022,109,Arizona Diamondbacks,114,Cleveland Guardians,5,6,1
661253,2022-08-02,2022,136,Seattle Mariners,147,New York Yankees,8,6,0
661368,2022-08-02,2022,113,Cincinnati Reds,146,Miami Marlins,2,1,0
661386,2022-08-02,2022,118,Kansas City Royals,145,Chicago White Sox,2,9,1
661496,2022-08-02,2022,143,Philadelphia Phillies,144,Atlanta Braves,1,13,1
661661,2022-08-02,2022,116,Detroit Tigers,142,Minnesota Twins,5,3,0
661819,2022-08-02,2022,110,Baltimore Orioles,140,Texas Rangers,8,2,0
661868,2022-08-02,2022,141,Toronto Blue Jays,139,Tampa Bay Rays,3,1,0
661959,2022-08-02,2022,112,Chicago Cubs,138,St. Louis Cardinals,0,6,1
662056,2022-08-02,2022,119,Los Angeles Dodgers,137,San Francisco Giants,9,5,0
662220,2022-08-02,2022,115,Colorado Rockies,135,San Diego Padres,2,3,1
662250,2022-08-02,2022,115,Colorado Rockies,135,San Diego Padres,5,13,1
662298,2022-08-02,2022,158,Milwaukee Brewers,134,Pittsburgh Pirates,3,5,1
662529,2022-08-02,2022,121,New York Mets,120,Washington Nationals,1,5,1
662736,2022-08-02,2022,111,Boston Red Sox,117,Houston Astros,2,1,0
662941,2022-08-02,2022,109,Arizona Diamondbacks,114,Cleveland Guardians,6,3,0
663376,2022-08-02,2022,133,Oakland Athletics,108,Los Angeles Angels,1,3,1
661293,2022-08-03,2022,136,Seattle Mariners,147,New York Yankees,7,3,0
661367,2022-08-03,2022,113,Cincinnati Reds,146,Miami Marlins,0,3,1
661385,2022-08-03,2022,118,Kansas City Royals,145,Chicago White Sox,1,4,1
661500,2022-08-03,2022,143,Philadelphia Phillies,144,Atlanta Braves,3,1,0
661664,2022-08-03,2022,116,Detroit Tigers,142,Minnesota Twins,1,4,1
661818,2022-08-03,2022,110,Baltimore Orioles,140,Texas Rangers,6,3,0
661867,2022-08-03,2022,141,Toronto Blue Jays,139,Tampa Bay Rays,2,3,1
662055,2022-08-03,2022,119,Los Angeles Dodgers,137,San Francisco Giants,3,0,0
662244,2022-08-03,2022,115,Colorado Rockies,135,San Diego Padres,1,9,1
662324,2022-08-03,2022,158,Milwaukee Brewers,134,Pittsburgh Pirates,7,8,1
662552,2022-08-03,2022,121,New York Mets,120,Washington Nationals,9,5,0
662725,2022-08-03,2022,111,Boston Red Sox,117,Houston Astros,1,6,1
662946,2022-08-03,2022,109,Arizona Diamondbacks,114,Cleveland Guardians,4,7,1
663375,2022-08-03,2022,133,Oakland Athletics,108,Los Angeles Angels,3,1,0
661565,2022-08-04,2022,120,Washington Nationals,143,Philadelphia Phillies,4,5,1
661660,2022-08-04,2022,141,Toronto Blue Jays,142,Minnesota Twins,9,3,0
661817,2022-08-04,2022,145,Chicago White Sox,140,Texas Rangers,2,3,1
661932,2022-08-04,2022,112,Chicago Cubs,138,St. Louis Cardinals,2,7,1
661945,2022-08-04,2022,112,Chicago Cubs,138,St. Louis Cardinals,3,4,1
662114,2022-08-04,2022,119,Los Angeles Dodgers,137,San Francisco Giants,5,3,0
662219,2022-08-04,2022,115,Colorado Rockies,135,San Diego Padres,7,3,0
662303,2022-08-04,2022,158,Milwaukee Brewers,134,Pittsburgh Pirates,4,5,1
662419,2022-08-04,2022,144,Atlanta Braves,121,New York Mets,4,6,1
662651,2022-08-04,2022,111,Boston Red Sox,118,Kansas City Royals,3,7,1
662812,2022-08-04,2022,139,Tampa Bay Rays,116,Detroit Tigers,6,2,0
662975,2022-08-04,2022,117,Houston Astros,114,Cleveland Guardians,6,0,0
663374,2022-08-04,2022,133,Oakland Athletics,108,Los Angeles Angels,8,7,0
661048,2022-08-05,2022,134,Pittsburgh Pirates,110,Baltimore Orioles,0,1,1
661063,2022-08-05,2022,146,Miami Marlins,112,Chicago Cubs,1,2,1
661174,2022-08-05,2022,113,Cincinnati Reds,158,Milwaukee Brewers,1,5,1
661562,2022-08-05,2022,120,Washington Nationals,143,Philadelphia Phillies,2,7,1
661659,2022-08-05,2022,141,Toronto Blue Jays,142,Minnesota Twins,5,6,1
661816,2022-08-05,2022,145,Chicago White Sox,140,Texas Rangers,2,1,0
661946,2022-08-05,2022,147,New York Yankees,138,St. Louis Cardinals,3,4,1
662164,2022-08-05,2022,108,Los Angeles Angels,136,Seattle Mariners,4,3,0
662418,2022-08-05,2022,144,Atlanta Braves,121,New York Mets,9,6,0
662564,2022-08-05,2022,135,San Diego Padres,119,Los Angeles Dodgers,1,8,1
662650,2022-08-05,2022,111,Boston Red Sox,118,Kansas City Royals,7,4,0
662811,2022-08-05,2022,139,Tampa Bay Rays,116,Detroit Tigers,5,3,0
662945,2022-08-05,2022,117,Houston Astros,114,Cleveland Guardians,9,3,0
663313,2022-08-05,2022,115,Colorado Rockies,109,Arizona Diamondbacks,5,6,1
661050,2022-08-06,2022,134,Pittsburgh Pirates,110,Baltimore Orioles,3,6,1
661062,2022-08-06,2022,146,Miami Marlins,112,Chicago Cubs,0,4,1
661173,2022-08-06,2022,113,Cincinnati Reds,158,Milwaukee Brewers,7,5,0
661561,2022-08-06,2022,120,Washington Nationals,143,Philadelphia Phillies,5,11,1
661662,2022-08-06,2022,141,Toronto Blue Jays,142,Minnesota Twins,3,7,1
661815,2022-08-06,2022,145,Chicago White Sox,140,Texas Rangers,0,8,1
661949,2022-08-06,2022,147,New York Yankees,138,St. Louis Cardinals,0,1,1
662154,2022-08-06,2022,108,Los Angeles Angels,136,Seattle Mariners,1,2,1
662193,2022-08-06,2022,108,Los Angeles Angels,136,Seattle Mariners,7,1,0
662308,2022-08-06,2022,137,San Francisco Giants,133,Oakland Athletics,7,3,0
662417,2022-08-06,2022,144,Atlanta Braves,121,New York Mets,2,6,1
662499,2022-08-06,2022,144,Atlanta Braves,121,New York Mets,5,8,1
662649,2022-08-06,2022,111,Boston Red Sox,118,Kansas City Royals,4,5,1
662654,2022-08-06,2022,135,San Diego Padres,119,Los Angeles Dodgers,3,8,1
662856,2022-08-06,2022,139,Tampa Bay Rays,116,Detroit Tigers,1,9,1
662937,2022-08-06,2022,117,Houston Astros,114,Cleveland Guardians,1,4,1
663288,2022-08-06,2022,115,Colorado Rockies,109,Arizona Diamondbacks,3,2,0
661049,2022-08-07,2022,134,Pittsburgh Pirates,110,Baltimore Orioles,8,1,0
661061,2022-08-07,2022,146,Miami Marlins,112,Chicago Cubs,3,0,0
661172,2022-08-07,2022,113,Cincinnati Reds,158,Milwaukee Brewers,4,2,0
661558,2022-08-07,2022,120,Washington Nationals,143,Philadelphia Phillies,1,13,1
661653,2022-08-07,2022,141,Toronto Blue Jays,142,Minnesota Twins,3,2,0
661835,2022-08-07,2022,145,Chicago White Sox,140,Texas Rangers,8,2,0
661948,2022-08-07,2022,147,New York Yankees,138,St. Louis Cardinals,9,12,1
662153,2022-08-07,2022,108,Los Angeles Angels,136,Seattle Mariners,3,6,1
662332,2022-08-07,2022,137,San Francisco Giants,133,Oakland Athletics,6,4,0
662416,2022-08-07,2022,144,Atlanta Braves,121,New York Mets,2,5,1
662563,2022-08-07,2022,135,San Diego Padres,119,Los Angeles Dodgers,0,4,1
662648,2022-08-07,2022,111,Boston Red Sox,118,Kansas City Royals,5,13,1
662810,2022-08-07,2022,139,Tampa Bay Rays,116,Detroit Tigers,7,0,0
662944,2022-08-07,2022,117,Houston Astros,114,Cleveland Guardians,0,1,1
663300,2022-08-07,2022,115,Colorado Rockies,109,Arizona Diamondbacks,4,6,1
661047,2022-08-08,2022,141,Toronto Blue Jays,110,Baltimore Orioles,4,7,1
661060,2022-08-08,2022,120,Washington Nationals,112,Chicago Cubs,3,6,1
662152,2022-08-08,2022,147,New York Yankees,136,Seattle Mariners,9,4,0
662218,2022-08-08,2022,137,San Francisco Giants,135,San Diego Padres,1,0,0
662331,2022-08-08,2022,108,Los Angeles Angels,133,Oakland Athletics,1,0,0
662445,2022-08-08,2022,113,Cincinnati Reds,121,New York Mets,1,5,1
663304,2022-08-08,2022,134,Pittsburgh Pirates,109,Arizona Diamondbacks,0,3,1
661046,2022-08-09,2022,141,Toronto Blue Jays,110,Baltimore Orioles,5,6,1
661059,2022-08-09,2022,120,Washington Nationals,112,Chicago Cubs,6,5,0
661182,2022-08-09,2022,139,Tampa Bay Rays,158,Milwaukee Brewers,3,5,1
661553,2022-08-09,2022,146,Miami Marlins,143,Philadelphia Phillies,1,4,1
662148,2022-08-09,2022,147,New York Yankees,136,Seattle Mariners,0,1,1
662246,2022-08-09,2022,137,San Francisco Giants,135,San Diego Padres,4,7,1
662330,2022-08-09,2022,108,Los Angeles Angels,133,Oakland Athletics,5,1,0
662444,2022-08-09,2022,113,Cincinnati Reds,121,New York Mets,2,6,1
662562,2022-08-09,2022,142,Minnesota Twins,119,Los Angeles Dodgers,3,10,1
662647,2022-08-09,2022,145,Chicago White Sox,118,Kansas City Royals,2,4,1
662724,2022-08-09,2022,140,Texas Rangers,117,Houston Astros,5,7,1
662779,2022-08-09,2022,145,Chicago White Sox,118,Kansas City Royals,3,2,0
662793,2022-08-09,2022,114,Cleveland Guardians,116,Detroit Tigers,5,2,0
662979,2022-08-09,2022,138,St. Louis Cardinals,115,Colorado Rockies,5,16,1
663201,2022-08-09,2022,144,Atlanta Braves,111,Boston Red Sox,9,7,0
663303,2022-08-09,2022,134,Pittsburgh Pirates,109,Arizona Diamondbacks,4,6,1
661207,2022-08-10,2022,139,Tampa Bay Rays,158,Milwaukee Brewers,3,4,1
661557,2022-08-10,2022,146,Miami Marlins,143,Philadelphia Phillies,3,4,1
662185,2022-08-10,2022,147,New York Yankees,136,Seattle Mariners,3,4,1
662217,2022-08-10,2022,137,San Francisco Giants,135,San Diego Padres,7,13,1
662316,2022-08-10,2022,108,Los Angeles Angels,133,Oakland Athletics,5,4,0
662443,2022-08-10,2022,113,Cincinnati Reds,121,New York Mets,2,10,1
662575,2022-08-10,2022,142,Minnesota Twins,119,Los Angeles Dodgers,5,8,1
662639,2022-08-10,2022,145,Chicago White Sox,118,Kansas City Royals,3,8,1
662723,2022-08-10,2022,140,Texas Rangers,117,Houston Astros,8,4,0
662791,2022-08-10,2022,114,Cleveland Guardians,116,Detroit Tigers,3,2,0
662892,2022-08-10,2022,138,St. Louis Cardinals,115,Colorado Rockies,9,5,0
663188,2022-08-10,2022,144,Atlanta Braves,111,Boston Red Sox,8,4,0
663229,2022-08-10,2022,120,Washington Nationals,112,Chicago Cubs,2,4,1
663302,2022-08-10,2022,134,Pittsburgh Pirates,109,Arizona Diamondbacks,6,4,0
661608,2022-08-11,2022,146,Miami Marlins,143,Philadelphia Phillies,3,0,0
662645,2022-08-11,2022,145,Chicago White Sox,118,Kansas City Royals,3,5,1
662722,2022-08-11,2022,140,Texas Rangers,117,Houston Astros,3,7,1
662790,2022-08-11,2022,114,Cleveland Guardians,116,Detroit Tigers,4,3,0
662891,2022-08-11,2022,138,St. Louis Cardinals,115,Colorado Rockies,6,8,1
663023,2022-08-11,2022,112,Chicago Cubs,113,Cincinnati Reds,4,2,0
663274,2022-08-11,2022,110,Baltimore Orioles,111,Boston Red Sox,3,4,1
663293,2022-08-11,2022,134,Pittsburgh Pirates,109,Arizona Diamondbacks,3,9,1
661366,2022-08-12,2022,144,Atlanta Braves,146,Miami Marlins,4,3,0
661384,2022-08-12,2022,116,Detroit Tigers,145,Chicago White Sox,0,2,1
661710,2022-08-12,2022,114,Cleveland Guardians,141,Toronto Blue Jays,8,0,0
661791,2022-08-12,2022,136,Seattle Mariners,140,Texas Rangers,6,2,0
661866,2022-08-12,2022,110,Baltimore Orioles,139,Tampa Bay Rays,10,3,0
661947,2022-08-12,2022,158,Milwaukee Brewers,138,St. Louis Cardinals,1,3,1
662111,2022-08-12,2022,134,Pittsburgh Pirates,137,San Francisco Giants,3,5,1
662434,2022-08-12,2022,143,Philadelphia Phillies,121,New York Mets,2,1,0
662551,2022-08-12,2022,135,San Diego Padres,120,Washington Nationals,10,5,0
662671,2022-08-12,2022,119,Los Angeles Dodgers,118,Kansas City Royals,8,3,0
662817,2022-08-12,2022,133,Oakland Athletics,117,Houston Astros,5,7,1
662978,2022-08-12,2022,109,Arizona Diamondbacks,115,Colorado Rockies,3,5,1
663177,2022-08-12,2022,147,New York Yankees,111,Boston Red Sox,2,3,1
663373,2022-08-12,2022,142,Minnesota Twins,108,Los Angeles Angels,4,0,0
661360,2022-08-13,2022,144,Atlanta Braves,146,Miami Marlins,6,2,0
661383,2022-08-13,2022,116,Detroit Tigers,145,Chicago White Sox,4,6,1
661428,2022-08-13,2022,144,Atlanta Braves,146,Miami Marlins,5,2,0
661709,2022-08-13,2022,114,Cleveland Guardians,141,Toronto Blue Jays,1,2,1
661790,2022-08-13,2022,136,Seattle Mariners,140,Texas Rangers,4,7,1
661865,2022-08-13,2022,110,Baltimore Orioles,139,Tampa Bay Rays,2,8,1
661951,2022-08-13,2022,158,Milwaukee Brewers,138,St. Louis Cardinals,3,2,0
662110,2022-08-13,2022,134,Pittsburgh Pirates,137,San Francisco Giants,0,2,1
662428,2022-08-13,2022,143,Philadelphia Phillies,121,New York Mets,0,1,1
662473,2022-08-13,2022,135,San Diego Padres,120,Washington Nationals,3,4,1
662670,2022-08-13,2022,119,Los Angeles Dodgers,118,Kansas City Royals,13,3,0
662824,2022-08-13,2022,133,Oakland Athletics,117,Houston Astros,0,8,1
662882,2022-08-13,2022,109,Arizona Diamondbacks,115,Colorado Rockies,6,0,0
663022,2022-08-13,2022,112,Chicago Cubs,113,Cincinnati Reds,7,2,0
663176,2022-08-13,2022,147,New York Yankees,111,Boston Red Sox,3,2,0
663372,2022-08-13,2022,142,Minnesota Twins,108,Los Angeles Angels,3,5,1
661338,2022-08-14,2022,144,Atlanta Braves,146,Miami Marlins,3,1,0
661450,2022-08-14,2022,116,Detroit Tigers,145,Chicago White Sox,3,5,1
661708,2022-08-14,2022,114,Cleveland Guardians,141,Toronto Blue Jays,7,2,0
661789,2022-08-14,2022,136,Seattle Mariners,140,Texas Rangers,3,5,1
661864,2022-08-14,2022,110,Baltimore Orioles,139,Tampa Bay Rays,1,4,1
661957,2022-08-14,2022,158,Milwaukee Brewers,138,St. Louis Cardinals,3,6,1
662035,2022-08-14,2022,134,Pittsburgh Pirates,137,San Francisco Giants,7,8,1
662427,2022-08-14,2022,143,Philadelphia Phillies,121,New York Mets,0,6,1
662472,2022-08-14,2022,135,San Diego Padres,120,Washington Nationals,6,0,0
662669,2022-08-14,2022,119,Los Angeles Dodgers,118,Kansas City Royals,0,4,1
662801,2022-08-14,2022,133,Oakland Athletics,117,Houston Astros,3,6,1
662881,2022-08-14,2022,109,Arizona Diamondbacks,115,Colorado Rockies,7,4,0
663021,2022-08-14,2022,112,Chicago Cubs,113,Cincinnati Reds,5,8,1
663175,2022-08-14,2022,147,New York Yankees,111,Boston Red Sox,0,3,1
663371,2022-08-14,2022,142,Minnesota Twins,108,Los Angeles Angels,2,4,1
661199,2022-08-15,2022,119,Los Angeles Dodgers,158,Milwaukee Brewers,4,0,0
661283,2022-08-15,2022,139,Tampa Bay Rays,147,New York Yankees,4,0,0
661358,2022-08-15,2022,135,San Diego Padres,146,Miami Marlins,0,3,1
661449,2022-08-15,2022,117,Houston Astros,145,Chicago White Sox,2,4,1
661497,2022-08-15,2022,121,New York Mets,144,Atlanta Braves,1,13,1
661676,2022-08-15,2022,118,Kansas City Royals,142,Minnesota Twins,2,4,1
661707,2022-08-15,2022,110,Baltimore Orioles,141,Toronto Blue Jays,7,3,0
661834,2022-08-15,2022,133,Oakland Athletics,140,Texas Rangers,1,2,1
662034,2022-08-15,2022,109,Arizona Diamondbacks,137,San Francisco Giants,1,6,1
662471,2022-08-15,2022,112,Chicago Cubs,120,Washington Nationals,4,5,1
662948,2022-08-15,2022,116,Detroit Tigers,114,Cleveland Guardians,7,5,0
662977,2022-08-15,2022,116,Detroit Tigers,114,Cleveland Guardians,1,4,1
663020,2022-08-15,2022,143,Philadelphia Phillies,113,Cincinnati Reds,4,3,0
663370,2022-08-15,2022,136,Seattle Mariners,108,Los Angeles Angels,6,2,0
661191,2022-08-16,2022,119,Los Angeles Dodgers,158,Milwaukee Brewers,4,5,1
661250,2022-08-16,2022,139,Tampa Bay Rays,147,New York Yankees,3,1,0
661357,2022-08-16,2022,135,San Diego Padres,146,Miami Marlins,3,4,1
661448,2022-08-16,2022,117,Houston Astros,145,Chicago White Sox,3,4,1
661495,2022-08-16,2022,121,New York Mets,144,Atlanta Braves,0,5,1
661682,2022-08-16,2022,118,Kansas City Royals,142,Minnesota Twins,0,9,1
661706,2022-08-16,2022,110,Baltimore Orioles,141,Toronto Blue Jays,4,2,0
661833,2022-08-16,2022,133,Oakland Athletics,140,Texas Rangers,5,1,0
661955,2022-08-16,2022,115,Colorado Rockies,138,St. Louis Cardinals,4,5,1
662004,2022-08-16,2022,109,Arizona Diamondbacks,137,San Francisco Giants,1,2,1
662302,2022-08-16,2022,111,Boston Red Sox,134,Pittsburgh Pirates,5,3,0
662550,2022-08-16,2022,112,Chicago Cubs,120,Washington Nationals,7,5,0
662943,2022-08-16,2022,116,Detroit Tigers,114,Cleveland Guardians,4,3,0
663019,2022-08-16,2022,143,Philadelphia Phillies,113,Cincinnati Reds,11,4,0
663369,2022-08-16,2022,136,Seattle Mariners,108,Los Angeles Angels,8,2,0
661171,2022-08-17,2022,119,Los Angeles Dodgers,158,Milwaukee Brewers,2,1,0
661266,2022-08-17,2022,139,Tampa Bay Rays,147,New York Yankees,7,8,1
661356,2022-08-17,2022,135,San Diego Padres,146,Miami Marlins,10,3,0
661447,2022-08-17,2022,117,Houston Astros,145,Chicago White Sox,3,2,0
661494,2022-08-17,2022,121,New York Mets,144,Atlanta Braves,9,7,0
661654,2022-08-17,2022,118,Kansas City Royals,142,Minnesota Twins,0,4,1
661705,2022-08-17,2022,110,Baltimore Orioles,141,Toronto Blue Jays,1,6,1
661788,2022-08-17,2022,133,Oakland Athletics,140,Texas Rangers,7,2,0
661938,2022-08-17,2022,115,Colorado Rockies,138,St. Louis Cardinals,1,5,1
662003,2022-08-17,2022,109,Arizona Diamondbacks,137,San Francisco Giants,3,2,0
662301,2022-08-17,2022,111,Boston Red Sox,134,Pittsburgh Pirates,8,3,0
662470,2022-08-17,2022,112,Chicago Cubs,120,Washington Nationals,3,2,0
662951,2022-08-17,2022,116,Detroit Tigers,114,Cleveland Guardians,4,8,1
663017,2022-08-17,2022,143,Philadelphia Phillies,113,Cincinnati Reds,0,1,1
663408,2022-08-17,2022,136,Seattle Mariners,108,Los Angeles Angels,11,7,0
661109,2022-08-18,2022,112,Chicago Cubs,110,Baltimore Orioles,3,2,0
661179,2022-08-18,2022,119,Los Angeles Dodgers,158,Milwaukee Brewers,3,5,1
661265,2022-08-18,2022,141,Toronto Blue Jays,147,New York Yankees,9,2,0
661446,2022-08-18,2022,117,Houston Astros,145,Chicago White Sox,21,5,0
661493,2022-08-18,2022,121,New York Mets,144,Atlanta Braves,2,3,1
661787,2022-08-18,2022,133,Oakland Athletics,140,Texas Rangers,3,10,1
661863,2022-08-18,2022,118,Kansas City Royals,139,Tampa Bay Rays,1,7,1
661937,2022-08-18,2022,115,Colorado Rockies,138,St. Louis Cardinals,0,13,1
662002,2022-08-18,2022,109,Arizona Diamondbacks,137,San Francisco Giants,5,0,0
662182,2022-08-18,2022,120,Washington Nationals,135,San Diego Padres,3,1,0
662413,2022-08-18,2022,111,Boston Red Sox,134,Pittsburgh Pirates,2,8,1
661044,2022-08-19,2022,111,Boston Red Sox,110,Baltimore Orioles,10,15,1
661319,2022-08-19,2022,141,Toronto Blue Jays,147,New York Yankees,4,0,0
661492,2022-08-19,2022,117,Houston Astros,144,Atlanta Braves,2,6,1
661607,2022-08-19,2022,121,New York Mets,143,Philadelphia Phillies,7,2,0
661655,2022-08-19,2022,140,Texas Rangers,142,Minnesota Twins,1,2,1
661862,2022-08-19,2022,118,Kansas City Royals,139,Tampa Bay Rays,3,2,0
662181,2022-08-19,2022,120,Washington Nationals,135,San Diego Padres,6,3,0
662341,2022-08-19,2022,136,Seattle Mariners,133,Oakland Athletics,10,2,0
662396,2022-08-19,2022,113,Cincinnati Reds,134,Pittsburgh Pirates,4,5,1
662574,2022-08-19,2022,146,Miami Marlins,119,Los Angeles Dodgers,1,2,1
662808,2022-08-19,2022,108,Los Angeles Angels,116,Detroit Tigers,1,0,0
662880,2022-08-19,2022,137,San Francisco Giants,115,Colorado Rockies,4,7,1
662936,2022-08-19,2022,145,Chicago White Sox,114,Cleveland Guardians,2,5,1
663228,2022-08-19,2022,158,Milwaukee Brewers,112,Chicago Cubs,7,8,1
663292,2022-08-19,2022,138,St. Louis Cardinals,109,Arizona Diamondbacks,5,1,0
661043,2022-08-20,2022,111,Boston Red Sox,110,Baltimore Orioles,4,3,0
661240,2022-08-20,2022,141,Toronto Blue Jays,147,New York Yankees,5,2,0
661606,2022-08-20,2022,121,New York Mets,143,Philadelphia Phillies,1,4,1
661610,2022-08-20,2022,117,Houston Astros,144,Atlanta Braves,4,5,1
661628,2022-08-20,2022,121,New York Mets,143,Philadelphia Phillies,8,2,0
661670,2022-08-20,2022,140,Texas Rangers,142,Minnesota Twins,4,3,0
661861,2022-08-20,2022,118,Kansas City Royals,139,Tampa Bay Rays,2,5,1
662180,2022-08-20,2022,120,Washington Nationals,135,San Diego Padres,1,2,1
662340,2022-08-20,2022,136,Seattle Mariners,133,Oakland Athletics,3,4,1
662395,2022-08-20,2022,113,Cincinnati Reds,134,Pittsburgh Pirates,10,1,0
662561,2022-08-20,2022,146,Miami Marlins,119,Los Angeles Dodgers,0,7,1
662879,2022-08-20,2022,137,San Francisco Giants,115,Colorado Rockies,3,4,1
662917,2022-08-20,2022,108,Los Angeles Angels,116,Detroit Tigers,3,4,1
662953,2022-08-20,2022,145,Chicago White Sox,114,Cleveland Guardians,2,0,0
663116,2022-08-20,2022,158,Milwaukee Brewers,112,Chicago Cubs,5,6,1
663291,2022-08-20,2022,138,St. Louis Cardinals,109,Arizona Diamondbacks,16,7,0
661051,2022-08-21,2022,111,Boston Red Sox,110,Baltimore Orioles,3,5,1
661239,2022-08-21,2022,141,Toronto Blue Jays,147,New York Yankees,2,4,1
661480,2022-08-21,2022,117,Houston Astros,144,Atlanta Braves,5,4,0
661602,2022-08-21,2022,121,New York Mets,143,Philadelphia Phillies,10,9,0
661652,2022-08-21,2022,140,Texas Rangers,142,Minnesota Twins,7,0,0
661860,2022-08-21,2022,118,Kansas City Royals,139,Tampa Bay Rays,2,3,1
662179,2022-08-21,2022,120,Washington Nationals,135,San Diego Padres,1,2,1
662300,2022-08-21,2022,113,Cincinnati Reds,134,Pittsburgh Pirates,9,5,0
662315,2022-08-21,2022,136,Seattle Mariners,133,Oakland Athletics,3,5,1
662600,2022-08-21,2022,146,Miami Marlins,119,Los Angeles Dodgers,3,10,1
662805,2022-08-21,2022,108,Los Angeles Angels,116,Detroit Tigers,0,4,1
662878,2022-08-21,2022,137,San Francisco Giants,115,Colorado Rockies,9,8,0
663115,2022-08-21,2022,158,Milwaukee Brewers,112,Chicago Cubs,5,2,0
663301,2022-08-21,2022,138,St. Louis Cardinals,109,Arizona Diamondbacks,6,4,0
661238,2022-08-22,2022,121,New York Mets,147,New York Yankees,2,4,1
661601,2022-08-22,2022,113,Cincinnati Reds,143,Philadelphia Phillies,1,4,1
661658,2022-08-22,2022,140,Texas Rangers,142,Minnesota Twins,2,1,0
661859,2022-08-22,2022,108,Los Angeles Angels,139,Tampa Bay Rays,1,2,1
662314,2022-08-22,2022,146,Miami Marlins,133,Oakland Athletics,3,0,0
662394,2022-08-22,2022,144,Atlanta Braves,134,Pittsburgh Pirates,2,1,0
662594,2022-08-22,2022,158,Milwaukee Brewers,119,Los Angeles Dodgers,4,0,0
662767,2022-08-22,2022,145,Chicago White Sox,118,Kansas City Royals,4,6,1
663114,2022-08-22,2022,138,St. Louis Cardinals,112,Chicago Cubs,1,0,0
661237,2022-08-23,2022,121,New York Mets,147,New York Yankees,2,4,1
661600,2022-08-23,2022,113,Cincinnati Reds,143,Philadelphia Phillies,6,7,1
661858,2022-08-23,2022,108,Los Angeles Angels,139,Tampa Bay Rays,1,11,1
662142,2022-08-23,2022,120,Washington Nationals,136,Seattle Mariners,2,4,1
662213,2022-08-23,2022,114,Cleveland Guardians,135,San Diego Padres,3,1,0
662339,2022-08-23,2022,146,Miami Marlins,133,Oakland Athletics,5,3,0
662383,2022-08-23,2022,144,Atlanta Braves,134,Pittsburgh Pirates,6,1,0
662605,2022-08-23,2022,158,Milwaukee Brewers,119,Los Angeles Dodgers,1,10,1
662668,2022-08-23,2022,109,Arizona Diamondbacks,118,Kansas City Royals,7,3,0
662800,2022-08-23,2022,142,Minnesota Twins,117,Houston Astros,2,4,1
662876,2022-08-23,2022,140,Texas Rangers,115,Colorado Rockies,6,7,1
662914,2022-08-23,2022,137,San Francisco Giants,116,Detroit Tigers,3,1,0
663113,2022-08-23,2022,138,St. Louis Cardinals,112,Chicago Cubs,13,3,0
663163,2022-08-23,2022,138,St. Louis Cardinals,112,Chicago Cubs,0,2,1
663174,2022-08-23,2022,141,Toronto Blue Jays,111,Boston Red Sox,9,3,0
663461,2022-08-23,2022,145,Chicago White Sox,110,Baltimore Orioles,3,5,1
661605,2022-08-24,2022,113,Cincinnati Reds,143,Philadelphia Phillies,5,7,1
661857,2022-08-24,2022,108,Los Angeles Angels,139,Tampa Bay Rays,3,4,1
662144,2022-08-24,2022,120,Washington Nationals,136,Seattle Mariners,3,1,0
662212,2022-08-24,2022,114,Cleveland Guardians,135,San Diego Padres,7,0,0
662338,2022-08-24,2022,146,Miami Marlins,133,Oakland Athletics,2,3,1
662371,2022-08-24,2022,144,Atlanta Braves,134,Pittsburgh Pirates,14,2,0
662604,2022-08-24,2022,158,Milwaukee Brewers,119,Los Angeles Dodgers,6,12,1
662640,2022-08-24,2022,109,Arizona Diamondbacks,118,Kansas City Royals,3,5,1
662799,2022-08-24,2022,142,Minnesota Twins,117,Houston Astros,3,5,1
662877,2022-08-24,2022,140,Texas Rangers,115,Colorado Rockies,16,4,0
662916,2022-08-24,2022,137,San Francisco Giants,116,Detroit Tigers,1,6,1
663173,2022-08-24,2022,141,Toronto Blue Jays,111,Boston Red Sox,3,2,0
663216,2022-08-24,2022,138,St. Louis Cardinals,112,Chicago Cubs,1,7,1
663460,2022-08-24,2022,145,Chicago White Sox,110,Baltimore Orioles,5,3,0
661604,2022-08-25,2022,113,Cincinnati Reds,143,Philadelphia Phillies,0,4,1
661856,2022-08-25,2022,108,Los Angeles Angels,139,Tampa Bay Rays,3,8,1
662141,2022-08-25,2022,114,Cleveland Guardians,136,Seattle Mariners,1,3,1
662337,2022-08-25,2022,147,New York Yankees,133,Oakland Athletics,13,4,0
662433,2022-08-25,2022,115,Colorado Rockies,121,New York Mets,1,3,1
662711,2022-08-25,2022,142,Minnesota Twins,117,Houston Astros,3,6,1
663172,2022-08-25,2022,141,Toronto Blue Jays,111,Boston Red Sox,6,5,0
663240,2022-08-25,2022,138,St. Louis Cardinals,112,Chicago Cubs,8,3,0
663459,2022-08-25,2022,145,Chicago White Sox,110,Baltimore Orioles,3,4,1
661189,2022-08-26,2022,112,Chicago Cubs,158,Milwaukee Brewers,4,3,0
661355,2022-08-26,2022,119,Los Angeles Dodgers,146,Miami Marlins,10,6,0
661445,2022-08-26,2022,109,Arizona Diamondbacks,145,Chicago White Sox,7,2,0
661603,2022-08-26,2022,134,Pittsburgh Pirates,143,Philadelphia Phillies,4,7,1
661669,2022-08-26,2022,137,San Francisco Giants,142,Minnesota Twins,0,9,1
661704,2022-08-26,2022,108,Los Angeles Angels,141,Toronto Blue Jays,12,0,0
661786,2022-08-26,2022,116,Detroit Tigers,140,Texas Rangers,6,7,1
661940,2022-08-26,2022,144,Atlanta Braves,138,St. Louis Cardinals,11,4,0
662143,2022-08-26,2022,114,Cleveland Guardians,136,Seattle Mariners,2,3,1
662342,2022-08-26,2022,147,New York Yankees,133,Oakland Athletics,3,2,0
662432,2022-08-26,2022,115,Colorado Rockies,121,New York Mets,6,7,1
662469,2022-08-26,2022,113,Cincinnati Reds,120,Washington Nationals,7,3,0
662667,2022-08-26,2022,135,San Diego Padres,118,Kansas City Royals,13,5,0
662710,2022-08-26,2022,110,Baltimore Orioles,117,Houston Astros,2,0,0
663171,2022-08-26,2022,139,Tampa Bay Rays,111,Boston Red Sox,8,9,1
661090,2022-08-27,2022,110,Baltimore Orioles,117,Houston Astros,3,1,0
661180,2022-08-27,2022,112,Chicago Cubs,158,Milwaukee Brewers,0,7,1
661354,2022-08-27,2022,119,Los Angeles Dodgers,146,Miami Marlins,1,2,1
661444,2022-08-27,2022,109,Arizona Diamondbacks,145,Chicago White Sox,10,5,0
661599,2022-08-27,2022,134,Pittsburgh Pirates,143,Philadelphia Phillies,0,6,1
661657,2022-08-27,2022,137,San Francisco Giants,142,Minnesota Twins,2,3,1
661703,2022-08-27,2022,108,Los Angeles Angels,141,Toronto Blue Jays,2,0,0
661785,2022-08-27,2022,116,Detroit Tigers,140,Texas Rangers,11,2,0
661939,2022-08-27,2022,144,Atlanta Braves,138,St. Louis Cardinals,5,6,1
662140,2022-08-27,2022,114,Cleveland Guardians,136,Seattle Mariners,4,3,0
662336,2022-08-27,2022,147,New York Yankees,133,Oakland Athletics,2,3,1
662442,2022-08-27,2022,115,Colorado Rockies,121,New York Mets,0,3,1
662468,2022-08-27,2022,113,Cincinnati Reds,120,Washington Nationals,6,2,0
662666,2022-08-27,2022,135,San Diego Padres,118,Kansas City Royals,4,3,0
663170,2022-08-27,2022,139,Tampa Bay Rays,111,Boston Red Sox,1,5,1
661089,2022-08-28,2022,110,Baltimore Orioles,117,Houston Astros,1,3,1
661168,2022-08-28,2022,112,Chicago Cubs,158,Milwaukee Brewers,7,9,1
661353,2022-08-28,2022,119,Los Angeles Dodgers,146,Miami Marlins,8,1,0
661443,2022-08-28,2022,109,Arizona Diamondbacks,145,Chicago White Sox,3,2,0
661598,2022-08-28,2022,134,Pittsburgh Pirates,143,Philadelphia Phillies,5,0,0
661663,2022-08-28,2022,137,San Francisco Giants,142,Minnesota Twins,3,8,1
661773,2022-08-28,2022,108,Los Angeles Angels,141,Toronto Blue Jays,8,3,0
661784,2022-08-28,2022,116,Detroit Tigers,140,Texas Rangers,9,8,0
661950,2022-08-28,2022,144,Atlanta Braves,138,St. Louis Cardinals,3,6,1
662139,2022-08-28,2022,114,Cleveland Guardians,136,Seattle Mariners,0,4,1
662335,2022-08-28,2022,147,New York Yankees,133,Oakland Athletics,1,4,1
662446,2022-08-28,2022,115,Colorado Rockies,121,New York Mets,1,0,0
662467,2022-08-28,2022,113,Cincinnati Reds,120,Washington Nationals,2,3,1
662638,2022-08-28,2022,135,San Diego Padres,118,Kansas City Royals,7,15,1
663211,2022-08-28,2022,139,Tampa Bay Rays,111,Boston Red Sox,12,4,0
661167,2022-08-29,2022,134,Pittsburgh Pirates,158,Milwaukee Brewers,5,7,1
661352,2022-08-29,2022,119,Los Angeles Dodgers,146,Miami Marlins,3,2,0
661651,2022-08-29,2022,111,Boston Red Sox,142,Minnesota Twins,2,4,1
661801,2022-08-29,2022,112,Chicago Cubs,141,Toronto Blue Jays,4,5,1
662001,2022-08-29,2022,135,San Diego Padres,137,San Francisco Giants,6,5,0
663018,2022-08-29,2022,138,St. Louis Cardinals,113,Cincinnati Reds,13,4,0
663332,2022-08-29,2022,143,Philadelphia Phillies,109,Arizona Diamondbacks,7,13,1
663424,2022-08-29,2022,147,New York Yankees,108,Los Angeles Angels,3,4,1
661166,2022-08-30,2022,134,Pittsburgh Pirates,158,Milwaukee Brewers,4,2,0
661351,2022-08-30,2022,139,Tampa Bay Rays,146,Miami Marlins,7,2,0
661442,2022-08-30,2022,118,Kansas City Royals,145,Chicago White Sox,9,7,0
661479,2022-08-30,2022,115,Colorado Rockies,144,Atlanta Braves,3,2,0
661648,2022-08-30,2022,111,Boston Red Sox,142,Minnesota Twins,5,10,1
661800,2022-08-30,2022,112,Chicago Cubs,141,Toronto Blue Jays,3,5,1
661832,2022-08-30,2022,117,Houston Astros,140,Texas Rangers,4,2,0
662000,2022-08-30,2022,135,San Diego Padres,137,San Francisco Giants,4,3,0
662426,2022-08-30,2022,119,Los Angeles Dodgers,121,New York Mets,4,3,0
662466,2022-08-30,2022,133,Oakland Athletics,120,Washington Nationals,10,6,0
662804,2022-08-30,2022,136,Seattle Mariners,116,Detroit Tigers,9,3,0
662973,2022-08-30,2022,110,Baltimore Orioles,114,Cleveland Guardians,1,5,1
663137,2022-08-30,2022,138,St. Louis Cardinals,113,Cincinnati Reds,1,5,1
663286,2022-08-30,2022,143,Philadelphia Phillies,109,Arizona Diamondbacks,3,12,1
663437,2022-08-30,2022,147,New York Yankees,108,Los Angeles Angels,7,4,0
661165,2022-08-31,2022,134,Pittsburgh Pirates,158,Milwaukee Brewers,1,6,1
661350,2022-08-31,2022,139,Tampa Bay Rays,146,Miami Marlins,2,1,0
661441,2022-08-31,2022,118,Kansas City Royals,145,Chicago White Sox,2,4,1
661478,2022-08-31,2022,115,Colorado Rockies,144,Atlanta Braves,2,3,1
661649,2022-08-31,2022,111,Boston Red Sox,142,Minnesota Twins,6,5,0
661779,2022-08-31,2022,112,Chicago Cubs,141,Toronto Blue Jays,7,5,0
661831,2022-08-31,2022,117,Houston Astros,140,Texas Rangers,5,3,0
662033,2022-08-31,2022,135,San Diego Padres,137,San Francisco Giants,5,4,0
662447,2022-08-31,2022,119,Los Angeles Dodgers,121,New York Mets,1,2,1
662465,2022-08-31,2022,133,Oakland Athletics,120,Washington Nationals,1,5,1
662903,2022-08-31,2022,136,Seattle Mariners,116,Detroit Tigers,5,3,0
662972,2022-08-31,2022,110,Baltimore Orioles,114,Cleveland Guardians,4,0,0
662995,2022-08-31,2022,138,St. Louis Cardinals,113,Cincinnati Reds,5,3,0
663312,2022-08-31,2022,143,Philadelphia Phillies,109,Arizona Diamondbacks,18,2,0
663410,2022-08-31,2022,147,New York Yankees,108,Los Angeles Angels,2,3,1
661440,2022-09-01,2022,118,Kansas City Royals,145,Chicago White Sox,1,7,1
661477,2022-09-01,2022,115,Colorado Rockies,144,Atlanta Braves,0,3,1
662410,2022-09-01,2022,119,Los Angeles Dodgers,121,New York Mets,3,5,1
662491,2022-09-01,2022,133,Oakland Athletics,120,Washington Nationals,5,7,1
662785,2022-09-01,2022,136,Seattle Mariners,116,Detroit Tigers,7,0,0
662971,2022-09-01,2022,110,Baltimore Orioles,114,Cleveland Guardians,3,0,0
663210,2022-09-01,2022,140,Texas Rangers,111,Boston Red Sox,8,9,1
663290,2022-09-01,2022,158,Milwaukee Brewers,109,Arizona Diamondbacks,0,5,1
661439,2022-09-02,2022,142,Minnesota Twins,145,Chicago White Sox,3,4,1
661476,2022-09-02,2022,146,Miami Marlins,144,Atlanta Braves,1,8,1
661855,2022-09-02,2022,147,New York Yankees,139,Tampa Bay Rays,0,9,1
661920,2022-09-02,2022,112,Chicago Cubs,138,St. Louis Cardinals,0,8,1
662032,2022-09-02,2022,143,Philadelphia Phillies,137,San Francisco Giants,1,13,1
662356,2022-09-02,2022,141,Toronto Blue Jays,134,Pittsburgh Pirates,4,0,0
662409,2022-09-02,2022,120,Washington Nationals,121,New York Mets,3,7,1
662603,2022-09-02,2022,135,San Diego Padres,119,Los Angeles Dodgers,7,1,0
662915,2022-09-02,2022,118,Kansas City Royals,116,Detroit Tigers,4,5,1
662961,2022-09-02,2022,136,Seattle Mariners,114,Cleveland Guardians,6,1,0
663133,2022-09-02,2022,115,Colorado Rockies,113,Cincinnati Reds,2,3,1
663212,2022-09-02,2022,140,Texas Rangers,111,Boston Red Sox,1,9,1
663285,2022-09-02,2022,158,Milwaukee Brewers,109,Arizona Diamondbacks,1,2,1
663356,2022-09-02,2022,133,Oakland Athletics,110,Baltimore Orioles,2,5,1
663428,2022-09-02,2022,117,Houston Astros,108,Los Angeles Angels,4,2,0
661438,2022-09-03,2022,142,Minnesota Twins,145,Chicago White Sox,0,13,1
661475,2022-09-03,2022,146,Miami Marlins,144,Atlanta Braves,1,2,1
661854,2022-09-03,2022,147,New York Yankees,139,Tampa Bay Rays,1,2,1
661928,2022-09-03,2022,112,Chicago Cubs,138,St. Louis Cardinals,4,8,1
662031,2022-09-03,2022,143,Philadelphia Phillies,137,San Francisco Giants,4,5,1
662286,2022-09-03,2022,141,Toronto Blue Jays,134,Pittsburgh Pirates,4,1,0
662425,2022-09-03,2022,120,Washington Nationals,121,New York Mets,7,1,0
662597,2022-09-03,2022,135,San Diego Padres,119,Los Angeles Dodgers,1,12,1
662803,2022-09-03,2022,118,Kansas City Royals,116,Detroit Tigers,12,2,0
662963,2022-09-03,2022,136,Seattle Mariners,114,Cleveland Guardians,4,0,0
663214,2022-09-03,2022,140,Texas Rangers,111,Boston Red Sox,3,5,1
663321,2022-09-03,2022,158,Milwaukee Brewers,109,Arizona Diamondbacks,8,6,0
663355,2022-09-03,2022,133,Oakland Athletics,110,Baltimore Orioles,1,8,1
663436,2022-09-03,2022,117,Houston Astros,108,Los Angeles Angels,1,2,1
661437,2022-09-04,2022,142,Minnesota Twins,145,Chicago White Sox,5,1,0
661474,2022-09-04,2022,146,Miami Marlins,144,Atlanta Braves,1,7,1
661853,2022-09-04,2022,147,New York Yankees,139,Tampa Bay Rays,2,1,0
661927,2022-09-04,2022,112,Chicago Cubs,138,St. Louis Cardinals,0,2,1
662030,2022-09-04,2022,143,Philadelphia Phillies,137,San Francisco Giants,3,5,1
662299,2022-09-04,2022,141,Toronto Blue Jays,134,Pittsburgh Pirates,4,3,0
662424,2022-09-04,2022,120,Washington Nationals,121,New York Mets,7,1,0
662599,2022-09-04,2022,135,San Diego Padres,119,Los Angeles Dodgers,4,9,1
662786,2022-09-04,2022,118,Kansas City Royals,116,Detroit Tigers,3,2,0
662962,2022-09-04,2022,136,Seattle Mariners,114,Cleveland Guardians,6,3,0
663107,2022-09-04,2022,115,Colorado Rockies,113,Cincinnati Reds,8,4,0
663108,2022-09-04,2022,115,Colorado Rockies,113,Cincinnati Reds,0,10,1
663213,2022-09-04,2022,140,Texas Rangers,111,Boston Red Sox,2,5,1
663311,2022-09-04,2022,158,Milwaukee Brewers,109,Arizona Diamondbacks,1,5,1
663354,2022-09-04,2022,133,Oakland Athletics,110,Baltimore Orioles,5,0,0
663435,2022-09-04,2022,117,Houston Astros,108,Los Angeles Angels,9,1,0
661045,2022-09-05,2022,141,Toronto Blue Jays,110,Baltimore Orioles,8,4,0
661088,2022-09-05,2022,140,Texas Rangers,117,Houston Astros,0,1,1
661236,2022-09-05,2022,142,Minnesota Twins,147,New York Yankees,2,5,1
661852,2022-09-05,2022,111,Boston Red Sox,139,Tampa Bay Rays,3,4,1
661926,2022-09-05,2022,120,Washington Nationals,138,St. Louis Cardinals,6,0,0
662121,2022-09-05,2022,145,Chicago White Sox,136,Seattle Mariners,3,2,0
662211,2022-09-05,2022,109,Arizona Diamondbacks,135,San Diego Padres,5,0,0
662602,2022-09-05,2022,137,San Francisco Giants,119,Los Angeles Dodgers,7,4,0
662646,2022-09-05,2022,114,Cleveland Guardians,118,Kansas City Royals,6,5,0
662860,2022-09-05,2022,158,Milwaukee Brewers,115,Colorado Rockies,6,4,0
663353,2022-09-05,2022,141,Toronto Blue Jays,110,Baltimore Orioles,7,3,0
663434,2022-09-05,2022,116,Detroit Tigers,108,Los Angeles Angels,0,10,1
661087,2022-09-06,2022,140,Texas Rangers,117,Houston Astros,4,3,0
661597,2022-09-06,2022,146,Miami Marlins,143,Philadelphia Phillies,2,3,1
661925,2022-09-06,2022,120,Washington Nationals,138,St. Louis Cardinals,1,4,1
662043,2022-09-06,2022,111,Boston Red Sox,139,Tampa Bay Rays,4,8,1
662138,2022-09-06,2022,145,Chicago White Sox,136,Seattle Mariners,0,3,1
662205,2022-09-06,2022,109,Arizona Diamondbacks,135,San Diego Padres,5,6,1
662282,2022-09-06,2022,121,New York Mets,134,Pittsburgh Pirates,2,8,1
662313,2022-09-06,2022,144,Atlanta Braves,133,Oakland Athletics,10,9,0
662601,2022-09-06,2022,137,San Francisco Giants,119,Los Angeles Dodgers,3,6,1
662644,2022-09-06,2022,114,Cleveland Guardians,118,Kansas City Royals,4,1,0
662859,2022-09-06,2022,158,Milwaukee Brewers,115,Colorado Rockies,7,10,1
663242,2022-09-06,2022,113,Cincinnati Reds,112,Chicago Cubs,3,9,1
663407,2022-09-06,2022,116,Detroit Tigers,108,Los Angeles Angels,4,5,1
663458,2022-09-06,2022,141,Toronto Blue Jays,110,Baltimore Orioles,6,9,1
661086,2022-09-07,2022,140,Texas Rangers,117,Houston Astros,3,4,1
661235,2022-09-07,2022,142,Minnesota Twins,147,New York Yankees,1,7,1
661251,2022-09-07,2022,142,Minnesota Twins,147,New York Yankees,4,5,1
661596,2022-09-07,2022,146,Miami Marlins,143,Philadelphia Phillies,3,4,1
661924,2022-09-07,2022,120,Washington Nationals,138,St. Louis Cardinals,5,6,1
662065,2022-09-07,2022,111,Boston Red Sox,139,Tampa Bay Rays,0,1,1
662137,2022-09-07,2022,145,Chicago White Sox,136,Seattle Mariners,9,6,0
662216,2022-09-07,2022,109,Arizona Diamondbacks,135,San Diego Padres,3,6,1
662283,2022-09-07,2022,121,New York Mets,134,Pittsburgh Pirates,5,1,0
662285,2022-09-07,2022,121,New York Mets,134,Pittsburgh Pirates,10,0,0
662312,2022-09-07,2022,144,Atlanta Braves,133,Oakland Athletics,7,3,0
662582,2022-09-07,2022,137,San Francisco Giants,119,Los Angeles Dodgers,3,7,1
662643,2022-09-07,2022,114,Cleveland Guardians,118,Kansas City Royals,1,2,1
662871,2022-09-07,2022,158,Milwaukee Brewers,115,Colorado Rockies,4,8,1
663168,2022-09-07,2022,113,Cincinnati Reds,112,Chicago Cubs,7,1,0
663409,2022-09-07,2022,116,Detroit Tigers,108,Los Angeles Angels,5,4,0
663457,2022-09-07,2022,141,Toronto Blue Jays,110,Baltimore Orioles,4,1,0
661219,2022-09-08,2022,137,San Francisco Giants,158,Milwaukee Brewers,1,2,1
661233,2022-09-08,2022,137,San Francisco Giants,158,Milwaukee Brewers,2,4,1
661252,2022-09-08,2022,142,Minnesota Twins,147,New York Yankees,4,3,0
661595,2022-09-08,2022,146,Miami Marlins,143,Philadelphia Phillies,6,5,0
661923,2022-09-08,2022,120,Washington Nationals,138,St. Louis Cardinals,11,6,0
662334,2022-09-08,2022,145,Chicago White Sox,133,Oakland Athletics,14,2,0
663241,2022-09-08,2022,113,Cincinnati Reds,112,Chicago Cubs,4,3,0
661085,2022-09-09,2022,108,Los Angeles Angels,117,Houston Astros,3,4,1
661185,2022-09-09,2022,113,Cincinnati Reds,158,Milwaukee Brewers,8,2,0
661234,2022-09-09,2022,139,Tampa Bay Rays,147,New York Yankees,4,2,0
661337,2022-09-09,2022,121,New York Mets,146,Miami Marlins,3,6,1
661594,2022-09-09,2022,120,Washington Nationals,143,Philadelphia Phillies,3,5,1
661650,2022-09-09,2022,114,Cleveland Guardians,142,Minnesota Twins,7,6,0
661830,2022-09-09,2022,141,Toronto Blue Jays,140,Texas Rangers,4,3,0
661850,2022-09-09,2022,119,Los Angeles Dodgers,135,San Diego Padres,4,5,1
662136,2022-09-09,2022,144,Atlanta Braves,136,Seattle Mariners,6,4,0
662284,2022-09-09,2022,138,St. Louis Cardinals,134,Pittsburgh Pirates,2,8,1
662333,2022-09-09,2022,145,Chicago White Sox,133,Oakland Athletics,5,3,0
662637,2022-09-09,2022,116,Detroit Tigers,118,Kansas City Royals,10,2,0
662870,2022-09-09,2022,109,Arizona Diamondbacks,115,Colorado Rockies,10,13,1
663217,2022-09-09,2022,137,San Francisco Giants,112,Chicago Cubs,2,4,1
663456,2022-09-09,2022,111,Boston Red Sox,110,Baltimore Orioles,2,3,1
661084,2022-09-10,2022,108,Los Angeles Angels,117,Houston Astros,6,1,0
661175,2022-09-10,2022,113,Cincinnati Reds,158,Milwaukee Brewers,1,5,1
661282,2022-09-10,2022,139,Tampa Bay Rays,147,New York Yankees,3,10,1
661323,2022-09-10,2022,121,New York Mets,146,Miami Marlins,11,3,0
661593,2022-09-10,2022,120,Washington Nationals,143,Philadelphia Phillies,5,8,1
661665,2022-09-10,2022,114,Cleveland Guardians,142,Minnesota Twins,6,4,0
661841,2022-09-10,2022,141,Toronto Blue Jays,140,Texas Rangers,11,7,0
661849,2022-09-10,2022,119,Los Angeles Dodgers,135,San Diego Padres,8,4,0
662088,2022-09-10,2022,144,Atlanta Braves,136,Seattle Mariners,1,3,1
662265,2022-09-10,2022,138,St. Louis Cardinals,134,Pittsburgh Pirates,7,5,0
662322,2022-09-10,2022,145,Chicago White Sox,133,Oakland Athletics,10,2,0
662636,2022-09-10,2022,116,Detroit Tigers,118,Kansas City Royals,8,4,0
662869,2022-09-10,2022,109,Arizona Diamondbacks,115,Colorado Rockies,1,4,1
663127,2022-09-10,2022,137,San Francisco Giants,112,Chicago Cubs,5,2,0
663455,2022-09-10,2022,111,Boston Red Sox,110,Baltimore Orioles,17,4,0
661083,2022-09-11,2022,108,Los Angeles Angels,117,Houston Astros,4,12,1
661176,2022-09-11,2022,113,Cincinnati Reds,158,Milwaukee Brewers,6,7,1
661232,2022-09-11,2022,139,Tampa Bay Rays,147,New York Yankees,4,10,1
661322,2022-09-11,2022,121,New York Mets,146,Miami Marlins,9,3,0
661592,2022-09-11,2022,120,Washington Nationals,143,Philadelphia Phillies,5,7,1
661647,2022-09-11,2022,114,Cleveland Guardians,142,Minnesota Twins,4,1,0
661839,2022-09-11,2022,141,Toronto Blue Jays,140,Texas Rangers,1,4,1
661848,2022-09-11,2022,119,Los Angeles Dodgers,135,San Diego Padres,11,2,0
662120,2022-09-11,2022,144,Atlanta Braves,136,Seattle Mariners,7,8,1
662323,2022-09-11,2022,145,Chicago White Sox,133,Oakland Athletics,3,10,1
662325,2022-09-11,2022,138,St. Louis Cardinals,134,Pittsburgh Pirates,4,3,0
662635,2022-09-11,2022,116,Detroit Tigers,118,Kansas City Royals,0,4,1
662868,2022-09-11,2022,109,Arizona Diamondbacks,115,Colorado Rockies,12,6,0
663130,2022-09-11,2022,137,San Francisco Giants,112,Chicago Cubs,4,2,0
663264,2022-09-11,2022,111,Boston Red Sox,110,Baltimore Orioles,1,0,0
661419,2022-09-12,2022,140,Texas Rangers,146,Miami Marlins,6,10,1
661420,2022-09-12,2022,140,Texas Rangers,146,Miami Marlins,3,2,0
661799,2022-09-12,2022,139,Tampa Bay Rays,141,Toronto Blue Jays,2,3,1
662029,2022-09-12,2022,144,Atlanta Braves,137,San Francisco Giants,2,3,1
662423,2022-09-12,2022,112,Chicago Cubs,121,New York Mets,5,2,0
662782,2022-09-12,2022,117,Houston Astros,116,Detroit Tigers,7,0,0
662970,2022-09-12,2022,108,Los Angeles Angels,114,Cleveland Guardians,4,5,1
663085,2022-09-12,2022,134,Pittsburgh Pirates,113,Cincinnati Reds,6,3,0
663324,2022-09-12,2022,119,Los Angeles Dodgers,109,Arizona Diamondbacks,6,0,0
661320,2022-09-13,2022,143,Philadelphia Phillies,146,Miami Marlins,2,1,0
661436,2022-09-13,2022,115,Colorado Rockies,145,Chicago White Sox,2,4,1
661645,2022-09-13,2022,118,Kansas City Royals,142,Minnesota Twins,3,6,1
661798,2022-09-13,2022,139,Tampa Bay Rays,141,Toronto Blue Jays,2,7,1
661838,2022-09-13,2022,133,Oakland Athletics,140,Texas Rangers,7,8,1
661840,2022-09-13,2022,139,Tampa Bay Rays,141,Toronto Blue Jays,4,2,0
661922,2022-09-13,2022,158,Milwaukee Brewers,138,St. Louis Cardinals,8,4,0
662028,2022-09-13,2022,144,Atlanta Braves,137,San Francisco Giants,5,1,0
662119,2022-09-13,2022,135,San Diego Padres,136,Seattle Mariners,2,0,0
662430,2022-09-13,2022,112,Chicago Cubs,121,New York Mets,4,1,0
662464,2022-09-13,2022,110,Baltimore Orioles,120,Washington Nationals,4,3,0
662787,2022-09-13,2022,117,Houston Astros,116,Detroit Tigers,6,3,0
662965,2022-09-13,2022,108,Los Angeles Angels,114,Cleveland Guardians,1,3,1
663106,2022-09-13,2022,134,Pittsburgh Pirates,113,Cincinnati Reds,1,0,0
663158,2022-09-13,2022,134,Pittsburgh Pirates,113,Cincinnati Reds,6,1,0
663160,2022-09-13,2022,147,New York Yankees,111,Boston Red Sox,7,6,0
663323,2022-09-13,2022,119,Los Angeles Dodgers,109,Arizona Diamondbacks,4,0,0
661336,2022-09-14,2022,143,Philadelphia Phillies,146,Miami Marlins,6,1,0
661435,2022-09-14,2022,115,Colorado Rockies,145,Chicago White Sox,3,0,0
661646,2022-09-14,2022,118,Kansas City Royals,142,Minnesota Twins,0,4,1
661770,2022-09-14,2022,139,Tampa Bay Rays,141,Toronto Blue Jays,1,5,1
661829,2022-09-14,2022,133,Oakland Athletics,140,Texas Rangers,8,7,0
661921,2022-09-14,2022,158,Milwaukee Brewers,138,St. Louis Cardinals,1,4,1
662027,2022-09-14,2022,144,Atlanta Braves,137,San Francisco Giants,1,4,1
662118,2022-09-14,2022,135,San Diego Padres,136,Seattle Mariners,1,6,1
662422,2022-09-14,2022,112,Chicago Cubs,121,New York Mets,6,3,0
662463,2022-09-14,2022,110,Baltimore Orioles,120,Washington Nationals,6,2,0
662792,2022-09-14,2022,117,Houston Astros,116,Detroit Tigers,2,1,0
662969,2022-09-14,2022,108,Los Angeles Angels,114,Cleveland Guardians,3,5,1
663006,2022-09-14,2022,134,Pittsburgh Pirates,113,Cincinnati Reds,10,4,0
663159,2022-09-14,2022,147,New York Yankees,111,Boston Red Sox,5,3,0
663322,2022-09-14,2022,119,Los Angeles Dodgers,109,Arizona Diamondbacks,3,5,1
661321,2022-09-15,2022,143,Philadelphia Phillies,146,Miami Marlins,3,5,1
661644,2022-09-15,2022,118,Kansas City Royals,142,Minnesota Twins,2,3,1
661822,2022-09-15,2022,139,Tampa Bay Rays,141,Toronto Blue Jays,11,0,0
661919,2022-09-15,2022,113,Cincinnati Reds,138,St. Louis Cardinals,3,2,0
662398,2022-09-15,2022,134,Pittsburgh Pirates,121,New York Mets,1,7,1
662709,2022-09-15,2022,133,Oakland Athletics,117,Houston Astros,2,5,1
662974,2022-09-15,2022,145,Chicago White Sox,114,Cleveland Guardians,8,2,0
663284,2022-09-15,2022,135,San Diego Padres,109,Arizona Diamondbacks,0,4,1
661164,2022-09-16,2022,147,New York Yankees,158,Milwaukee Brewers,6,7,1
661473,2022-09-16,2022,143,Philadelphia Phillies,144,Atlanta Braves,2,7,1
661776,2022-09-16,2022,110,Baltimore Orioles,141,Toronto Blue Jays,3,6,1
661953,2022-09-16,2022,113,Cincinnati Reds,138,St. Louis Cardinals,5,6,1
662026,2022-09-16,2022,119,Los Angeles Dodgers,137,San Francisco Giants,5,0,0
662064,2022-09-16,2022,140,Texas Rangers,139,Tampa Bay Rays,4,3,0
662404,2022-09-16,2022,134,Pittsburgh Pirates,121,New York Mets,3,4,1
662490,2022-09-16,2022,146,Miami Marlins,120,Washington Nationals,4,5,1
662740,2022-09-16,2022,133,Oakland Athletics,117,Houston Astros,0,5,1
662781,2022-09-16,2022,145,Chicago White Sox,116,Detroit Tigers,2,3,1
662959,2022-09-16,2022,142,Minnesota Twins,114,Cleveland Guardians,3,4,1
663126,2022-09-16,2022,115,Colorado Rockies,112,Chicago Cubs,1,2,1
663209,2022-09-16,2022,118,Kansas City Royals,111,Boston Red Sox,1,2,1
663283,2022-09-16,2022,135,San Diego Padres,109,Arizona Diamondbacks,12,3,0
663427,2022-09-16,2022,136,Seattle Mariners,108,Los Angeles Angels,7,8,1
661163,2022-09-17,2022,147,New York Yankees,158,Milwaukee Brewers,1,4,1
661472,2022-09-17,2022,143,Philadelphia Phillies,144,Atlanta Braves,3,4,1
661769,2022-09-17,2022,110,Baltimore Orioles,141,Toronto Blue Jays,3,6,1
661952,2022-09-17,2022,113,Cincinnati Reds,138,St. Louis Cardinals,0,1,1
661965,2022-09-17,2022,113,Cincinnati Reds,138,St. Louis Cardinals,1,5,1
662015,2022-09-17,2022,140,Texas Rangers,139,Tampa Bay Rays,1,5,1
662024,2022-09-17,2022,119,Los Angeles Dodgers,137,San Francisco Giants,7,2,0
662403,2022-09-17,2022,134,Pittsburgh Pirates,121,New York Mets,1,5,1
662462,2022-09-17,2022,146,Miami Marlins,120,Washington Nationals,3,5,1
662784,2022-09-17,2022,145,Chicago White Sox,116,Detroit Tigers,4,3,0
662823,2022-09-17,2022,133,Oakland Athletics,117,Houston Astros,8,5,0
662958,2022-09-17,2022,142,Minnesota Twins,114,Cleveland Guardians,6,7,1
663129,2022-09-17,2022,115,Colorado Rockies,112,Chicago Cubs,3,1,0
663141,2022-09-17,2022,142,Minnesota Twins,114,Cleveland Guardians,1,5,1
663208,2022-09-17,2022,118,Kansas City Royals,111,Boston Red Sox,9,0,0
663289,2022-09-17,2022,135,San Diego Padres,109,Arizona Diamondbacks,2,0,0
663426,2022-09-17,2022,136,Seattle Mariners,108,Los Angeles Angels,1,2,1
661162,2022-09-18,2022,147,New York Yankees,158,Milwaukee Brewers,12,8,0
661471,2022-09-18,2022,143,Philadelphia Phillies,144,Atlanta Braves,2,5,1
661780,2022-09-18,2022,110,Baltimore Orioles,141,Toronto Blue Jays,5,4,0
661930,2022-09-18,2022,113,Cincinnati Reds,138,St. Louis Cardinals,3,0,0
661994,2022-09-18,2022,140,Texas Rangers,139,Tampa Bay Rays,3,5,1
662025,2022-09-18,2022,119,Los Angeles Dodgers,137,San Francisco Giants,4,3,0
662402,2022-09-18,2022,134,Pittsburgh Pirates,121,New York Mets,3,7,1
662461,2022-09-18,2022,146,Miami Marlins,120,Washington Nationals,3,1,0
662783,2022-09-18,2022,145,Chicago White Sox,116,Detroit Tigers,11,5,0
662822,2022-09-18,2022,133,Oakland Athletics,117,Houston Astros,2,11,1
662968,2022-09-18,2022,142,Minnesota Twins,114,Cleveland Guardians,3,0,0
663112,2022-09-18,2022,115,Colorado Rockies,112,Chicago Cubs,4,3,0
663207,2022-09-18,2022,118,Kansas City Royals,111,Boston Red Sox,3,13,1
663287,2022-09-18,2022,135,San Diego Padres,109,Arizona Diamondbacks,6,1,0
663425,2022-09-18,2022,136,Seattle Mariners,108,Los Angeles Angels,1,5,1
661161,2022-09-19,2022,121,New York Mets,158,Milwaukee Brewers,7,2,0
661299,2022-09-19,2022,112,Chicago Cubs,146,Miami Marlins,3,10,1
661470,2022-09-19,2022,120,Washington Nationals,144,Atlanta Braves,2,5,1
662013,2022-09-19,2022,117,Houston Astros,139,Tampa Bay Rays,4,0,0
662622,2022-09-19,2022,109,Arizona Diamondbacks,119,Los Angeles Dodgers,2,5,1
662886,2022-09-19,2022,137,San Francisco Giants,115,Colorado Rockies,10,7,0
663044,2022-09-19,2022,142,Minnesota Twins,114,Cleveland Guardians,4,11,1
663263,2022-09-19,2022,116,Detroit Tigers,110,Baltimore Orioles,11,0,0
663423,2022-09-19,2022,136,Seattle Mariners,108,Los Angeles Angels,9,1,0
661159,2022-09-20,2022,121,New York Mets,158,Milwaukee Brewers,7,5,0
661229,2022-09-20,2022,134,Pittsburgh Pirates,147,New York Yankees,8,9,1
661298,2022-09-20,2022,112,Chicago Cubs,146,Miami Marlins,2,1,0
661434,2022-09-20,2022,114,Cleveland Guardians,145,Chicago White Sox,10,7,0
661469,2022-09-20,2022,120,Washington Nationals,144,Atlanta Braves,2,3,1
661591,2022-09-20,2022,141,Toronto Blue Jays,143,Philadelphia Phillies,18,11,0
661837,2022-09-20,2022,108,Los Angeles Angels,140,Texas Rangers,5,2,0
662012,2022-09-20,2022,117,Houston Astros,139,Tampa Bay Rays,5,0,0
662204,2022-09-20,2022,138,St. Louis Cardinals,135,San Diego Padres,0,5,1
662321,2022-09-20,2022,136,Seattle Mariners,133,Oakland Athletics,1,4,1
662607,2022-09-20,2022,109,Arizona Diamondbacks,119,Los Angeles Dodgers,5,2,0
662621,2022-09-20,2022,109,Arizona Diamondbacks,119,Los Angeles Dodgers,5,6,1
662634,2022-09-20,2022,142,Minnesota Twins,118,Kansas City Royals,4,5,1
662867,2022-09-20,2022,137,San Francisco Giants,115,Colorado Rockies,6,3,0
663104,2022-09-20,2022,111,Boston Red Sox,113,Cincinnati Reds,5,3,0
663262,2022-09-20,2022,116,Detroit Tigers,110,Baltimore Orioles,3,2,0
661070,2022-09-21,2022,111,Boston Red Sox,113,Cincinnati Reds,1,5,1
661158,2022-09-21,2022,121,New York Mets,158,Milwaukee Brewers,0,6,1
661228,2022-09-21,2022,134,Pittsburgh Pirates,147,New York Yankees,2,14,1
661297,2022-09-21,2022,112,Chicago Cubs,146,Miami Marlins,4,3,0
661433,2022-09-21,2022,114,Cleveland Guardians,145,Chicago White Sox,8,2,0
661468,2022-09-21,2022,120,Washington Nationals,144,Atlanta Braves,3,2,0
661588,2022-09-21,2022,141,Toronto Blue Jays,143,Philadelphia Phillies,3,4,1
661783,2022-09-21,2022,108,Los Angeles Angels,140,Texas Rangers,2,7,1
662011,2022-09-21,2022,117,Houston Astros,139,Tampa Bay Rays,5,2,0
662203,2022-09-21,2022,138,St. Louis Cardinals,135,San Diego Padres,0,1,1
662320,2022-09-21,2022,136,Seattle Mariners,133,Oakland Athletics,1,2,1
662606,2022-09-21,2022,109,Arizona Diamondbacks,119,Los Angeles Dodgers,6,1,0
662633,2022-09-21,2022,142,Minnesota Twins,118,Kansas City Royals,2,5,1
662899,2022-09-21,2022,137,San Francisco Giants,115,Colorado Rockies,6,1,0
663261,2022-09-21,2022,116,Detroit Tigers,110,Baltimore Orioles,1,8,1
661069,2022-09-22,2022,158,Milwaukee Brewers,113,Cincinnati Reds,5,1,0
661243,2022-09-22,2022,111,Boston Red Sox,147,New York Yankees,4,5,1
661432,2022-09-22,2022,114,Cleveland Guardians,145,Chicago White Sox,4,2,0
661609,2022-09-22,2022,144,Atlanta Braves,143,Philadelphia Phillies,0,1,1
661806,2022-09-22,2022,108,Los Angeles Angels,140,Texas Rangers,3,5,1
662041,2022-09-22,2022,141,Toronto Blue Jays,139,Tampa Bay Rays,5,10,1
662202,2022-09-22,2022,138,St. Louis Cardinals,135,San Diego Padres,5,4,0
662264,2022-09-22,2022,112,Chicago Cubs,134,Pittsburgh Pirates,3,2,0
662306,2022-09-22,2022,136,Seattle Mariners,133,Oakland Athletics,9,5,0
662586,2022-09-22,2022,109,Arizona Diamondbacks,119,Los Angeles Dodgers,2,3,1
662632,2022-09-22,2022,142,Minnesota Twins,118,Kansas City Royals,1,4,1
662898,2022-09-22,2022,137,San Francisco Giants,115,Colorado Rockies,3,0,0
663260,2022-09-22,2022,117,Houston Astros,110,Baltimore Orioles,0,2,1
661068,2022-09-23,2022,158,Milwaukee Brewers,113,Cincinnati Reds,5,3,0
661222,2022-09-23,2022,111,Boston Red Sox,147,New York Yankees,4,5,1
661296,2022-09-23,2022,120,Washington Nationals,146,Miami Marlins,2,5,1
661431,2022-09-23,2022,116,Detroit Tigers,145,Chicago White Sox,5,3,0
661587,2022-09-23,2022,144,Atlanta Braves,143,Philadelphia Phillies,1,9,1
661668,2022-09-23,2022,108,Los Angeles Angels,142,Minnesota Twins,4,2,0
661807,2022-09-23,2022,114,Cleveland Guardians,140,Texas Rangers,6,3,0
662040,2022-09-23,2022,141,Toronto Blue Jays,139,Tampa Bay Rays,6,10,1
662263,2022-09-23,2022,112,Chicago Cubs,134,Pittsburgh Pirates,6,5,0
662305,2022-09-23,2022,121,New York Mets,133,Oakland Athletics,9,2,0
662585,2022-09-23,2022,138,St. Louis Cardinals,119,Los Angeles Dodgers,11,0,0
662642,2022-09-23,2022,136,Seattle Mariners,118,Kansas City Royals,1,5,1
662897,2022-09-23,2022,135,San Diego Padres,115,Colorado Rockies,3,4,1
663259,2022-09-23,2022,117,Houston Astros,110,Baltimore Orioles,0,6,1
663282,2022-09-23,2022,137,San Francisco Giants,109,Arizona Diamondbacks,6,5,0
661067,2022-09-24,2022,158,Milwaukee Brewers,113,Cincinnati Reds,10,2,0
661221,2022-09-24,2022,111,Boston Red Sox,147,New York Yankees,5,7,1
661295,2022-09-24,2022,120,Washington Nationals,146,Miami Marlins,1,4,1
661430,2022-09-24,2022,116,Detroit Tigers,145,Chicago White Sox,7,2,0
661586,2022-09-24,2022,144,Atlanta Braves,143,Philadelphia Phillies,6,3,0
661656,2022-09-24,2022,108,Los Angeles Angels,142,Minnesota Twins,4,8,1
661805,2022-09-24,2022,114,Cleveland Guardians,140,Texas Rangers,4,2,0
662039,2022-09-24,2022,141,Toronto Blue Jays,139,Tampa Bay Rays,3,1,0
662249,2022-09-24,2022,112,Chicago Cubs,134,Pittsburgh Pirates,0,6,1
662311,2022-09-24,2022,121,New York Mets,133,Oakland Athletics,4,10,1
662584,2022-09-24,2022,138,St. Louis Cardinals,119,Los Angeles Dodgers,2,6,1
662641,2022-09-24,2022,136,Seattle Mariners,118,Kansas City Royals,6,5,0
662866,2022-09-24,2022,135,San Diego Padres,115,Colorado Rockies,9,3,0
663258,2022-09-24,2022,117,Houston Astros,110,Baltimore Orioles,11,10,0
663281,2022-09-24,2022,137,San Francisco Giants,109,Arizona Diamondbacks,2,5,1
661066,2022-09-25,2022,158,Milwaukee Brewers,113,Cincinnati Reds,1,2,1
661220,2022-09-25,2022,111,Boston Red Sox,147,New York Yankees,0,2,1
661294,2022-09-25,2022,120,Washington Nationals,146,Miami Marlins,6,1,0
661429,2022-09-25,2022,116,Detroit Tigers,145,Chicago White Sox,4,1,0
661585,2022-09-25,2022,144,Atlanta Braves,143,Philadelphia Phillies,8,7,0
661667,2022-09-25,2022,108,Los Angeles Angels,142,Minnesota Twins,10,3,0
661828,2022-09-25,2022,114,Cleveland Guardians,140,Texas Rangers,10,4,0
662063,2022-09-25,2022,141,Toronto Blue Jays,139,Tampa Bay Rays,7,1,0
662243,2022-09-25,2022,112,Chicago Cubs,134,Pittsburgh Pirates,8,3,0
662310,2022-09-25,2022,121,New York Mets,133,Oakland Athletics,13,4,0
662598,2022-09-25,2022,138,St. Louis Cardinals,119,Los Angeles Dodgers,1,4,1
662631,2022-09-25,2022,136,Seattle Mariners,118,Kansas City Royals,12,13,1
662865,2022-09-25,2022,135,San Diego Padres,115,Colorado Rockies,13,6,0
663280,2022-09-25,2022,137,San Francisco Giants,109,Arizona Diamondbacks,3,2,0
663454,2022-09-25,2022,117,Houston Astros,110,Baltimore Orioles,6,3,0
661768,2022-09-26,2022,147,New York Yankees,141,Toronto Blue Jays,2,3,1
662242,2022-09-26,2022,113,Cincinnati Reds,134,Pittsburgh Pirates,3,8,1
662460,2022-09-26,2022,144,Atlanta Braves,120,Washington Nationals,8,0,0
663250,2022-09-26,2022,110,Baltimore Orioles,111,Boston Red Sox,14,8,0
661155,2022-09-27,2022,138,St. Louis Cardinals,158,Milwaukee Brewers,6,2,0
661666,2022-09-27,2022,145,Chicago White Sox,142,Minnesota Twins,0,4,1
661778,2022-09-27,2022,147,New York Yankees,141,Toronto Blue Jays,5,2,0
662046,2022-09-27,2022,115,Colorado Rockies,137,San Francisco Giants,2,5,1
662117,2022-09-27,2022,140,Texas Rangers,136,Seattle Mariners,5,0,0
662210,2022-09-27,2022,119,Los Angeles Dodgers,135,San Diego Padres,3,4,1
662241,2022-09-27,2022,113,Cincinnati Reds,134,Pittsburgh Pirates,1,4,1
662401,2022-09-27,2022,146,Miami Marlins,121,New York Mets,6,4,0
662489,2022-09-27,2022,144,Atlanta Braves,120,Washington Nationals,8,2,0
662774,2022-09-27,2022,118,Kansas City Royals,116,Detroit Tigers,3,4,1
662821,2022-09-27,2022,109,Arizona Diamondbacks,117,Houston Astros,2,10,1
662955,2022-09-27,2022,139,Tampa Bay Rays,114,Cleveland Guardians,6,5,0
663128,2022-09-27,2022,143,Philadelphia Phillies,112,Chicago Cubs,1,2,1
663206,2022-09-27,2022,110,Baltimore Orioles,111,Boston Red Sox,9,13,1
663422,2022-09-27,2022,133,Oakland Athletics,108,Los Angeles Angels,3,4,1
661099,2022-09-28,2022,144,Atlanta Braves,120,Washington Nationals,2,3,1
661112,2022-09-28,2022,140,Texas Rangers,136,Seattle Mariners,1,3,1
661133,2022-09-28,2022,145,Chicago White Sox,142,Minnesota Twins,4,8,1
661154,2022-09-28,2022,138,St. Louis Cardinals,158,Milwaukee Brewers,1,5,1
661737,2022-09-28,2022,147,New York Yankees,141,Toronto Blue Jays,8,3,0
662045,2022-09-28,2022,115,Colorado Rockies,137,San Francisco Giants,3,6,1
662214,2022-09-28,2022,119,Los Angeles Dodgers,135,San Diego Padres,1,0,0
662240,2022-09-28,2022,113,Cincinnati Reds,134,Pittsburgh Pirates,3,4,1
662400,2022-09-28,2022,146,Miami Marlins,121,New York Mets,4,5,1
662773,2022-09-28,2022,118,Kansas City Royals,116,Detroit Tigers,1,2,1
662820,2022-09-28,2022,109,Arizona Diamondbacks,117,Houston Astros,5,2,0
662967,2022-09-28,2022,139,Tampa Bay Rays,114,Cleveland Guardians,1,2,1
663098,2022-09-28,2022,143,Philadelphia Phillies,112,Chicago Cubs,2,4,1
663181,2022-09-28,2022,110,Baltimore Orioles,111,Boston Red Sox,1,3,1
663421,2022-09-28,2022,133,Oakland Athletics,108,Los Angeles Angels,1,4,1
661128,2022-09-29,2022,140,Texas Rangers,136,Seattle Mariners,9,10,1
661132,2022-09-29,2022,145,Chicago White Sox,142,Minnesota Twins,4,3,0
661156,2022-09-29,2022,146,Miami Marlins,158,Milwaukee Brewers,4,2,0
662050,2022-09-29,2022,115,Colorado Rockies,137,San Francisco Giants,4,6,1
662209,2022-09-29,2022,119,Los Angeles Dodgers,135,San Diego Padres,5,2,0
662772,2022-09-29,2022,118,Kansas City Royals,116,Detroit Tigers,3,10,1
662932,2022-09-29,2022,139,Tampa Bay Rays,114,Cleveland Guardians,1,2,1
663110,2022-09-29,2022,143,Philadelphia Phillies,112,Chicago Cubs,0,2,1
663180,2022-09-29,2022,110,Baltimore Orioles,111,Boston Red Sox,3,5,1
663420,2022-09-29,2022,133,Oakland Athletics,108,Los Angeles Angels,2,4,1
661097,2022-09-30,2022,143,Philadelphia Phillies,120,Washington Nationals,5,1,0
661111,2022-09-30,2022,133,Oakland Athletics,136,Seattle Mariners,1,2,1
661157,2022-09-30,2022,146,Miami Marlins,158,Milwaukee Brewers,0,1,1
661218,2022-09-30,2022,110,Baltimore Orioles,147,New York Yankees,2,1,0
661467,2022-09-30,2022,121,New York Mets,144,Atlanta Braves,2,5,1
661751,2022-09-30,2022,111,Boston Red Sox,141,Toronto Blue Jays,0,9,1
661958,2022-09-30,2022,134,Pittsburgh Pirates,138,St. Louis Cardinals,1,2,1
662049,2022-09-30,2022,109,Arizona Diamondbacks,137,San Francisco Giants,4,10,1
662208,2022-09-30,2022,145,Chicago White Sox,135,San Diego Padres,3,1,0
662596,2022-09-30,2022,115,Colorado Rockies,119,Los Angeles Dodgers,1,10,1
662771,2022-09-30,2022,142,Minnesota Twins,116,Detroit Tigers,7,0,0
662819,2022-09-30,2022,139,Tampa Bay Rays,117,Houston Astros,7,3,0
662940,2022-09-30,2022,118,Kansas City Royals,114,Cleveland Guardians,3,6,1
663099,2022-09-30,2022,113,Cincinnati Reds,112,Chicago Cubs,1,6,1
663406,2022-09-30,2022,140,Texas Rangers,108,Los Angeles Angels,1,4,1
661098,2022-10-01,2022,143,Philadelphia Phillies,120,Washington Nationals,8,2,0
661110,2022-10-01,2022,133,Oakland Athletics,136,Seattle Mariners,1,5,1
661152,2022-10-01,2022,146,Miami Marlins,158,Milwaukee Brewers,4,3,0
661217,2022-10-01,2022,110,Baltimore Orioles,147,New York Yankees,0,8,1
661466,2022-10-01,2022,121,New York Mets,144,Atlanta Braves,2,4,1
661736,2022-10-01,2022,111,Boston Red Sox,141,Toronto Blue Jays,0,10,1
661956,2022-10-01,2022,134,Pittsburgh Pirates,138,St. Louis Cardinals,3,13,1
662023,2022-10-01,2022,109,Arizona Diamondbacks,137,San Francisco Giants,8,4,0
662207,2022-10-01,2022,145,Chicago White Sox,135,San Diego Padres,2,5,1
662572,2022-10-01,2022,143,Philadelphia Phillies,120,Washington Nationals,4,13,1
662595,2022-10-01,2022,115,Colorado Rockies,119,Los Angeles Dodgers,4,6,1
662770,2022-10-01,2022,142,Minnesota Twins,116,Detroit Tigers,2,3,1
662818,2022-10-01,2022,139,Tampa Bay Rays,117,Houston Astros,1,2,1
662939,2022-10-01,2022,118,Kansas City Royals,114,Cleveland Guardians,7,1,0
663167,2022-10-01,2022,113,Cincinnati Reds,112,Chicago Cubs,1,2,1
663405,2022-10-01,2022,140,Texas Rangers,108,Los Angeles Angels,2,3,1
661096,2022-10-02,2022,143,Philadelphia Phillies,120,Washington Nationals,8,1,0
661153,2022-10-02,2022,146,Miami Marlins,158,Milwaukee Brewers,4,3,0
661215,2022-10-02,2022,110,Baltimore Orioles,147,New York Yankees,3,1,0
661465,2022-10-02,2022,121,New York Mets,144,Atlanta Braves,3,5,1
661735,2022-10-02,2022,111,Boston Red Sox,141,Toronto Blue Jays,3,6,1
661954,2022-10-02,2022,134,Pittsburgh Pirates,138,St. Louis Cardinals,7,5,0
662022,2022-10-02,2022,109,Arizona Diamondbacks,137,San Francisco Giants,3,4,1
662087,2022-10-02,2022,133,Oakland Athletics,136,Seattle Mariners,10,3,0
662190,2022-10-02,2022,145,Chicago White Sox,135,San Diego Padres,2,1,0
662581,2022-10-02,2022,115,Colorado Rockies,119,Los Angeles Dodgers,4,1,0
662769,2022-10-02,2022,142,Minnesota Twins,116,Detroit Tigers,2,5,1
662825,2022-10-02,2022,139,Tampa Bay Rays,117,Houston Astros,1,3,1
662938,2022-10-02,2022,118,Kansas City Royals,114,Cleveland Guardians,5,7,1
663097,2022-10-02,2022,113,Cincinnati Reds,112,Chicago Cubs,1,8,1
663419,2022-10-02,2022,140,Texas Rangers,108,Los Angeles Angels,3,8,1
661213,2022-10-03,2022,109,Arizona Diamondbacks,158,Milwaukee Brewers,5,6,1
661424,2022-10-03,2022,144,Atlanta Braves,146,Miami Marlins,0,4,1
661464,2022-10-03,2022,142,Minnesota Twins,145,Chicago White Sox,2,3,1
662044,2022-10-03,2022,147,New York Yankees,140,Texas Rangers,3,1,0
662201,2022-10-03,2022,116,Detroit Tigers,136,Seattle Mariners,4,3,0
662239,2022-10-03,2022,137,San Francisco Giants,135,San Diego Padres,4,7,1
662309,2022-10-03,2022,138,St. Louis Cardinals,134,Pittsburgh Pirates,2,3,1
662431,2022-10-03,2022,108,Los Angeles Angels,133,Oakland Athletics,4,5,1
662629,2022-10-03,2022,115,Colorado Rockies,119,Los Angeles Dodgers,2,1,0
662777,2022-10-03,2022,143,Philadelphia Phillies,117,Houston Astros,3,0,0
663096,2022-10-03,2022,112,Chicago Cubs,113,Cincinnati Reds,1,3,1
663105,2022-10-03,2022,118,Kansas City Royals,114,Cleveland Guardians,5,2,0
663273,2022-10-03,2022,141,Toronto Blue Jays,110,Baltimore Orioles,5,1,0
663453,2022-10-03,2022,139,Tampa Bay Rays,111,Boston Red Sox,3,4,1
661094,2022-10-04,2022,120,Washington Nationals,121,New York Mets,2,4,1
661095,2022-10-04,2022,120,Washington Nationals,121,New York Mets,0,8,1
661223,2022-10-04,2022,109,Arizona Diamondbacks,158,Milwaukee Brewers,0,3,1
661423,2022-10-04,2022,144,Atlanta Braves,146,Miami Marlins,2,1,0
661463,2022-10-04,2022,142,Minnesota Twins,145,Chicago White Sox,3,8,1
662010,2022-10-04,2022,147,New York Yankees,140,Texas Rangers,2,3,1
662062,2022-10-04,2022,147,New York Yankees,140,Texas Rangers,5,4,0
662199,2022-10-04,2022,116,Detroit Tigers,136,Seattle Mariners,6,9,1
662200,2022-10-04,2022,116,Detroit Tigers,136,Seattle Mariners,6,7,1
662252,2022-10-04,2022,137,San Francisco Giants,135,San Diego Padres,2,6,1
662319,2022-10-04,2022,138,St. Louis Cardinals,134,Pittsburgh Pirates,8,7,0
662429,2022-10-04,2022,108,Los Angeles Angels,133,Oakland Athletics,1,2,1
662624,2022-10-04,2022,115,Colorado Rockies,119,Los Angeles Dodgers,5,2,0
662768,2022-10-04,2022,143,Philadelphia Phillies,117,Houston Astros,0,10,1
663077,2022-10-04,2022,118,Kansas City Royals,114,Cleveland Guardians,3,5,1
663243,2022-10-04,2022,112,Chicago Cubs,113,Cincinnati Reds,2,3,1
663452,2022-10-04,2022,139,Tampa Bay Rays,111,Boston Red Sox,0,6,1
661227,2022-10-05,2022,109,Arizona Diamondbacks,158,Milwaukee Brewers,4,2,0
661422,2022-10-05,2022,144,Atlanta Braves,146,Miami Marlins,9,12,1
661427,2022-10-05,2022,142,Minnesota Twins,145,Chicago White Sox,10,1,0
661996,2022-10-05,2022,147,New York Yankees,140,Texas Rangers,2,4,1
662195,2022-10-05,2022,116,Detroit Tigers,136,Seattle Mariners,4,5,1
662238,2022-10-05,2022,137,San Francisco Giants,135,San Diego Padres,8,1,0
662304,2022-10-05,2022,138,St. Louis Cardinals,134,Pittsburgh Pirates,3,5,1
662421,2022-10-05,2022,108,Los Angeles Angels,133,Oakland Athletics,2,3,1
662488,2022-10-05,2022,120,Washington Nationals,121,New York Mets,2,9,1
662623,2022-10-05,2022,115,Colorado Rockies,119,Los Angeles Dodgers,1,6,1
662789,2022-10-05,2022,143,Philadelphia Phillies,117,Houston Astros,2,3,1
663095,2022-10-05,2022,118,Kansas City Royals,114,Cleveland Guardians,2,9,1
663131,2022-10-05,2022,112,Chicago Cubs,113,Cincinnati Reds,15,2,0
663272,2022-10-05,2022,141,Toronto Blue Jays,110,Baltimore Orioles,5,1,0
663352,2022-10-05,2022,139,Tampa Bay Rays,111,Boston Red Sox,3,6,1
663451,2022-10-05,2022,141,Toronto Blue Jays,110,Baltimore Orioles,4,5,1
718767,2023-03-30,2023,114,Cleveland Guardians,136,Seattle Mariners,0,3,1
718768,2023-03-30,2023,145,Chicago White Sox,117,Houston Astros,3,2,0
718769,2023-03-30,2023,108,Los Angeles Angels,133,Oakland Athletics,1,2,1
718770,2023-03-30,2023,109,Arizona Diamondbacks,119,Los Angeles Dodgers,2,8,1
718772,2023-03-30,2023,141,Toronto Blue Jays,138,St. Louis Cardinals,10,9,0
718773,2023-03-30,2023,134,Pittsburgh Pirates,113,Cincinnati Reds,5,4,0
718774,2023-03-30,2023,121,New York Mets,146,Miami Marlins,5,3,0
718775,2023-03-30,2023,142,Minnesota Twins,118,Kansas City Royals,2,0,0
718776,2023-03-30,2023,116,Detroit Tigers,139,Tampa Bay Rays,0,4,1
718777,2023-03-30,2023,158,Milwaukee Brewers,112,Chicago Cubs,0,4,1
718778,2023-03-30,2023,115,Colorado Rockies,135,San Diego Padres,7,2,0
718779,2023-03-30,2023,143,Philadelphia Phillies,140,Texas Rangers,7,11,1
718780,2023-03-30,2023,144,Atlanta Braves,120,Washington Nationals,7,2,0
718781,2023-03-30,2023,137,San Francisco Giants,147,New York Yankees,0,5,1
718782,2023-03-30,2023,110,Baltimore Orioles,111,Boston Red Sox,10,9,0
718763,2023-03-31,2023,114,Cleveland Guardians,136,Seattle Mariners,9,4,0
718764,2023-03-31,2023,145,Chicago White Sox,117,Houston Astros,3,6,1
718765,2023-03-31,2023,109,Arizona Diamondbacks,119,Los Angeles Dodgers,2,1,0
718766,2023-03-31,2023,115,Colorado Rockies,135,San Diego Padres,4,1,0
718771,2023-03-31,2023,121,New York Mets,146,Miami Marlins,1,2,1
718746,2023-04-01,2023,114,Cleveland Guardians,136,Seattle Mariners,2,0,0
718749,2023-04-01,2023,109,Arizona Diamondbacks,119,Los Angeles Dodgers,1,10,1
718750,2023-04-01,2023,115,Colorado Rockies,135,San Diego Padres,4,8,1
718751,2023-04-01,2023,142,Minnesota Twins,118,Kansas City Royals,2,0,0
718752,2023-04-01,2023,143,Philadelphia Phillies,140,Texas Rangers,3,16,1
718753,2023-04-01,2023,144,Atlanta Braves,120,Washington Nationals,7,1,0
718754,2023-04-01,2023,116,Detroit Tigers,139,Tampa Bay Rays,2,12,1
718755,2023-04-01,2023,121,New York Mets,146,Miami Marlins,6,2,0
718756,2023-04-01,2023,134,Pittsburgh Pirates,113,Cincinnati Reds,2,6,1
718757,2023-04-01,2023,108,Los Angeles Angels,133,Oakland Athletics,13,1,0
718758,2023-04-01,2023,158,Milwaukee Brewers,112,Chicago Cubs,3,1,0
718759,2023-04-01,2023,141,Toronto Blue Jays,138,St. Louis Cardinals,1,4,1
718760,2023-04-01,2023,145,Chicago White Sox,117,Houston Astros,4,6,1
718761,2023-04-01,2023,110,Baltimore Orioles,111,Boston Red Sox,8,9,1
718762,2023-04-01,2023,137,San Francisco Giants,147,New York Yankees,7,5,0
718733,2023-04-02,2023,115,Colorado Rockies,135,San Diego Padres,1,3,1
718734,2023-04-02,2023,108,Los Angeles Angels,133,Oakland Athletics,6,0,0
718735,2023-04-02,2023,114,Cleveland Guardians,136,Seattle Mariners,6,5,0
718736,2023-04-02,2023,109,Arizona Diamondbacks,119,Los Angeles Dodgers,2,1,0
718737,2023-04-02,2023,141,Toronto Blue Jays,138,St. Louis Cardinals,4,9,1
718738,2023-04-02,2023,158,Milwaukee Brewers,112,Chicago Cubs,9,5,0
718739,2023-04-02,2023,143,Philadelphia Phillies,140,Texas Rangers,1,2,1
718740,2023-04-02,2023,145,Chicago White Sox,117,Houston Astros,6,3,0
718741,2023-04-02,2023,121,New York Mets,146,Miami Marlins,5,1,0
718742,2023-04-02,2023,116,Detroit Tigers,139,Tampa Bay Rays,1,5,1
718743,2023-04-02,2023,144,Atlanta Braves,120,Washington Nationals,1,4,1
718744,2023-04-02,2023,134,Pittsburgh Pirates,113,Cincinnati Reds,1,3,1
718745,2023-04-02,2023,142,Minnesota Twins,118,Kansas City Royals,7,4,0
718747,2023-04-02,2023,137,San Francisco Giants,147,New York Yankees,0,6,1
718748,2023-04-02,2023,110,Baltimore Orioles,111,Boston Red Sox,5,9,1
718718,2023-04-03,2023,115,Colorado Rockies,119,Los Angeles Dodgers,4,13,1
718719,2023-04-03,2023,141,Toronto Blue Jays,118,Kansas City Royals,5,9,1
718720,2023-04-03,2023,108,Los Angeles Angels,136,Seattle Mariners,7,3,0
718721,2023-04-03,2023,114,Cleveland Guardians,133,Oakland Athletics,12,11,0
718722,2023-04-03,2023,109,Arizona Diamondbacks,135,San Diego Padres,4,5,1
718723,2023-04-03,2023,116,Detroit Tigers,117,Houston Astros,7,6,0
718724,2023-04-03,2023,134,Pittsburgh Pirates,111,Boston Red Sox,7,6,0
718725,2023-04-03,2023,143,Philadelphia Phillies,147,New York Yankees,1,8,1
718726,2023-04-03,2023,110,Baltimore Orioles,140,Texas Rangers,2,0,0
718727,2023-04-03,2023,144,Atlanta Braves,138,St. Louis Cardinals,8,4,0
718728,2023-04-03,2023,112,Chicago Cubs,113,Cincinnati Reds,6,7,1
718729,2023-04-03,2023,142,Minnesota Twins,146,Miami Marlins,11,1,0
718730,2023-04-03,2023,137,San Francisco Giants,145,Chicago White Sox,12,3,0
718731,2023-04-03,2023,121,New York Mets,158,Milwaukee Brewers,0,10,1
718732,2023-04-03,2023,139,Tampa Bay Rays,120,Washington Nationals,6,2,0
718703,2023-04-04,2023,115,Colorado Rockies,119,Los Angeles Dodgers,2,5,1
718705,2023-04-04,2023,116,Detroit Tigers,117,Houston Astros,6,3,0
718706,2023-04-04,2023,108,Los Angeles Angels,136,Seattle Mariners,2,11,1
718707,2023-04-04,2023,114,Cleveland Guardians,133,Oakland Athletics,3,4,1
718708,2023-04-04,2023,141,Toronto Blue Jays,118,Kansas City Royals,4,1,0
718709,2023-04-04,2023,110,Baltimore Orioles,140,Texas Rangers,7,2,0
718710,2023-04-04,2023,143,Philadelphia Phillies,147,New York Yankees,4,1,0
718711,2023-04-04,2023,144,Atlanta Braves,138,St. Louis Cardinals,4,1,0
718712,2023-04-04,2023,121,New York Mets,158,Milwaukee Brewers,0,9,1
718713,2023-04-04,2023,134,Pittsburgh Pirates,111,Boston Red Sox,4,1,0
718714,2023-04-04,2023,142,Minnesota Twins,146,Miami Marlins,0,1,1
718715,2023-04-04,2023,139,Tampa Bay Rays,120,Washington Nationals,10,6,0
718716,2023-04-04,2023,112,Chicago Cubs,113,Cincinnati Reds,12,5,0
718717,2023-04-04,2023,109,Arizona Diamondbacks,135,San Diego Padres,8,6,0
718689,2023-04-05,2023,114,Cleveland Guardians,133,Oakland Athletics,6,4,0
718691,2023-04-05,2023,108,Los Angeles Angels,136,Seattle Mariners,4,3,0
718692,2023-04-05,2023,141,Toronto Blue Jays,118,Kansas City Royals,3,0,0
718694,2023-04-05,2023,110,Baltimore Orioles,140,Texas Rangers,2,5,1
718695,2023-04-05,2023,137,San Francisco Giants,145,Chicago White Sox,3,7,1
718696,2023-04-05,2023,116,Detroit Tigers,117,Houston Astros,2,8,1
718697,2023-04-05,2023,144,Atlanta Braves,138,St. Louis Cardinals,5,2,0
718698,2023-04-05,2023,121,New York Mets,158,Milwaukee Brewers,6,7,1
718699,2023-04-05,2023,143,Philadelphia Phillies,147,New York Yankees,2,4,1
718701,2023-04-05,2023,142,Minnesota Twins,146,Miami Marlins,2,5,1
718702,2023-04-05,2023,134,Pittsburgh Pirates,111,Boston Red Sox,4,1,0
718704,2023-04-05,2023,139,Tampa Bay Rays,120,Washington Nationals,7,2,0
718681,2023-04-06,2023,135,San Diego Padres,144,Atlanta Braves,6,7,1
718682,2023-04-06,2023,120,Washington Nationals,115,Colorado Rockies,0,1,1
718683,2023-04-06,2023,119,Los Angeles Dodgers,109,Arizona Diamondbacks,5,2,0
718686,2023-04-06,2023,141,Toronto Blue Jays,118,Kansas City Royals,6,3,0
718687,2023-04-06,2023,137,San Francisco Giants,145,Chicago White Sox,16,6,0
718690,2023-04-06,2023,111,Boston Red Sox,116,Detroit Tigers,6,3,0
718670,2023-04-07,2023,141,Toronto Blue Jays,108,Los Angeles Angels,4,3,0
718671,2023-04-07,2023,119,Los Angeles Dodgers,109,Arizona Diamondbacks,3,6,1
718673,2023-04-07,2023,120,Washington Nationals,115,Colorado Rockies,10,5,0
718674,2023-04-07,2023,138,St. Louis Cardinals,158,Milwaukee Brewers,0,4,1
718675,2023-04-07,2023,140,Texas Rangers,112,Chicago Cubs,0,2,1
718676,2023-04-07,2023,135,San Diego Padres,144,Atlanta Braves,5,4,0
718677,2023-04-07,2023,136,Seattle Mariners,114,Cleveland Guardians,5,3,0
718678,2023-04-07,2023,133,Oakland Athletics,139,Tampa Bay Rays,5,9,1
718679,2023-04-07,2023,145,Chicago White Sox,134,Pittsburgh Pirates,9,13,1
718680,2023-04-07,2023,118,Kansas City Royals,137,San Francisco Giants,3,1,0
718684,2023-04-07,2023,117,Houston Astros,142,Minnesota Twins,2,3,1
718685,2023-04-07,2023,113,Cincinnati Reds,143,Philadelphia Phillies,2,5,1
718688,2023-04-07,2023,147,New York Yankees,110,Baltimore Orioles,6,7,1
718693,2023-04-07,2023,146,Miami Marlins,121,New York Mets,3,9,1
718656,2023-04-08,2023,119,Los Angeles Dodgers,109,Arizona Diamondbacks,8,12,1
718657,2023-04-08,2023,141,Toronto Blue Jays,108,Los Angeles Angels,5,9,1
718658,2023-04-08,2023,120,Washington Nationals,115,Colorado Rockies,7,6,0
718659,2023-04-08,2023,135,San Diego Padres,144,Atlanta Braves,4,1,0
718660,2023-04-08,2023,138,St. Louis Cardinals,158,Milwaukee Brewers,6,0,0
718661,2023-04-08,2023,146,Miami Marlins,121,New York Mets,2,5,1
718662,2023-04-08,2023,145,Chicago White Sox,134,Pittsburgh Pirates,11,5,0
718663,2023-04-08,2023,136,Seattle Mariners,114,Cleveland Guardians,3,2,0
718664,2023-04-08,2023,147,New York Yankees,110,Baltimore Orioles,4,1,0
718665,2023-04-08,2023,133,Oakland Athletics,139,Tampa Bay Rays,0,11,1
718666,2023-04-08,2023,117,Houston Astros,142,Minnesota Twins,6,9,1
718667,2023-04-08,2023,111,Boston Red Sox,116,Detroit Tigers,14,5,0
718668,2023-04-08,2023,113,Cincinnati Reds,143,Philadelphia Phillies,2,3,1
718669,2023-04-08,2023,140,Texas Rangers,112,Chicago Cubs,3,10,1
718672,2023-04-08,2023,118,Kansas City Royals,137,San Francisco Giants,6,5,0
718639,2023-04-09,2023,119,Los Angeles Dodgers,109,Arizona Diamondbacks,6,11,1
718642,2023-04-09,2023,140,Texas Rangers,112,Chicago Cubs,8,2,0
718643,2023-04-09,2023,118,Kansas City Royals,137,San Francisco Giants,1,3,1
718644,2023-04-09,2023,141,Toronto Blue Jays,108,Los Angeles Angels,12,11,0
718645,2023-04-09,2023,120,Washington Nationals,115,Colorado Rockies,6,7,1
718646,2023-04-09,2023,136,Seattle Mariners,114,Cleveland Guardians,6,7,1
718647,2023-04-09,2023,146,Miami Marlins,121,New York Mets,7,2,0
718648,2023-04-09,2023,135,San Diego Padres,144,Atlanta Braves,10,2,0
718649,2023-04-09,2023,117,Houston Astros,142,Minnesota Twins,5,1,0
718650,2023-04-09,2023,138,St. Louis Cardinals,158,Milwaukee Brewers,1,6,1
718651,2023-04-09,2023,147,New York Yankees,110,Baltimore Orioles,5,3,0
718652,2023-04-09,2023,113,Cincinnati Reds,143,Philadelphia Phillies,6,4,0
718653,2023-04-09,2023,145,Chicago White Sox,134,Pittsburgh Pirates,0,1,1
718654,2023-04-09,2023,111,Boston Red Sox,116,Detroit Tigers,4,1,0
718655,2023-04-09,2023,133,Oakland Athletics,139,Tampa Bay Rays,0,11,1
718627,2023-04-10,2023,158,Milwaukee Brewers,109,Arizona Diamondbacks,0,3,1
718628,2023-04-10,2023,136,Seattle Mariners,112,Chicago Cubs,2,3,1
718629,2023-04-10,2023,138,St. Louis Cardinals,115,Colorado Rockies,4,7,1
718630,2023-04-10,2023,118,Kansas City Royals,140,Texas Rangers,2,11,1
718631,2023-04-10,2023,120,Washington Nationals,108,Los Angeles Angels,6,4,0
718632,2023-04-10,2023,117,Houston Astros,134,Pittsburgh Pirates,8,2,0
718633,2023-04-10,2023,146,Miami Marlins,143,Philadelphia Phillies,3,15,1
718634,2023-04-10,2023,135,San Diego Padres,121,New York Mets,0,5,1
718635,2023-04-10,2023,133,Oakland Athletics,110,Baltimore Orioles,1,5,1
718636,2023-04-10,2023,113,Cincinnati Reds,144,Atlanta Braves,4,5,1
718637,2023-04-10,2023,147,New York Yankees,114,Cleveland Guardians,2,3,1
718638,2023-04-10,2023,111,Boston Red Sox,139,Tampa Bay Rays,0,1,1
718640,2023-04-10,2023,145,Chicago White Sox,142,Minnesota Twins,4,3,0
718641,2023-04-10,2023,119,Los Angeles Dodgers,137,San Francisco Giants,9,1,0
718611,2023-04-11,2023,158,Milwaukee Brewers,109,Arizona Diamondbacks,7,1,0
718613,2023-04-11,2023,138,St. Louis Cardinals,115,Colorado Rockies,9,6,0
718614,2023-04-11,2023,120,Washington Nationals,108,Los Angeles Angels,0,2,1
718615,2023-04-11,2023,118,Kansas City Royals,140,Texas Rangers,5,8,1
718616,2023-04-11,2023,145,Chicago White Sox,142,Minnesota Twins,3,4,1
718617,2023-04-11,2023,136,Seattle Mariners,112,Chicago Cubs,9,14,1
718618,2023-04-11,2023,133,Oakland Athletics,110,Baltimore Orioles,8,12,1
718619,2023-04-11,2023,146,Miami Marlins,143,Philadelphia Phillies,8,4,0
718620,2023-04-11,2023,113,Cincinnati Reds,144,Atlanta Braves,6,7,1
718621,2023-04-11,2023,135,San Diego Padres,121,New York Mets,4,2,0
718622,2023-04-11,2023,116,Detroit Tigers,141,Toronto Blue Jays,3,9,1
718623,2023-04-11,2023,117,Houston Astros,134,Pittsburgh Pirates,4,7,1
718624,2023-04-11,2023,119,Los Angeles Dodgers,137,San Francisco Giants,0,5,1
718625,2023-04-11,2023,111,Boston Red Sox,139,Tampa Bay Rays,2,7,1
718626,2023-04-11,2023,147,New York Yankees,114,Cleveland Guardians,11,2,0
718595,2023-04-12,2023,118,Kansas City Royals,140,Texas Rangers,10,1,0
718598,2023-04-12,2023,158,Milwaukee Brewers,109,Arizona Diamondbacks,3,7,1
718599,2023-04-12,2023,133,Oakland Athletics,110,Baltimore Orioles,8,4,0
718600,2023-04-12,2023,111,Boston Red Sox,139,Tampa Bay Rays,7,9,1
718601,2023-04-12,2023,113,Cincinnati Reds,144,Atlanta Braves,4,5,1
718602,2023-04-12,2023,120,Washington Nationals,108,Los Angeles Angels,2,3,1
718603,2023-04-12,2023,116,Detroit Tigers,141,Toronto Blue Jays,3,4,1
718604,2023-04-12,2023,147,New York Yankees,114,Cleveland Guardians,4,3,0
718605,2023-04-12,2023,145,Chicago White Sox,142,Minnesota Twins,1,3,1
718606,2023-04-12,2023,136,Seattle Mariners,112,Chicago Cubs,5,2,0
718607,2023-04-12,2023,138,St. Louis Cardinals,115,Colorado Rockies,7,4,0
718608,2023-04-12,2023,117,Houston Astros,134,Pittsburgh Pirates,7,0,0
718609,2023-04-12,2023,146,Miami Marlins,143,Philadelphia Phillies,3,2,0
718610,2023-04-12,2023,135,San Diego Padres,121,New York Mets,2,5,1
718612,2023-04-12,2023,119,Los Angeles Dodgers,137,San Francisco Giants,10,5,0
718589,2023-04-13,2023,158,Milwaukee Brewers,135,San Diego Padres,4,3,0
718590,2023-04-13,2023,142,Minnesota Twins,147,New York Yankees,11,2,0
718591,2023-04-13,2023,134,Pittsburgh Pirates,138,St. Louis Cardinals,5,0,0
718593,2023-04-13,2023,116,Detroit Tigers,141,Toronto Blue Jays,3,1,0
718594,2023-04-13,2023,111,Boston Red Sox,139,Tampa Bay Rays,3,9,1
718596,2023-04-13,2023,133,Oakland Athletics,110,Baltimore Orioles,7,8,1
718597,2023-04-13,2023,143,Philadelphia Phillies,113,Cincinnati Reds,2,6,1
718574,2023-04-14,2023,158,Milwaukee Brewers,135,San Diego Padres,11,2,0
718575,2023-04-14,2023,112,Chicago Cubs,119,Los Angeles Dodgers,8,2,0
718577,2023-04-14,2023,115,Colorado Rockies,136,Seattle Mariners,3,5,1
718578,2023-04-14,2023,121,New York Mets,133,Oakland Athletics,17,6,0
718579,2023-04-14,2023,144,Atlanta Braves,118,Kansas City Royals,10,3,0
718580,2023-04-14,2023,108,Los Angeles Angels,111,Boston Red Sox,3,5,1
718581,2023-04-14,2023,140,Texas Rangers,117,Houston Astros,6,2,0
718582,2023-04-14,2023,134,Pittsburgh Pirates,138,St. Louis Cardinals,0,3,1
718583,2023-04-14,2023,110,Baltimore Orioles,145,Chicago White Sox,6,3,0
718584,2023-04-14,2023,109,Arizona Diamondbacks,146,Miami Marlins,1,5,1
718585,2023-04-14,2023,137,San Francisco Giants,116,Detroit Tigers,5,7,1
718586,2023-04-14,2023,143,Philadelphia Phillies,113,Cincinnati Reds,8,3,0
718587,2023-04-14,2023,139,Tampa Bay Rays,141,Toronto Blue Jays,3,6,1
718588,2023-04-14,2023,142,Minnesota Twins,147,New York Yankees,4,3,0
718592,2023-04-14,2023,114,Cleveland Guardians,120,Washington Nationals,4,3,0
718560,2023-04-15,2023,158,Milwaukee Brewers,135,San Diego Padres,3,10,1
718561,2023-04-15,2023,115,Colorado Rockies,136,Seattle Mariners,2,9,1
718562,2023-04-15,2023,140,Texas Rangers,117,Houston Astros,2,8,1
718563,2023-04-15,2023,144,Atlanta Braves,118,Kansas City Royals,9,3,0
718564,2023-04-15,2023,112,Chicago Cubs,119,Los Angeles Dodgers,1,2,1
718565,2023-04-15,2023,121,New York Mets,133,Oakland Athletics,3,2,0
718566,2023-04-15,2023,143,Philadelphia Phillies,113,Cincinnati Reds,0,13,1
718567,2023-04-15,2023,109,Arizona Diamondbacks,146,Miami Marlins,2,3,1
718568,2023-04-15,2023,134,Pittsburgh Pirates,138,St. Louis Cardinals,6,3,0
718569,2023-04-15,2023,139,Tampa Bay Rays,141,Toronto Blue Jays,2,5,1
718570,2023-04-15,2023,110,Baltimore Orioles,145,Chicago White Sox,6,7,1
718571,2023-04-15,2023,137,San Francisco Giants,116,Detroit Tigers,6,7,1
718572,2023-04-15,2023,142,Minnesota Twins,147,New York Yankees,1,6,1
718573,2023-04-15,2023,114,Cleveland Guardians,120,Washington Nationals,6,4,0
718576,2023-04-15,2023,108,Los Angeles Angels,111,Boston Red Sox,7,9,1
718545,2023-04-16,2023,115,Colorado Rockies,136,Seattle Mariners,0,1,1
718546,2023-04-16,2023,121,New York Mets,133,Oakland Athletics,4,3,0
718547,2023-04-16,2023,112,Chicago Cubs,119,Los Angeles Dodgers,3,2,0
718548,2023-04-16,2023,134,Pittsburgh Pirates,138,St. Louis Cardinals,4,5,1
718549,2023-04-16,2023,158,Milwaukee Brewers,135,San Diego Padres,1,0,0
718550,2023-04-16,2023,109,Arizona Diamondbacks,146,Miami Marlins,5,0,0
718551,2023-04-16,2023,144,Atlanta Braves,118,Kansas City Royals,5,4,0
718552,2023-04-16,2023,140,Texas Rangers,117,Houston Astros,9,1,0
718553,2023-04-16,2023,110,Baltimore Orioles,145,Chicago White Sox,8,4,0
718554,2023-04-16,2023,143,Philadelphia Phillies,113,Cincinnati Reds,14,3,0
718555,2023-04-16,2023,114,Cleveland Guardians,120,Washington Nationals,6,7,1
718556,2023-04-16,2023,139,Tampa Bay Rays,141,Toronto Blue Jays,8,1,0
718557,2023-04-16,2023,142,Minnesota Twins,147,New York Yankees,0,2,1
718559,2023-04-16,2023,108,Los Angeles Angels,111,Boston Red Sox,1,2,1
718532,2023-04-17,2023,121,New York Mets,119,Los Angeles Dodgers,8,6,0
718533,2023-04-17,2023,144,Atlanta Braves,135,San Diego Padres,2,0,0
718534,2023-04-17,2023,158,Milwaukee Brewers,136,Seattle Mariners,7,3,0
718535,2023-04-17,2023,134,Pittsburgh Pirates,115,Colorado Rockies,14,3,0
718536,2023-04-17,2023,112,Chicago Cubs,133,Oakland Athletics,10,1,0
718537,2023-04-17,2023,141,Toronto Blue Jays,117,Houston Astros,2,9,1
718538,2023-04-17,2023,109,Arizona Diamondbacks,138,St. Louis Cardinals,6,3,0
718539,2023-04-17,2023,140,Texas Rangers,118,Kansas City Royals,4,0,0
718540,2023-04-17,2023,108,Los Angeles Angels,111,Boston Red Sox,5,4,0
718542,2023-04-17,2023,139,Tampa Bay Rays,113,Cincinnati Reds,1,8,1
718544,2023-04-17,2023,137,San Francisco Giants,146,Miami Marlins,3,4,1
718516,2023-04-18,2023,121,New York Mets,119,Los Angeles Dodgers,0,5,1
718517,2023-04-18,2023,158,Milwaukee Brewers,136,Seattle Mariners,6,5,0
718519,2023-04-18,2023,144,Atlanta Braves,135,San Diego Padres,8,1,0
718520,2023-04-18,2023,141,Toronto Blue Jays,117,Houston Astros,4,2,0
718521,2023-04-18,2023,134,Pittsburgh Pirates,115,Colorado Rockies,5,3,0
718522,2023-04-18,2023,140,Texas Rangers,118,Kansas City Royals,12,2,0
718523,2023-04-18,2023,112,Chicago Cubs,133,Oakland Athletics,4,0,0
718524,2023-04-18,2023,142,Minnesota Twins,111,Boston Red Sox,4,5,1
718525,2023-04-18,2023,143,Philadelphia Phillies,145,Chicago White Sox,7,4,0
718526,2023-04-18,2023,139,Tampa Bay Rays,113,Cincinnati Reds,10,0,0
718527,2023-04-18,2023,109,Arizona Diamondbacks,138,St. Louis Cardinals,8,7,0
718528,2023-04-18,2023,137,San Francisco Giants,146,Miami Marlins,2,4,1
718529,2023-04-18,2023,108,Los Angeles Angels,147,New York Yankees,5,2,0
718530,2023-04-18,2023,114,Cleveland Guardians,116,Detroit Tigers,3,4,1
718531,2023-04-18,2023,110,Baltimore Orioles,120,Washington Nationals,1,0,0
718541,2023-04-18,2023,114,Cleveland Guardians,116,Detroit Tigers,0,1,1
718543,2023-04-18,2023,143,Philadelphia Phillies,145,Chicago White Sox,0,3,1
718501,2023-04-19,2023,141,Toronto Blue Jays,117,Houston Astros,1,8,1
718502,2023-04-19,2023,158,Milwaukee Brewers,136,Seattle Mariners,5,3,0
718504,2023-04-19,2023,108,Los Angeles Angels,147,New York Yankees,2,3,1
718505,2023-04-19,2023,142,Minnesota Twins,111,Boston Red Sox,10,4,0
718506,2023-04-19,2023,112,Chicago Cubs,133,Oakland Athletics,12,2,0
718507,2023-04-19,2023,144,Atlanta Braves,135,San Diego Padres,0,1,1
718508,2023-04-19,2023,121,New York Mets,119,Los Angeles Dodgers,5,3,0
718509,2023-04-19,2023,134,Pittsburgh Pirates,115,Colorado Rockies,14,3,0
718510,2023-04-19,2023,143,Philadelphia Phillies,145,Chicago White Sox,5,2,0
718511,2023-04-19,2023,137,San Francisco Giants,146,Miami Marlins,5,2,0
718512,2023-04-19,2023,109,Arizona Diamondbacks,138,St. Louis Cardinals,5,14,1
718513,2023-04-19,2023,114,Cleveland Guardians,116,Detroit Tigers,3,2,0
718514,2023-04-19,2023,140,Texas Rangers,118,Kansas City Royals,12,3,0
718515,2023-04-19,2023,139,Tampa Bay Rays,113,Cincinnati Reds,8,0,0
718518,2023-04-19,2023,110,Baltimore Orioles,120,Washington Nationals,4,0,0
718494,2023-04-20,2023,135,San Diego Padres,109,Arizona Diamondbacks,7,5,0
718496,2023-04-20,2023,108,Los Angeles Angels,147,New York Yankees,3,9,1
718497,2023-04-20,2023,142,Minnesota Twins,111,Boston Red Sox,5,11,1
718498,2023-04-20,2023,115,Colorado Rockies,143,Philadelphia Phillies,5,0,0
718499,2023-04-20,2023,119,Los Angeles Dodgers,112,Chicago Cubs,6,2,0
718500,2023-04-20,2023,113,Cincinnati Reds,134,Pittsburgh Pirates,3,4,1
718503,2023-04-20,2023,121,New York Mets,137,San Francisco Giants,9,4,0
718480,2023-04-21,2023,121,New York Mets,137,San Francisco Giants,7,0,0
718481,2023-04-21,2023,138,St. Louis Cardinals,136,Seattle Mariners,2,5,1
718482,2023-04-21,2023,120,Washington Nationals,142,Minnesota Twins,3,2,0
718483,2023-04-21,2023,111,Boston Red Sox,158,Milwaukee Brewers,5,3,0
718484,2023-04-21,2023,135,San Diego Padres,109,Arizona Diamondbacks,0,9,1
718485,2023-04-21,2023,118,Kansas City Royals,108,Los Angeles Angels,0,2,1
718486,2023-04-21,2023,145,Chicago White Sox,139,Tampa Bay Rays,7,8,1
718487,2023-04-21,2023,141,Toronto Blue Jays,147,New York Yankees,6,1,0
718489,2023-04-21,2023,117,Houston Astros,144,Atlanta Braves,6,4,0
718490,2023-04-21,2023,133,Oakland Athletics,140,Texas Rangers,5,4,0
718491,2023-04-21,2023,119,Los Angeles Dodgers,112,Chicago Cubs,0,13,1
718492,2023-04-21,2023,113,Cincinnati Reds,134,Pittsburgh Pirates,2,4,1
718493,2023-04-21,2023,115,Colorado Rockies,143,Philadelphia Phillies,3,4,1
718495,2023-04-21,2023,116,Detroit Tigers,110,Baltimore Orioles,1,2,1
718464,2023-04-22,2023,138,St. Louis Cardinals,136,Seattle Mariners,4,5,1
718466,2023-04-22,2023,118,Kansas City Royals,108,Los Angeles Angels,11,8,0
718467,2023-04-22,2023,135,San Diego Padres,109,Arizona Diamondbacks,5,3,0
718468,2023-04-22,2023,120,Washington Nationals,142,Minnesota Twins,10,4,0
718469,2023-04-22,2023,133,Oakland Athletics,140,Texas Rangers,3,18,1
718470,2023-04-22,2023,111,Boston Red Sox,158,Milwaukee Brewers,4,5,1
718471,2023-04-22,2023,117,Houston Astros,144,Atlanta Braves,6,3,0
718472,2023-04-22,2023,116,Detroit Tigers,110,Baltimore Orioles,1,5,1
718473,2023-04-22,2023,146,Miami Marlins,114,Cleveland Guardians,6,1,0
718474,2023-04-22,2023,113,Cincinnati Reds,134,Pittsburgh Pirates,1,2,1
718475,2023-04-22,2023,115,Colorado Rockies,143,Philadelphia Phillies,3,4,1
718476,2023-04-22,2023,141,Toronto Blue Jays,147,New York Yankees,2,3,1
718477,2023-04-22,2023,145,Chicago White Sox,139,Tampa Bay Rays,3,4,1
718478,2023-04-22,2023,121,New York Mets,137,San Francisco Giants,4,7,1
718479,2023-04-22,2023,119,Los Angeles Dodgers,112,Chicago Cubs,9,4,0
718488,2023-04-22,2023,146,Miami Marlins,114,Cleveland Guardians,3,2,0
718450,2023-04-23,2023,138,St. Louis Cardinals,136,Seattle Mariners,7,3,0
718451,2023-04-23,2023,119,Los Angeles Dodgers,112,Chicago Cubs,7,3,0
718452,2023-04-23,2023,118,Kansas City Royals,108,Los Angeles Angels,3,4,1
718453,2023-04-23,2023,133,Oakland Athletics,140,Texas Rangers,2,5,1
718454,2023-04-23,2023,120,Washington Nationals,142,Minnesota Twins,1,3,1
718455,2023-04-23,2023,121,New York Mets,137,San Francisco Giants,4,5,1
718456,2023-04-23,2023,135,San Diego Padres,109,Arizona Diamondbacks,7,5,0
718457,2023-04-23,2023,145,Chicago White Sox,139,Tampa Bay Rays,1,4,1
718458,2023-04-23,2023,115,Colorado Rockies,143,Philadelphia Phillies,3,9,1
718459,2023-04-23,2023,116,Detroit Tigers,110,Baltimore Orioles,1,2,1
718460,2023-04-23,2023,146,Miami Marlins,114,Cleveland Guardians,4,7,1
718461,2023-04-23,2023,111,Boston Red Sox,158,Milwaukee Brewers,12,5,0
718462,2023-04-23,2023,117,Houston Astros,144,Atlanta Braves,5,2,0
718463,2023-04-23,2023,113,Cincinnati Reds,134,Pittsburgh Pirates,0,2,1
718465,2023-04-23,2023,141,Toronto Blue Jays,147,New York Yankees,5,1,0
718437,2023-04-24,2023,133,Oakland Athletics,108,Los Angeles Angels,11,10,0
718438,2023-04-24,2023,118,Kansas City Royals,109,Arizona Diamondbacks,4,5,1
718441,2023-04-24,2023,116,Detroit Tigers,158,Milwaukee Brewers,4,2,0
718442,2023-04-24,2023,147,New York Yankees,142,Minnesota Twins,1,6,1
718443,2023-04-24,2023,146,Miami Marlins,144,Atlanta Braves,0,11,1
718444,2023-04-24,2023,145,Chicago White Sox,141,Toronto Blue Jays,2,5,1
718445,2023-04-24,2023,140,Texas Rangers,113,Cincinnati Reds,6,7,1
718446,2023-04-24,2023,138,St. Louis Cardinals,137,San Francisco Giants,0,4,1
718447,2023-04-24,2023,111,Boston Red Sox,110,Baltimore Orioles,4,5,1
718448,2023-04-24,2023,115,Colorado Rockies,114,Cleveland Guardians,6,0,0
718449,2023-04-24,2023,117,Houston Astros,139,Tampa Bay Rays,3,8,1
718422,2023-04-25,2023,118,Kansas City Royals,109,Arizona Diamondbacks,5,4,0
718425,2023-04-25,2023,133,Oakland Athletics,108,Los Angeles Angels,3,5,1
718426,2023-04-25,2023,135,San Diego Padres,112,Chicago Cubs,0,6,1
718427,2023-04-25,2023,147,New York Yankees,142,Minnesota Twins,2,6,1
718428,2023-04-25,2023,116,Detroit Tigers,158,Milwaukee Brewers,4,3,0
718429,2023-04-25,2023,146,Miami Marlins,144,Atlanta Braves,4,7,1
718430,2023-04-25,2023,136,Seattle Mariners,143,Philadelphia Phillies,5,3,0
718431,2023-04-25,2023,120,Washington Nationals,121,New York Mets,5,0,0
718432,2023-04-25,2023,119,Los Angeles Dodgers,134,Pittsburgh Pirates,8,7,0
718433,2023-04-25,2023,145,Chicago White Sox,141,Toronto Blue Jays,0,7,1
718434,2023-04-25,2023,140,Texas Rangers,113,Cincinnati Reds,6,7,1
718435,2023-04-25,2023,111,Boston Red Sox,110,Baltimore Orioles,8,6,0
718436,2023-04-25,2023,117,Houston Astros,139,Tampa Bay Rays,5,0,0
718439,2023-04-25,2023,138,St. Louis Cardinals,137,San Francisco Giants,4,5,1
718440,2023-04-25,2023,115,Colorado Rockies,114,Cleveland Guardians,5,1,0
718407,2023-04-26,2023,135,San Diego Padres,112,Chicago Cubs,5,3,0
718408,2023-04-26,2023,133,Oakland Athletics,108,Los Angeles Angels,3,11,1
718411,2023-04-26,2023,146,Miami Marlins,144,Atlanta Braves,4,6,1
718412,2023-04-26,2023,120,Washington Nationals,121,New York Mets,4,1,0
718413,2023-04-26,2023,119,Los Angeles Dodgers,134,Pittsburgh Pirates,1,8,1
718414,2023-04-26,2023,117,Houston Astros,139,Tampa Bay Rays,1,0,0
718415,2023-04-26,2023,136,Seattle Mariners,143,Philadelphia Phillies,5,6,1
718416,2023-04-26,2023,111,Boston Red Sox,110,Baltimore Orioles,2,6,1
718417,2023-04-26,2023,147,New York Yankees,142,Minnesota Twins,12,6,0
718418,2023-04-26,2023,118,Kansas City Royals,109,Arizona Diamondbacks,0,2,1
718419,2023-04-26,2023,116,Detroit Tigers,158,Milwaukee Brewers,2,6,1
718420,2023-04-26,2023,145,Chicago White Sox,141,Toronto Blue Jays,0,8,1
718421,2023-04-26,2023,115,Colorado Rockies,114,Cleveland Guardians,1,4,1
718423,2023-04-26,2023,138,St. Louis Cardinals,137,San Francisco Giants,3,7,1
718424,2023-04-26,2023,140,Texas Rangers,113,Cincinnati Reds,3,5,1
718396,2023-04-27,2023,139,Tampa Bay Rays,145,Chicago White Sox,14,5,0
718397,2023-04-27,2023,147,New York Yankees,140,Texas Rangers,4,2,0
718398,2023-04-27,2023,120,Washington Nationals,121,New York Mets,8,9,1
718400,2023-04-27,2023,118,Kansas City Royals,142,Minnesota Twins,1,7,1
718402,2023-04-27,2023,133,Oakland Athletics,108,Los Angeles Angels,7,8,1
718403,2023-04-27,2023,119,Los Angeles Dodgers,134,Pittsburgh Pirates,2,6,1
718404,2023-04-27,2023,136,Seattle Mariners,143,Philadelphia Phillies,0,1,1
718405,2023-04-27,2023,110,Baltimore Orioles,116,Detroit Tigers,7,4,0
718406,2023-04-27,2023,135,San Diego Padres,112,Chicago Cubs,2,5,1
718409,2023-04-27,2023,138,St. Louis Cardinals,137,San Francisco Giants,6,0,0
718410,2023-04-27,2023,146,Miami Marlins,144,Atlanta Braves,5,4,0
718380,2023-04-28,2023,113,Cincinnati Reds,133,Oakland Athletics,11,7,0
718382,2023-04-28,2023,138,St. Louis Cardinals,119,Los Angeles Dodgers,3,7,1
718386,2023-04-28,2023,108,Los Angeles Angels,158,Milwaukee Brewers,1,2,1
718387,2023-04-28,2023,118,Kansas City Royals,142,Minnesota Twins,6,8,1
718388,2023-04-28,2023,147,New York Yankees,140,Texas Rangers,2,5,1
718389,2023-04-28,2023,143,Philadelphia Phillies,117,Houston Astros,3,1,0
718390,2023-04-28,2023,109,Arizona Diamondbacks,115,Colorado Rockies,9,1,0
718391,2023-04-28,2023,112,Chicago Cubs,146,Miami Marlins,2,3,1
718392,2023-04-28,2023,136,Seattle Mariners,141,Toronto Blue Jays,2,3,1
718393,2023-04-28,2023,139,Tampa Bay Rays,145,Chicago White Sox,3,2,0
718394,2023-04-28,2023,144,Atlanta Braves,121,New York Mets,4,0,0
718395,2023-04-28,2023,114,Cleveland Guardians,111,Boston Red Sox,5,2,0
718366,2023-04-29,2023,109,Arizona Diamondbacks,115,Colorado Rockies,11,4,0
718369,2023-04-29,2023,138,St. Louis Cardinals,119,Los Angeles Dodgers,0,1,1
718372,2023-04-29,2023,143,Philadelphia Phillies,117,Houston Astros,6,1,0
718373,2023-04-29,2023,139,Tampa Bay Rays,145,Chicago White Sox,12,3,0
718374,2023-04-29,2023,147,New York Yankees,140,Texas Rangers,0,2,1
718375,2023-04-29,2023,112,Chicago Cubs,146,Miami Marlins,6,7,1
718376,2023-04-29,2023,108,Los Angeles Angels,158,Milwaukee Brewers,5,7,1
718377,2023-04-29,2023,113,Cincinnati Reds,133,Oakland Athletics,3,2,0
718378,2023-04-29,2023,118,Kansas City Royals,142,Minnesota Twins,3,2,0
718379,2023-04-29,2023,136,Seattle Mariners,141,Toronto Blue Jays,0,1,1
718381,2023-04-29,2023,110,Baltimore Orioles,116,Detroit Tigers,4,7,1
718383,2023-04-29,2023,134,Pittsburgh Pirates,120,Washington Nationals,6,3,0
718384,2023-04-29,2023,137,San Francisco Giants,135,San Diego Padres,11,16,1
718385,2023-04-29,2023,114,Cleveland Guardians,111,Boston Red Sox,7,8,1
718399,2023-04-29,2023,134,Pittsburgh Pirates,120,Washington Nationals,16,1,0
718401,2023-04-29,2023,110,Baltimore Orioles,116,Detroit Tigers,6,4,0
718354,2023-04-30,2023,143,Philadelphia Phillies,117,Houston Astros,3,4,1
718355,2023-04-30,2023,139,Tampa Bay Rays,145,Chicago White Sox,9,12,1
718356,2023-04-30,2023,147,New York Yankees,140,Texas Rangers,2,15,1
718357,2023-04-30,2023,113,Cincinnati Reds,133,Oakland Athletics,4,5,1
718358,2023-04-30,2023,109,Arizona Diamondbacks,115,Colorado Rockies,4,12,1
718359,2023-04-30,2023,138,St. Louis Cardinals,119,Los Angeles Dodgers,3,6,1
718360,2023-04-30,2023,110,Baltimore Orioles,116,Detroit Tigers,5,3,0
718362,2023-04-30,2023,118,Kansas City Royals,142,Minnesota Twins,4,8,1
718363,2023-04-30,2023,136,Seattle Mariners,141,Toronto Blue Jays,10,8,0
718364,2023-04-30,2023,112,Chicago Cubs,146,Miami Marlins,3,4,1
718365,2023-04-30,2023,108,Los Angeles Angels,158,Milwaukee Brewers,3,0,0
718367,2023-04-30,2023,134,Pittsburgh Pirates,120,Washington Nationals,2,7,1
718368,2023-04-30,2023,137,San Francisco Giants,135,San Diego Padres,4,6,1
718370,2023-04-30,2023,114,Cleveland Guardians,111,Boston Red Sox,1,7,1
718343,2023-05-01,2023,143,Philadelphia Phillies,119,Los Angeles Dodgers,4,13,1
718345,2023-05-01,2023,113,Cincinnati Reds,135,San Diego Padres,3,8,1
718349,2023-05-01,2023,112,Chicago Cubs,120,Washington Nationals,5,1,0
718350,2023-05-01,2023,137,San Francisco Giants,117,Houston Astros,3,7,1
718351,2023-05-01,2023,114,Cleveland Guardians,147,New York Yankees,3,2,0
718352,2023-05-01,2023,144,Atlanta Braves,121,New York Mets,9,8,0
718353,2023-05-01,2023,141,Toronto Blue Jays,111,Boston Red Sox,5,6,1
718361,2023-05-01,2023,144,Atlanta Braves,121,New York Mets,3,5,1
718331,2023-05-02,2023,143,Philadelphia Phillies,119,Los Angeles Dodgers,1,13,1
718332,2023-05-02,2023,136,Seattle Mariners,133,Oakland Athletics,2,1,0
718334,2023-05-02,2023,158,Milwaukee Brewers,115,Colorado Rockies,2,3,1
718335,2023-05-02,2023,113,Cincinnati Reds,135,San Diego Padres,2,1,0
718336,2023-05-02,2023,110,Baltimore Orioles,118,Kansas City Royals,11,7,0
718337,2023-05-02,2023,137,San Francisco Giants,117,Houston Astros,2,0,0
718338,2023-05-02,2023,108,Los Angeles Angels,138,St. Louis Cardinals,5,1,0
718339,2023-05-02,2023,114,Cleveland Guardians,147,New York Yankees,2,4,1
718340,2023-05-02,2023,142,Minnesota Twins,145,Chicago White Sox,2,3,1
718341,2023-05-02,2023,141,Toronto Blue Jays,111,Boston Red Sox,6,7,1
718342,2023-05-02,2023,109,Arizona Diamondbacks,140,Texas Rangers,4,6,1
718344,2023-05-02,2023,112,Chicago Cubs,120,Washington Nationals,1,4,1
718346,2023-05-02,2023,144,Atlanta Braves,146,Miami Marlins,6,0,0
718347,2023-05-02,2023,134,Pittsburgh Pirates,139,Tampa Bay Rays,1,4,1
718314,2023-05-03,2023,110,Baltimore Orioles,118,Kansas City Royals,0,6,1
718315,2023-05-03,2023,158,Milwaukee Brewers,115,Colorado Rockies,1,7,1
718319,2023-05-03,2023,136,Seattle Mariners,133,Oakland Athletics,7,2,0
718320,2023-05-03,2023,108,Los Angeles Angels,138,St. Louis Cardinals,6,4,0
718321,2023-05-03,2023,144,Atlanta Braves,146,Miami Marlins,14,6,0
718322,2023-05-03,2023,142,Minnesota Twins,145,Chicago White Sox,4,6,1
718323,2023-05-03,2023,141,Toronto Blue Jays,111,Boston Red Sox,3,8,1
718324,2023-05-03,2023,114,Cleveland Guardians,147,New York Yankees,3,4,1
718325,2023-05-03,2023,109,Arizona Diamondbacks,140,Texas Rangers,12,7,0
718326,2023-05-03,2023,137,San Francisco Giants,117,Houston Astros,4,2,0
718327,2023-05-03,2023,143,Philadelphia Phillies,119,Los Angeles Dodgers,6,10,1
718328,2023-05-03,2023,134,Pittsburgh Pirates,139,Tampa Bay Rays,1,8,1
718329,2023-05-03,2023,121,New York Mets,116,Detroit Tigers,1,8,1
718330,2023-05-03,2023,113,Cincinnati Reds,135,San Diego Padres,1,7,1
718333,2023-05-03,2023,112,Chicago Cubs,120,Washington Nationals,1,2,1
718348,2023-05-03,2023,121,New York Mets,116,Detroit Tigers,5,6,1
718304,2023-05-04,2023,136,Seattle Mariners,133,Oakland Athletics,5,3,0
718308,2023-05-04,2023,144,Atlanta Braves,146,Miami Marlins,6,3,0
718309,2023-05-04,2023,134,Pittsburgh Pirates,139,Tampa Bay Rays,2,3,1
718310,2023-05-04,2023,142,Minnesota Twins,145,Chicago White Sox,7,3,0
718311,2023-05-04,2023,108,Los Angeles Angels,138,St. Louis Cardinals,11,7,0
718312,2023-05-04,2023,110,Baltimore Orioles,118,Kansas City Royals,13,10,0
718313,2023-05-04,2023,158,Milwaukee Brewers,115,Colorado Rockies,6,9,1
718316,2023-05-04,2023,141,Toronto Blue Jays,111,Boston Red Sox,5,11,1
718317,2023-05-04,2023,112,Chicago Cubs,120,Washington Nationals,3,4,1
718318,2023-05-04,2023,121,New York Mets,116,Detroit Tigers,0,2,1
718292,2023-05-05,2023,116,Detroit Tigers,138,St. Louis Cardinals,5,4,0
718293,2023-05-05,2023,158,Milwaukee Brewers,137,San Francisco Giants,4,6,1
718294,2023-05-05,2023,140,Texas Rangers,108,Los Angeles Angels,4,5,1
718295,2023-05-05,2023,119,Los Angeles Dodgers,135,San Diego Padres,2,5,1
718296,2023-05-05,2023,120,Washington Nationals,109,Arizona Diamondbacks,1,3,1
718297,2023-05-05,2023,117,Houston Astros,136,Seattle Mariners,6,4,0
718298,2023-05-05,2023,110,Baltimore Orioles,144,Atlanta Braves,9,4,0
718299,2023-05-05,2023,133,Oakland Athletics,118,Kansas City Royals,12,8,0
718300,2023-05-05,2023,147,New York Yankees,139,Tampa Bay Rays,4,5,1
718301,2023-05-05,2023,111,Boston Red Sox,143,Philadelphia Phillies,5,3,0
718302,2023-05-05,2023,115,Colorado Rockies,121,New York Mets,0,1,1
718303,2023-05-05,2023,146,Miami Marlins,112,Chicago Cubs,1,4,1
718305,2023-05-05,2023,145,Chicago White Sox,113,Cincinnati Reds,5,4,0
718306,2023-05-05,2023,142,Minnesota Twins,114,Cleveland Guardians,2,0,0
718307,2023-05-05,2023,141,Toronto Blue Jays,134,Pittsburgh Pirates,4,0,0
718274,2023-05-06,2023,117,Houston Astros,136,Seattle Mariners,5,7,1
718275,2023-05-06,2023,140,Texas Rangers,108,Los Angeles Angels,10,1,0
718279,2023-05-06,2023,119,Los Angeles Dodgers,135,San Diego Padres,2,1,0
718280,2023-05-06,2023,133,Oakland Athletics,118,Kansas City Royals,5,4,0
718281,2023-05-06,2023,145,Chicago White Sox,113,Cincinnati Reds,3,5,1
718282,2023-05-06,2023,120,Washington Nationals,109,Arizona Diamondbacks,7,8,1
718283,2023-05-06,2023,110,Baltimore Orioles,144,Atlanta Braves,4,5,1
718284,2023-05-06,2023,111,Boston Red Sox,143,Philadelphia Phillies,7,4,0
718285,2023-05-06,2023,142,Minnesota Twins,114,Cleveland Guardians,3,4,1
718286,2023-05-06,2023,141,Toronto Blue Jays,134,Pittsburgh Pirates,8,2,0
718287,2023-05-06,2023,158,Milwaukee Brewers,137,San Francisco Giants,1,4,1
718288,2023-05-06,2023,116,Detroit Tigers,138,St. Louis Cardinals,6,5,0
718289,2023-05-06,2023,146,Miami Marlins,112,Chicago Cubs,2,4,1
718290,2023-05-06,2023,115,Colorado Rockies,121,New York Mets,5,2,0
718291,2023-05-06,2023,147,New York Yankees,139,Tampa Bay Rays,3,2,0
718262,2023-05-07,2023,145,Chicago White Sox,113,Cincinnati Reds,17,4,0
718263,2023-05-07,2023,120,Washington Nationals,109,Arizona Diamondbacks,9,8,0
718264,2023-05-07,2023,140,Texas Rangers,108,Los Angeles Angels,16,8,0
718265,2023-05-07,2023,117,Houston Astros,136,Seattle Mariners,1,3,1
718266,2023-05-07,2023,119,Los Angeles Dodgers,135,San Diego Padres,5,2,0
718267,2023-05-07,2023,158,Milwaukee Brewers,137,San Francisco Giants,7,3,0
718268,2023-05-07,2023,133,Oakland Athletics,118,Kansas City Royals,1,5,1
718269,2023-05-07,2023,146,Miami Marlins,112,Chicago Cubs,5,4,0
718270,2023-05-07,2023,111,Boston Red Sox,143,Philadelphia Phillies,1,6,1
718271,2023-05-07,2023,147,New York Yankees,139,Tampa Bay Rays,7,8,1
718272,2023-05-07,2023,116,Detroit Tigers,138,St. Louis Cardinals,6,12,1
718273,2023-05-07,2023,142,Minnesota Twins,114,Cleveland Guardians,0,2,1
718276,2023-05-07,2023,115,Colorado Rockies,121,New York Mets,13,6,0
718277,2023-05-07,2023,110,Baltimore Orioles,144,Atlanta Braves,2,3,1
718278,2023-05-07,2023,141,Toronto Blue Jays,134,Pittsburgh Pirates,10,1,0
718249,2023-05-08,2023,146,Miami Marlins,109,Arizona Diamondbacks,2,5,1
718251,2023-05-08,2023,140,Texas Rangers,136,Seattle Mariners,2,1,0
718253,2023-05-08,2023,145,Chicago White Sox,118,Kansas City Royals,5,12,1
718254,2023-05-08,2023,117,Houston Astros,108,Los Angeles Angels,4,6,1
718255,2023-05-08,2023,133,Oakland Athletics,147,New York Yankees,2,7,1
718256,2023-05-08,2023,138,St. Louis Cardinals,112,Chicago Cubs,3,1,0
718257,2023-05-08,2023,119,Los Angeles Dodgers,158,Milwaukee Brewers,3,9,1
718258,2023-05-08,2023,115,Colorado Rockies,134,Pittsburgh Pirates,0,2,1
718259,2023-05-08,2023,139,Tampa Bay Rays,110,Baltimore Orioles,3,0,0
718260,2023-05-08,2023,120,Washington Nationals,137,San Francisco Giants,5,1,0
718261,2023-05-08,2023,116,Detroit Tigers,114,Cleveland Guardians,6,2,0
718236,2023-05-09,2023,146,Miami Marlins,109,Arizona Diamondbacks,6,2,0
718237,2023-05-09,2023,117,Houston Astros,108,Los Angeles Angels,3,1,0
718238,2023-05-09,2023,145,Chicago White Sox,118,Kansas City Royals,4,2,0
718239,2023-05-09,2023,140,Texas Rangers,136,Seattle Mariners,0,5,1
718240,2023-05-09,2023,138,St. Louis Cardinals,112,Chicago Cubs,6,4,0
718241,2023-05-09,2023,119,Los Angeles Dodgers,158,Milwaukee Brewers,6,2,0
718242,2023-05-09,2023,135,San Diego Padres,142,Minnesota Twins,6,1,0
718243,2023-05-09,2023,121,New York Mets,113,Cincinnati Reds,6,7,1
718244,2023-05-09,2023,141,Toronto Blue Jays,143,Philadelphia Phillies,4,8,1
718245,2023-05-09,2023,111,Boston Red Sox,144,Atlanta Braves,3,9,1
718246,2023-05-09,2023,139,Tampa Bay Rays,110,Baltimore Orioles,2,4,1
718247,2023-05-09,2023,133,Oakland Athletics,147,New York Yankees,5,10,1
718248,2023-05-09,2023,116,Detroit Tigers,114,Cleveland Guardians,0,2,1
718250,2023-05-09,2023,120,Washington Nationals,137,San Francisco Giants,1,4,1
718252,2023-05-09,2023,115,Colorado Rockies,134,Pittsburgh Pirates,10,1,0
718220,2023-05-10,2023,111,Boston Red Sox,144,Atlanta Braves,5,2,0
718221,2023-05-10,2023,138,St. Louis Cardinals,112,Chicago Cubs,4,10,1
718222,2023-05-10,2023,145,Chicago White Sox,118,Kansas City Royals,1,9,1
718224,2023-05-10,2023,135,San Diego Padres,142,Minnesota Twins,3,4,1
718225,2023-05-10,2023,121,New York Mets,113,Cincinnati Reds,2,1,0
718226,2023-05-10,2023,146,Miami Marlins,109,Arizona Diamondbacks,5,4,0
718227,2023-05-10,2023,139,Tampa Bay Rays,110,Baltimore Orioles,1,2,1
718228,2023-05-10,2023,119,Los Angeles Dodgers,158,Milwaukee Brewers,8,1,0
718229,2023-05-10,2023,140,Texas Rangers,136,Seattle Mariners,4,3,0
718230,2023-05-10,2023,120,Washington Nationals,137,San Francisco Giants,11,6,0
718231,2023-05-10,2023,115,Colorado Rockies,134,Pittsburgh Pirates,4,3,0
718232,2023-05-10,2023,133,Oakland Athletics,147,New York Yankees,3,11,1
718233,2023-05-10,2023,141,Toronto Blue Jays,143,Philadelphia Phillies,1,2,1
718234,2023-05-10,2023,116,Detroit Tigers,114,Cleveland Guardians,5,0,0
718235,2023-05-10,2023,117,Houston Astros,108,Los Angeles Angels,5,4,0
718215,2023-05-11,2023,137,San Francisco Giants,109,Arizona Diamondbacks,6,2,0
718216,2023-05-11,2023,135,San Diego Padres,142,Minnesota Twins,3,5,1
718217,2023-05-11,2023,140,Texas Rangers,133,Oakland Athletics,4,0,0
718218,2023-05-11,2023,145,Chicago White Sox,118,Kansas City Royals,3,4,1
718219,2023-05-11,2023,139,Tampa Bay Rays,147,New York Yankees,8,2,0
718223,2023-05-11,2023,121,New York Mets,113,Cincinnati Reds,0,5,1
718199,2023-05-12,2023,137,San Francisco Giants,109,Arizona Diamondbacks,5,7,1
718200,2023-05-12,2023,140,Texas Rangers,133,Oakland Athletics,7,9,1
718201,2023-05-12,2023,135,San Diego Padres,119,Los Angeles Dodgers,2,4,1
718202,2023-05-12,2023,143,Philadelphia Phillies,115,Colorado Rockies,6,3,0
718204,2023-05-12,2023,118,Kansas City Royals,158,Milwaukee Brewers,1,5,1
718205,2023-05-12,2023,108,Los Angeles Angels,114,Cleveland Guardians,5,4,0
718206,2023-05-12,2023,144,Atlanta Braves,141,Toronto Blue Jays,0,3,1
718207,2023-05-12,2023,117,Houston Astros,145,Chicago White Sox,5,1,0
718208,2023-05-12,2023,136,Seattle Mariners,116,Detroit Tigers,9,2,0
718209,2023-05-12,2023,112,Chicago Cubs,142,Minnesota Twins,6,2,0
718210,2023-05-12,2023,139,Tampa Bay Rays,147,New York Yankees,5,6,1
718211,2023-05-12,2023,138,St. Louis Cardinals,111,Boston Red Sox,8,6,0
718212,2023-05-12,2023,113,Cincinnati Reds,146,Miami Marlins,7,4,0
718213,2023-05-12,2023,134,Pittsburgh Pirates,110,Baltimore Orioles,3,6,1
718214,2023-05-12,2023,121,New York Mets,120,Washington Nationals,3,2,0
718183,2023-05-13,2023,118,Kansas City Royals,158,Milwaukee Brewers,3,4,1
718184,2023-05-13,2023,137,San Francisco Giants,109,Arizona Diamondbacks,2,7,1
718185,2023-05-13,2023,135,San Diego Padres,119,Los Angeles Dodgers,2,4,1
718188,2023-05-13,2023,143,Philadelphia Phillies,115,Colorado Rockies,7,4,0
718189,2023-05-13,2023,117,Houston Astros,145,Chicago White Sox,1,3,1
718190,2023-05-13,2023,140,Texas Rangers,133,Oakland Athletics,5,0,0
718191,2023-05-13,2023,108,Los Angeles Angels,114,Cleveland Guardians,6,8,1
718192,2023-05-13,2023,144,Atlanta Braves,141,Toronto Blue Jays,2,5,1
718193,2023-05-13,2023,134,Pittsburgh Pirates,110,Baltimore Orioles,0,2,1
718194,2023-05-13,2023,136,Seattle Mariners,116,Detroit Tigers,5,0,0
718195,2023-05-13,2023,112,Chicago Cubs,142,Minnesota Twins,1,11,1
718196,2023-05-13,2023,138,St. Louis Cardinals,111,Boston Red Sox,4,3,0
718197,2023-05-13,2023,139,Tampa Bay Rays,147,New York Yankees,8,9,1
718198,2023-05-13,2023,113,Cincinnati Reds,146,Miami Marlins,6,5,0
718203,2023-05-13,2023,121,New York Mets,120,Washington Nationals,2,3,1
718203,2023-05-13,2023,121,New York Mets,120,Washington Nationals,2,3,1
718168,2023-05-14,2023,135,San Diego Padres,119,Los Angeles Dodgers,0,4,1
718169,2023-05-14,2023,137,San Francisco Giants,109,Arizona Diamondbacks,1,2,1
718172,2023-05-14,2023,140,Texas Rangers,133,Oakland Athletics,11,3,0
718173,2023-05-14,2023,136,Seattle Mariners,116,Detroit Tigers,3,5,1
718174,2023-05-14,2023,143,Philadelphia Phillies,115,Colorado Rockies,0,4,1
718175,2023-05-14,2023,112,Chicago Cubs,142,Minnesota Twins,3,16,1
718176,2023-05-14,2023,117,Houston Astros,145,Chicago White Sox,4,3,0
718177,2023-05-14,2023,118,Kansas City Royals,158,Milwaukee Brewers,6,9,1
718178,2023-05-14,2023,113,Cincinnati Reds,146,Miami Marlins,1,3,1
718179,2023-05-14,2023,134,Pittsburgh Pirates,110,Baltimore Orioles,4,0,0
718180,2023-05-14,2023,139,Tampa Bay Rays,147,New York Yankees,8,7,0
718181,2023-05-14,2023,144,Atlanta Braves,141,Toronto Blue Jays,5,6,1
718182,2023-05-14,2023,108,Los Angeles Angels,114,Cleveland Guardians,3,4,1
718186,2023-05-14,2023,121,New York Mets,120,Washington Nationals,8,2,0
718187,2023-05-14,2023,138,St. Louis Cardinals,111,Boston Red Sox,9,1,0
718158,2023-05-15,2023,112,Chicago Cubs,117,Houston Astros,4,6,1
718159,2023-05-15,2023,142,Minnesota Twins,119,Los Angeles Dodgers,8,9,1
718160,2023-05-15,2023,109,Arizona Diamondbacks,133,Oakland Athletics,5,2,0
718161,2023-05-15,2023,113,Cincinnati Reds,115,Colorado Rockies,8,9,1
718162,2023-05-15,2023,118,Kansas City Royals,135,San Diego Padres,0,4,1
718163,2023-05-15,2023,136,Seattle Mariners,111,Boston Red Sox,10,1,0
718164,2023-05-15,2023,147,New York Yankees,141,Toronto Blue Jays,7,4,0
718165,2023-05-15,2023,144,Atlanta Braves,140,Texas Rangers,12,0,0
718166,2023-05-15,2023,158,Milwaukee Brewers,138,St. Louis Cardinals,1,18,1
718167,2023-05-15,2023,121,New York Mets,120,Washington Nationals,3,10,1
718170,2023-05-15,2023,143,Philadelphia Phillies,137,San Francisco Giants,3,6,1
718171,2023-05-15,2023,108,Los Angeles Angels,110,Baltimore Orioles,9,5,0
718141,2023-05-16,2023,142,Minnesota Twins,119,Los Angeles Dodgers,5,1,0
718144,2023-05-16,2023,118,Kansas City Royals,135,San Diego Padres,5,4,0
718145,2023-05-16,2023,113,Cincinnati Reds,115,Colorado Rockies,3,1,0
718146,2023-05-16,2023,109,Arizona Diamondbacks,133,Oakland Athletics,8,9,1
718147,2023-05-16,2023,114,Cleveland Guardians,145,Chicago White Sox,3,8,1
718148,2023-05-16,2023,144,Atlanta Braves,140,Texas Rangers,4,7,1
718149,2023-05-16,2023,136,Seattle Mariners,111,Boston Red Sox,4,9,1
718150,2023-05-16,2023,139,Tampa Bay Rays,121,New York Mets,8,5,0
718151,2023-05-16,2023,158,Milwaukee Brewers,138,St. Louis Cardinals,3,2,0
718152,2023-05-16,2023,112,Chicago Cubs,117,Houston Astros,3,7,1
718153,2023-05-16,2023,120,Washington Nationals,146,Miami Marlins,4,5,1
718154,2023-05-16,2023,108,Los Angeles Angels,110,Baltimore Orioles,3,7,1
718155,2023-05-16,2023,134,Pittsburgh Pirates,116,Detroit Tigers,0,4,1
718156,2023-05-16,2023,143,Philadelphia Phillies,137,San Francisco Giants,3,4,1
718157,2023-05-16,2023,147,New York Yankees,141,Toronto Blue Jays,6,3,0
718126,2023-05-17,2023,144,Atlanta Braves,140,Texas Rangers,6,5,0
718127,2023-05-17,2023,112,Chicago Cubs,117,Houston Astros,6,7,1
718129,2023-05-17,2023,114,Cleveland Guardians,145,Chicago White Sox,2,7,1
718131,2023-05-17,2023,158,Milwaukee Brewers,138,St. Louis Cardinals,0,3,1
718132,2023-05-17,2023,120,Washington Nationals,146,Miami Marlins,3,4,1
718133,2023-05-17,2023,136,Seattle Mariners,111,Boston Red Sox,3,12,1
718134,2023-05-17,2023,147,New York Yankees,141,Toronto Blue Jays,0,3,1
718135,2023-05-17,2023,139,Tampa Bay Rays,121,New York Mets,7,8,1
718136,2023-05-17,2023,142,Minnesota Twins,119,Los Angeles Dodgers,3,7,1
718137,2023-05-17,2023,108,Los Angeles Angels,110,Baltimore Orioles,1,3,1
718138,2023-05-17,2023,113,Cincinnati Reds,115,Colorado Rockies,6,11,1
718139,2023-05-17,2023,109,Arizona Diamondbacks,133,Oakland Athletics,5,3,0
718140,2023-05-17,2023,118,Kansas City Royals,135,San Diego Padres,4,3,0
718142,2023-05-17,2023,134,Pittsburgh Pirates,116,Detroit Tigers,8,0,0
718143,2023-05-17,2023,143,Philadelphia Phillies,137,San Francisco Giants,4,7,1
718121,2023-05-18,2023,147,New York Yankees,141,Toronto Blue Jays,4,2,0
718122,2023-05-18,2023,139,Tampa Bay Rays,121,New York Mets,2,3,1
718124,2023-05-18,2023,119,Los Angeles Dodgers,138,St. Louis Cardinals,8,16,1
718125,2023-05-18,2023,114,Cleveland Guardians,145,Chicago White Sox,3,1,0
718128,2023-05-18,2023,108,Los Angeles Angels,110,Baltimore Orioles,6,5,0
718130,2023-05-18,2023,120,Washington Nationals,146,Miami Marlins,3,5,1
718105,2023-05-19,2023,146,Miami Marlins,137,San Francisco Giants,3,4,1
718106,2023-05-19,2023,142,Minnesota Twins,108,Los Angeles Angels,4,5,1
718107,2023-05-19,2023,111,Boston Red Sox,135,San Diego Padres,6,1,0
718110,2023-05-19,2023,136,Seattle Mariners,144,Atlanta Braves,2,6,1
718111,2023-05-19,2023,118,Kansas City Royals,145,Chicago White Sox,0,2,1
718112,2023-05-19,2023,133,Oakland Athletics,117,Houston Astros,1,5,1
718113,2023-05-19,2023,119,Los Angeles Dodgers,138,St. Louis Cardinals,5,0,0
718114,2023-05-19,2023,115,Colorado Rockies,140,Texas Rangers,2,7,1
718115,2023-05-19,2023,110,Baltimore Orioles,141,Toronto Blue Jays,6,2,0
718116,2023-05-19,2023,112,Chicago Cubs,143,Philadelphia Phillies,10,1,0
718117,2023-05-19,2023,158,Milwaukee Brewers,139,Tampa Bay Rays,0,1,1
718118,2023-05-19,2023,109,Arizona Diamondbacks,134,Pittsburgh Pirates,3,13,1
718119,2023-05-19,2023,114,Cleveland Guardians,121,New York Mets,9,10,1
718120,2023-05-19,2023,147,New York Yankees,113,Cincinnati Reds,6,2,0
718123,2023-05-19,2023,116,Detroit Tigers,120,Washington Nationals,8,6,0
718092,2023-05-20,2023,111,Boston Red Sox,135,San Diego Padres,4,2,0
718093,2023-05-20,2023,158,Milwaukee Brewers,139,Tampa Bay Rays,4,8,1
718094,2023-05-20,2023,136,Seattle Mariners,144,Atlanta Braves,7,3,0
718095,2023-05-20,2023,147,New York Yankees,113,Cincinnati Reds,7,4,0
718096,2023-05-20,2023,142,Minnesota Twins,108,Los Angeles Angels,6,2,0
718097,2023-05-20,2023,112,Chicago Cubs,143,Philadelphia Phillies,3,12,1
718098,2023-05-20,2023,133,Oakland Athletics,117,Houston Astros,2,3,1
718100,2023-05-20,2023,115,Colorado Rockies,140,Texas Rangers,5,11,1
718101,2023-05-20,2023,109,Arizona Diamondbacks,134,Pittsburgh Pirates,4,3,0
718102,2023-05-20,2023,110,Baltimore Orioles,141,Toronto Blue Jays,6,5,0
718103,2023-05-20,2023,146,Miami Marlins,137,San Francisco Giants,1,0,0
718104,2023-05-20,2023,118,Kansas City Royals,145,Chicago White Sox,1,5,1
718108,2023-05-20,2023,116,Detroit Tigers,120,Washington Nationals,2,5,1
718109,2023-05-20,2023,119,Los Angeles Dodgers,138,St. Louis Cardinals,5,6,1
718076,2023-05-21,2023,115,Colorado Rockies,140,Texas Rangers,3,13,1
718078,2023-05-21,2023,146,Miami Marlins,137,San Francisco Giants,5,7,1
718079,2023-05-21,2023,111,Boston Red Sox,135,San Diego Padres,0,7,1
718080,2023-05-21,2023,142,Minnesota Twins,108,Los Angeles Angels,2,4,1
718081,2023-05-21,2023,158,Milwaukee Brewers,139,Tampa Bay Rays,6,4,0
718082,2023-05-21,2023,114,Cleveland Guardians,121,New York Mets,1,2,1
718083,2023-05-21,2023,119,Los Angeles Dodgers,138,St. Louis Cardinals,5,10,1
718084,2023-05-21,2023,118,Kansas City Royals,145,Chicago White Sox,2,5,1
718085,2023-05-21,2023,147,New York Yankees,113,Cincinnati Reds,4,1,0
718086,2023-05-21,2023,133,Oakland Athletics,117,Houston Astros,0,2,1
718087,2023-05-21,2023,110,Baltimore Orioles,141,Toronto Blue Jays,8,3,0
718088,2023-05-21,2023,112,Chicago Cubs,143,Philadelphia Phillies,1,2,1
718089,2023-05-21,2023,116,Detroit Tigers,120,Washington Nationals,4,6,1
718090,2023-05-21,2023,136,Seattle Mariners,144,Atlanta Braves,2,3,1
718091,2023-05-21,2023,109,Arizona Diamondbacks,134,Pittsburgh Pirates,8,3,0
718099,2023-05-21,2023,114,Cleveland Guardians,121,New York Mets,4,5,1
718062,2023-05-22,2023,133,Oakland Athletics,136,Seattle Mariners,2,11,1
718066,2023-05-22,2023,116,Detroit Tigers,118,Kansas City Royals,8,5,0
718067,2023-05-22,2023,137,San Francisco Giants,142,Minnesota Twins,4,1,0
718068,2023-05-22,2023,117,Houston Astros,158,Milwaukee Brewers,12,2,0
718069,2023-05-22,2023,146,Miami Marlins,115,Colorado Rockies,3,5,1
718070,2023-05-22,2023,111,Boston Red Sox,108,Los Angeles Angels,1,2,1
718071,2023-05-22,2023,138,St. Louis Cardinals,113,Cincinnati Reds,5,6,1
718072,2023-05-22,2023,145,Chicago White Sox,114,Cleveland Guardians,0,3,1
718073,2023-05-22,2023,109,Arizona Diamondbacks,143,Philadelphia Phillies,6,3,0
718074,2023-05-22,2023,119,Los Angeles Dodgers,144,Atlanta Braves,8,6,0
718075,2023-05-22,2023,140,Texas Rangers,134,Pittsburgh Pirates,4,6,1
718077,2023-05-22,2023,141,Toronto Blue Jays,139,Tampa Bay Rays,4,6,1
718049,2023-05-23,2023,116,Detroit Tigers,118,Kansas City Royals,1,4,1
718050,2023-05-23,2023,133,Oakland Athletics,136,Seattle Mariners,2,3,1
718051,2023-05-23,2023,146,Miami Marlins,115,Colorado Rockies,4,5,1
718053,2023-05-23,2023,111,Boston Red Sox,108,Los Angeles Angels,0,4,1
718054,2023-05-23,2023,137,San Francisco Giants,142,Minnesota Twins,4,3,0
718055,2023-05-23,2023,121,New York Mets,112,Chicago Cubs,2,7,1
718056,2023-05-23,2023,117,Houston Astros,158,Milwaukee Brewers,0,6,1
718057,2023-05-23,2023,119,Los Angeles Dodgers,144,Atlanta Braves,8,1,0
718058,2023-05-23,2023,110,Baltimore Orioles,147,New York Yankees,5,6,1
718059,2023-05-23,2023,138,St. Louis Cardinals,113,Cincinnati Reds,8,5,0
718060,2023-05-23,2023,109,Arizona Diamondbacks,143,Philadelphia Phillies,4,3,0
718061,2023-05-23,2023,141,Toronto Blue Jays,139,Tampa Bay Rays,20,1,0
718063,2023-05-23,2023,145,Chicago White Sox,114,Cleveland Guardians,4,2,0
718064,2023-05-23,2023,135,San Diego Padres,120,Washington Nationals,7,4,0
718065,2023-05-23,2023,140,Texas Rangers,134,Pittsburgh Pirates,6,1,0
718034,2023-05-24,2023,111,Boston Red Sox,108,Los Angeles Angels,3,7,1
718036,2023-05-24,2023,146,Miami Marlins,115,Colorado Rockies,10,2,0
718037,2023-05-24,2023,133,Oakland Athletics,136,Seattle Mariners,1,6,1
718038,2023-05-24,2023,121,New York Mets,112,Chicago Cubs,2,4,1
718039,2023-05-24,2023,116,Detroit Tigers,118,Kansas City Royals,6,4,0
718040,2023-05-24,2023,110,Baltimore Orioles,147,New York Yankees,9,6,0
718041,2023-05-24,2023,138,St. Louis Cardinals,113,Cincinnati Reds,3,10,1
718042,2023-05-24,2023,119,Los Angeles Dodgers,144,Atlanta Braves,3,4,1
718043,2023-05-24,2023,109,Arizona Diamondbacks,143,Philadelphia Phillies,5,6,1
718044,2023-05-24,2023,141,Toronto Blue Jays,139,Tampa Bay Rays,3,7,1
718045,2023-05-24,2023,140,Texas Rangers,134,Pittsburgh Pirates,3,2,0
718046,2023-05-24,2023,117,Houston Astros,158,Milwaukee Brewers,0,4,1
718047,2023-05-24,2023,137,San Francisco Giants,142,Minnesota Twins,1,7,1
718048,2023-05-24,2023,145,Chicago White Sox,114,Cleveland Guardians,6,0,0
718052,2023-05-24,2023,135,San Diego Padres,120,Washington Nationals,3,5,1
718024,2023-05-25,2023,121,New York Mets,112,Chicago Cubs,10,1,0
718025,2023-05-25,2023,133,Oakland Athletics,136,Seattle Mariners,2,3,1
718026,2023-05-25,2023,143,Philadelphia Phillies,144,Atlanta Braves,5,8,1
718028,2023-05-25,2023,137,San Francisco Giants,158,Milwaukee Brewers,5,0,0
718029,2023-05-25,2023,110,Baltimore Orioles,147,New York Yankees,3,1,0
718030,2023-05-25,2023,138,St. Louis Cardinals,113,Cincinnati Reds,2,1,0
718031,2023-05-25,2023,145,Chicago White Sox,116,Detroit Tigers,2,7,1
718032,2023-05-25,2023,141,Toronto Blue Jays,139,Tampa Bay Rays,3,6,1
718033,2023-05-25,2023,146,Miami Marlins,115,Colorado Rockies,6,7,1
718035,2023-05-25,2023,135,San Diego Padres,120,Washington Nationals,8,6,0
718009,2023-05-26,2023,117,Houston Astros,133,Oakland Athletics,5,2,0
718010,2023-05-26,2023,111,Boston Red Sox,109,Arizona Diamondbacks,7,2,0
718012,2023-05-26,2023,134,Pittsburgh Pirates,136,Seattle Mariners,11,6,0
718013,2023-05-26,2023,141,Toronto Blue Jays,142,Minnesota Twins,3,1,0
718014,2023-05-26,2023,120,Washington Nationals,118,Kansas City Royals,12,10,0
718015,2023-05-26,2023,146,Miami Marlins,108,Los Angeles Angels,6,2,0
718016,2023-05-26,2023,121,New York Mets,115,Colorado Rockies,5,2,0
718017,2023-05-26,2023,137,San Francisco Giants,158,Milwaukee Brewers,15,1,0
718018,2023-05-26,2023,119,Los Angeles Dodgers,139,Tampa Bay Rays,3,9,1
718019,2023-05-26,2023,143,Philadelphia Phillies,144,Atlanta Braves,6,4,0
718020,2023-05-26,2023,140,Texas Rangers,110,Baltimore Orioles,12,2,0
718021,2023-05-26,2023,145,Chicago White Sox,116,Detroit Tigers,12,3,0
718022,2023-05-26,2023,138,St. Louis Cardinals,114,Cleveland Guardians,3,4,1
718023,2023-05-26,2023,135,San Diego Padres,147,New York Yankees,5,1,0
718027,2023-05-26,2023,113,Cincinnati Reds,112,Chicago Cubs,9,0,0
717991,2023-05-27,2023,111,Boston Red Sox,109,Arizona Diamondbacks,2,1,0
717996,2023-05-27,2023,138,St. Louis Cardinals,114,Cleveland Guardians,2,1,0
717997,2023-05-27,2023,143,Philadelphia Phillies,144,Atlanta Braves,2,1,0
717998,2023-05-27,2023,146,Miami Marlins,108,Los Angeles Angels,8,5,0
717999,2023-05-27,2023,137,San Francisco Giants,158,Milwaukee Brewers,3,1,0
718000,2023-05-27,2023,120,Washington Nationals,118,Kansas City Royals,4,2,0
718001,2023-05-27,2023,140,Texas Rangers,110,Baltimore Orioles,5,3,0
718002,2023-05-27,2023,119,Los Angeles Dodgers,139,Tampa Bay Rays,6,5,0
718003,2023-05-27,2023,117,Houston Astros,133,Oakland Athletics,6,3,0
718004,2023-05-27,2023,134,Pittsburgh Pirates,136,Seattle Mariners,0,5,1
718005,2023-05-27,2023,145,Chicago White Sox,116,Detroit Tigers,3,7,1
718006,2023-05-27,2023,135,San Diego Padres,147,New York Yankees,2,3,1
718007,2023-05-27,2023,113,Cincinnati Reds,112,Chicago Cubs,8,5,0
718008,2023-05-27,2023,141,Toronto Blue Jays,142,Minnesota Twins,7,9,1
718011,2023-05-27,2023,121,New York Mets,115,Colorado Rockies,7,10,1
717980,2023-05-28,2023,117,Houston Astros,133,Oakland Athletics,10,1,0
717981,2023-05-28,2023,111,Boston Red Sox,109,Arizona Diamondbacks,2,4,1
717982,2023-05-28,2023,121,New York Mets,115,Colorado Rockies,10,11,1
717983,2023-05-28,2023,134,Pittsburgh Pirates,136,Seattle Mariners,3,6,1
717984,2023-05-28,2023,146,Miami Marlins,108,Los Angeles Angels,2,0,0
717985,2023-05-28,2023,120,Washington Nationals,118,Kansas City Royals,2,3,1
717986,2023-05-28,2023,137,San Francisco Giants,158,Milwaukee Brewers,5,7,1
717987,2023-05-28,2023,113,Cincinnati Reds,112,Chicago Cubs,8,5,0
717988,2023-05-28,2023,141,Toronto Blue Jays,142,Minnesota Twins,3,0,0
717989,2023-05-28,2023,145,Chicago White Sox,116,Detroit Tigers,5,6,1
717990,2023-05-28,2023,140,Texas Rangers,110,Baltimore Orioles,2,3,1
717992,2023-05-28,2023,143,Philadelphia Phillies,144,Atlanta Braves,4,11,1
717993,2023-05-28,2023,138,St. Louis Cardinals,114,Cleveland Guardians,3,4,1
717994,2023-05-28,2023,119,Los Angeles Dodgers,139,Tampa Bay Rays,10,11,1
717995,2023-05-28,2023,135,San Diego Padres,147,New York Yankees,7,10,1
717968,2023-05-29,2023,142,Minnesota Twins,117,Houston Astros,7,5,0
717969,2023-05-29,2023,147,New York Yankees,136,Seattle Mariners,10,4,0
717970,2023-05-29,2023,144,Atlanta Braves,133,Oakland Athletics,2,7,1
717971,2023-05-29,2023,108,Los Angeles Angels,145,Chicago White Sox,6,4,0
717973,2023-05-29,2023,120,Washington Nationals,119,Los Angeles Dodgers,1,6,1
717974,2023-05-29,2023,114,Cleveland Guardians,110,Baltimore Orioles,5,0,0
717975,2023-05-29,2023,118,Kansas City Royals,138,St. Louis Cardinals,7,0,0
717976,2023-05-29,2023,139,Tampa Bay Rays,112,Chicago Cubs,0,1,1
717977,2023-05-29,2023,115,Colorado Rockies,109,Arizona Diamondbacks,5,7,1
717978,2023-05-29,2023,134,Pittsburgh Pirates,137,San Francisco Giants,4,14,1
717979,2023-05-29,2023,140,Texas Rangers,116,Detroit Tigers,5,0,0
717952,2023-05-30,2023,147,New York Yankees,136,Seattle Mariners,10,2,0
717955,2023-05-30,2023,115,Colorado Rockies,109,Arizona Diamondbacks,1,5,1
717956,2023-05-30,2023,142,Minnesota Twins,117,Houston Astros,1,5,1
717957,2023-05-30,2023,120,Washington Nationals,119,Los Angeles Dodgers,3,9,1
717958,2023-05-30,2023,144,Atlanta Braves,133,Oakland Athletics,1,2,1
717959,2023-05-30,2023,108,Los Angeles Angels,145,Chicago White Sox,3,7,1
717960,2023-05-30,2023,118,Kansas City Royals,138,St. Louis Cardinals,1,2,1
717961,2023-05-30,2023,139,Tampa Bay Rays,112,Chicago Cubs,1,2,1
717962,2023-05-30,2023,143,Philadelphia Phillies,121,New York Mets,0,2,1
717963,2023-05-30,2023,135,San Diego Padres,146,Miami Marlins,9,4,0
717964,2023-05-30,2023,140,Texas Rangers,116,Detroit Tigers,10,6,0
717965,2023-05-30,2023,158,Milwaukee Brewers,141,Toronto Blue Jays,2,7,1
717966,2023-05-30,2023,113,Cincinnati Reds,111,Boston Red Sox,9,8,0
717967,2023-05-30,2023,114,Cleveland Guardians,110,Baltimore Orioles,5,8,1
717972,2023-05-30,2023,134,Pittsburgh Pirates,137,San Francisco Giants,2,1,0
717938,2023-05-31,2023,142,Minnesota Twins,117,Houston Astros,8,2,0
717939,2023-05-31,2023,147,New York Yankees,136,Seattle Mariners,0,1,1
717940,2023-05-31,2023,115,Colorado Rockies,109,Arizona Diamondbacks,0,6,1
717943,2023-05-31,2023,108,Los Angeles Angels,145,Chicago White Sox,12,5,0
717944,2023-05-31,2023,143,Philadelphia Phillies,121,New York Mets,1,4,1
717945,2023-05-31,2023,135,San Diego Padres,146,Miami Marlins,1,2,1
717946,2023-05-31,2023,114,Cleveland Guardians,110,Baltimore Orioles,12,8,0
717947,2023-05-31,2023,158,Milwaukee Brewers,141,Toronto Blue Jays,4,2,0
717948,2023-05-31,2023,113,Cincinnati Reds,111,Boston Red Sox,5,4,0
717949,2023-05-31,2023,144,Atlanta Braves,133,Oakland Athletics,4,2,0
717950,2023-05-31,2023,139,Tampa Bay Rays,112,Chicago Cubs,4,3,0
717951,2023-05-31,2023,140,Texas Rangers,116,Detroit Tigers,2,3,1
717953,2023-05-31,2023,134,Pittsburgh Pirates,137,San Francisco Giants,9,4,0
717954,2023-05-31,2023,120,Washington Nationals,119,Los Angeles Dodgers,10,6,0
717932,2023-06-01,2023,113,Cincinnati Reds,111,Boston Red Sox,2,8,1
717933,2023-06-01,2023,115,Colorado Rockies,109,Arizona Diamondbacks,4,5,1
717934,2023-06-01,2023,143,Philadelphia Phillies,121,New York Mets,2,4,1
717936,2023-06-01,2023,108,Los Angeles Angels,117,Houston Astros,2,5,1
717937,2023-06-01,2023,114,Cleveland Guardians,142,Minnesota Twins,6,7,1
717941,2023-06-01,2023,135,San Diego Padres,146,Miami Marlins,10,1,0
717942,2023-06-01,2023,158,Milwaukee Brewers,141,Toronto Blue Jays,1,3,1
717917,2023-06-02,2023,147,New York Yankees,119,Los Angeles Dodgers,4,8,1
717919,2023-06-02,2023,144,Atlanta Braves,109,Arizona Diamondbacks,2,3,1
717920,2023-06-02,2023,110,Baltimore Orioles,137,San Francisco Giants,3,2,0
717921,2023-06-02,2023,112,Chicago Cubs,135,San Diego Padres,2,1,0
717922,2023-06-02,2023,136,Seattle Mariners,140,Texas Rangers,0,2,1
717923,2023-06-02,2023,115,Colorado Rockies,118,Kansas City Royals,7,2,0
717924,2023-06-02,2023,114,Cleveland Guardians,142,Minnesota Twins,0,1,1
717925,2023-06-02,2023,116,Detroit Tigers,145,Chicago White Sox,0,3,1
717926,2023-06-02,2023,108,Los Angeles Angels,117,Houston Astros,2,6,1
717927,2023-06-02,2023,133,Oakland Athletics,146,Miami Marlins,0,4,1
717929,2023-06-02,2023,141,Toronto Blue Jays,121,New York Mets,3,0,0
717930,2023-06-02,2023,138,St. Louis Cardinals,134,Pittsburgh Pirates,5,7,1
717931,2023-06-02,2023,158,Milwaukee Brewers,113,Cincinnati Reds,5,4,0
717935,2023-06-02,2023,143,Philadelphia Phillies,120,Washington Nationals,7,8,1
717885,2023-06-03,2023,139,Tampa Bay Rays,111,Boston Red Sox,4,2,0
717901,2023-06-03,2023,144,Atlanta Braves,109,Arizona Diamondbacks,5,2,0
717903,2023-06-03,2023,112,Chicago Cubs,135,San Diego Padres,0,6,1
717905,2023-06-03,2023,147,New York Yankees,119,Los Angeles Dodgers,6,3,0
717906,2023-06-03,2023,158,Milwaukee Brewers,113,Cincinnati Reds,10,8,0
717907,2023-06-03,2023,138,St. Louis Cardinals,134,Pittsburgh Pirates,3,4,1
717908,2023-06-03,2023,108,Los Angeles Angels,117,Houston Astros,6,9,1
717909,2023-06-03,2023,115,Colorado Rockies,118,Kansas City Royals,6,4,0
717910,2023-06-03,2023,141,Toronto Blue Jays,121,New York Mets,2,1,0
717911,2023-06-03,2023,133,Oakland Athletics,146,Miami Marlins,1,12,1
717912,2023-06-03,2023,136,Seattle Mariners,140,Texas Rangers,6,16,1
717913,2023-06-03,2023,114,Cleveland Guardians,142,Minnesota Twins,4,2,0
717914,2023-06-03,2023,143,Philadelphia Phillies,120,Washington Nationals,4,2,0
717915,2023-06-03,2023,116,Detroit Tigers,145,Chicago White Sox,1,2,1
717916,2023-06-03,2023,110,Baltimore Orioles,137,San Francisco Giants,0,4,1
717918,2023-06-03,2023,139,Tampa Bay Rays,111,Boston Red Sox,5,8,1
717888,2023-06-04,2023,147,New York Yankees,119,Los Angeles Dodgers,4,1,0
717889,2023-06-04,2023,112,Chicago Cubs,135,San Diego Padres,7,1,0
717890,2023-06-04,2023,110,Baltimore Orioles,137,San Francisco Giants,8,3,0
717891,2023-06-04,2023,116,Detroit Tigers,145,Chicago White Sox,2,6,1
717892,2023-06-04,2023,144,Atlanta Braves,109,Arizona Diamondbacks,8,5,0
717893,2023-06-04,2023,115,Colorado Rockies,118,Kansas City Royals,0,2,1
717894,2023-06-04,2023,136,Seattle Mariners,140,Texas Rangers,3,12,1
717895,2023-06-04,2023,114,Cleveland Guardians,142,Minnesota Twins,2,1,0
717896,2023-06-04,2023,133,Oakland Athletics,146,Miami Marlins,5,7,1
717897,2023-06-04,2023,158,Milwaukee Brewers,113,Cincinnati Reds,5,1,0
717898,2023-06-04,2023,138,St. Louis Cardinals,134,Pittsburgh Pirates,1,2,1
717899,2023-06-04,2023,108,Los Angeles Angels,117,Houston Astros,2,1,0
717900,2023-06-04,2023,141,Toronto Blue Jays,121,New York Mets,6,4,0
717902,2023-06-04,2023,143,Philadelphia Phillies,120,Washington Nationals,11,3,0
717904,2023-06-04,2023,139,Tampa Bay Rays,111,Boston Red Sox,6,2,0
717878,2023-06-05,2023,117,Houston Astros,141,Toronto Blue Jays,11,4,0
717879,2023-06-05,2023,138,St. Louis Cardinals,140,Texas Rangers,3,4,1
717880,2023-06-05,2023,112,Chicago Cubs,135,San Diego Padres,0,5,1
717883,2023-06-05,2023,158,Milwaukee Brewers,113,Cincinnati Reds,0,2,1
717884,2023-06-05,2023,133,Oakland Athletics,134,Pittsburgh Pirates,4,5,1
717886,2023-06-05,2023,116,Detroit Tigers,143,Philadelphia Phillies,3,8,1
717887,2023-06-05,2023,118,Kansas City Royals,146,Miami Marlins,6,9,1
717928,2023-06-05,2023,139,Tampa Bay Rays,111,Boston Red Sox,4,1,0
717861,2023-06-06,2023,112,Chicago Cubs,108,Los Angeles Angels,4,7,1
717864,2023-06-06,2023,136,Seattle Mariners,135,San Diego Padres,4,1,0
717867,2023-06-06,2023,110,Baltimore Orioles,158,Milwaukee Brewers,3,4,1
717868,2023-06-06,2023,138,St. Louis Cardinals,140,Texas Rangers,4,6,1
717869,2023-06-06,2023,137,San Francisco Giants,115,Colorado Rockies,10,4,0
717870,2023-06-06,2023,119,Los Angeles Dodgers,113,Cincinnati Reds,8,9,1
717871,2023-06-06,2023,117,Houston Astros,141,Toronto Blue Jays,1,5,1
717872,2023-06-06,2023,121,New York Mets,144,Atlanta Braves,4,6,1
717873,2023-06-06,2023,111,Boston Red Sox,114,Cleveland Guardians,5,4,0
717874,2023-06-06,2023,133,Oakland Athletics,134,Pittsburgh Pirates,11,2,0
717875,2023-06-06,2023,116,Detroit Tigers,143,Philadelphia Phillies,0,1,1
717876,2023-06-06,2023,118,Kansas City Royals,146,Miami Marlins,1,6,1
717877,2023-06-06,2023,145,Chicago White Sox,147,New York Yankees,3,2,0
717881,2023-06-06,2023,109,Arizona Diamondbacks,120,Washington Nationals,10,5,0
717882,2023-06-06,2023,142,Minnesota Twins,139,Tampa Bay Rays,0,7,1
717850,2023-06-07,2023,121,New York Mets,144,Atlanta Braves,5,7,1
717851,2023-06-07,2023,110,Baltimore Orioles,158,Milwaukee Brewers,2,10,1
717852,2023-06-07,2023,137,San Francisco Giants,115,Colorado Rockies,5,4,0
717853,2023-06-07,2023,119,Los Angeles Dodgers,113,Cincinnati Reds,6,8,1
717854,2023-06-07,2023,138,St. Louis Cardinals,140,Texas Rangers,1,0,0
717855,2023-06-07,2023,112,Chicago Cubs,108,Los Angeles Angels,2,6,1
717856,2023-06-07,2023,117,Houston Astros,141,Toronto Blue Jays,2,3,1
717858,2023-06-07,2023,111,Boston Red Sox,114,Cleveland Guardians,2,5,1
717859,2023-06-07,2023,142,Minnesota Twins,139,Tampa Bay Rays,1,2,1
717860,2023-06-07,2023,118,Kansas City Royals,146,Miami Marlins,1,6,1
717863,2023-06-07,2023,136,Seattle Mariners,135,San Diego Padres,3,10,1
717865,2023-06-07,2023,133,Oakland Athletics,134,Pittsburgh Pirates,9,5,0
717866,2023-06-07,2023,109,Arizona Diamondbacks,120,Washington Nationals,6,2,0
717838,2023-06-08,2023,112,Chicago Cubs,108,Los Angeles Angels,1,3,1
717840,2023-06-08,2023,121,New York Mets,144,Atlanta Braves,10,13,1
717842,2023-06-08,2023,111,Boston Red Sox,114,Cleveland Guardians,3,10,1
717843,2023-06-08,2023,117,Houston Astros,141,Toronto Blue Jays,2,3,1
717844,2023-06-08,2023,119,Los Angeles Dodgers,113,Cincinnati Reds,6,0,0
717845,2023-06-08,2023,142,Minnesota Twins,139,Tampa Bay Rays,2,4,1
717846,2023-06-08,2023,137,San Francisco Giants,115,Colorado Rockies,6,4,0
717848,2023-06-08,2023,145,Chicago White Sox,147,New York Yankees,6,5,0
717849,2023-06-08,2023,110,Baltimore Orioles,158,Milwaukee Brewers,6,3,0
717857,2023-06-08,2023,145,Chicago White Sox,147,New York Yankees,0,3,1
717862,2023-06-08,2023,116,Detroit Tigers,143,Philadelphia Phillies,2,3,1
717823,2023-06-09,2023,112,Chicago Cubs,137,San Francisco Giants,3,2,0
717824,2023-06-09,2023,136,Seattle Mariners,108,Los Angeles Angels,4,5,1
717827,2023-06-09,2023,140,Texas Rangers,139,Tampa Bay Rays,3,8,1
717828,2023-06-09,2023,146,Miami Marlins,145,Chicago White Sox,1,2,1
717829,2023-06-09,2023,120,Washington Nationals,144,Atlanta Braves,2,3,1
717830,2023-06-09,2023,135,San Diego Padres,115,Colorado Rockies,9,6,0
717831,2023-06-09,2023,133,Oakland Athletics,158,Milwaukee Brewers,5,2,0
717832,2023-06-09,2023,113,Cincinnati Reds,138,St. Louis Cardinals,4,7,1
717833,2023-06-09,2023,117,Houston Astros,114,Cleveland Guardians,9,10,1
717834,2023-06-09,2023,109,Arizona Diamondbacks,116,Detroit Tigers,11,6,0
717835,2023-06-09,2023,142,Minnesota Twins,141,Toronto Blue Jays,3,2,0
717836,2023-06-09,2023,121,New York Mets,134,Pittsburgh Pirates,7,14,1
717837,2023-06-09,2023,119,Los Angeles Dodgers,143,Philadelphia Phillies,4,5,1
717839,2023-06-09,2023,118,Kansas City Royals,110,Baltimore Orioles,2,3,1
717841,2023-06-09,2023,111,Boston Red Sox,147,New York Yankees,3,2,0
717809,2023-06-10,2023,136,Seattle Mariners,108,Los Angeles Angels,6,2,0
717811,2023-06-10,2023,119,Los Angeles Dodgers,143,Philadelphia Phillies,9,0,0
717812,2023-06-10,2023,121,New York Mets,134,Pittsburgh Pirates,5,1,0
717813,2023-06-10,2023,140,Texas Rangers,139,Tampa Bay Rays,8,4,0
717814,2023-06-10,2023,133,Oakland Athletics,158,Milwaukee Brewers,2,1,0
717815,2023-06-10,2023,117,Houston Astros,114,Cleveland Guardians,6,4,0
717816,2023-06-10,2023,120,Washington Nationals,144,Atlanta Braves,4,6,1
717817,2023-06-10,2023,113,Cincinnati Reds,138,St. Louis Cardinals,8,4,0
717818,2023-06-10,2023,118,Kansas City Royals,110,Baltimore Orioles,1,6,1
717819,2023-06-10,2023,135,San Diego Padres,115,Colorado Rockies,3,2,0
717820,2023-06-10,2023,146,Miami Marlins,145,Chicago White Sox,5,1,0
717821,2023-06-10,2023,109,Arizona Diamondbacks,116,Detroit Tigers,5,0,0
717822,2023-06-10,2023,142,Minnesota Twins,141,Toronto Blue Jays,9,4,0
717825,2023-06-10,2023,111,Boston Red Sox,147,New York Yankees,1,3,1
717826,2023-06-10,2023,112,Chicago Cubs,137,San Francisco Giants,4,0,0
717795,2023-06-11,2023,146,Miami Marlins,145,Chicago White Sox,6,5,0
717796,2023-06-11,2023,112,Chicago Cubs,137,San Francisco Giants,3,13,1
717797,2023-06-11,2023,113,Cincinnati Reds,138,St. Louis Cardinals,4,3,0
717798,2023-06-11,2023,135,San Diego Padres,115,Colorado Rockies,4,5,1
717799,2023-06-11,2023,136,Seattle Mariners,108,Los Angeles Angels,4,9,1
717800,2023-06-11,2023,133,Oakland Athletics,158,Milwaukee Brewers,8,6,0
717801,2023-06-11,2023,140,Texas Rangers,139,Tampa Bay Rays,3,7,1
717802,2023-06-11,2023,117,Houston Astros,114,Cleveland Guardians,0,5,1
717803,2023-06-11,2023,121,New York Mets,134,Pittsburgh Pirates,1,2,1
717804,2023-06-11,2023,109,Arizona Diamondbacks,116,Detroit Tigers,7,5,0
717805,2023-06-11,2023,142,Minnesota Twins,141,Toronto Blue Jays,6,7,1
717806,2023-06-11,2023,119,Los Angeles Dodgers,143,Philadelphia Phillies,3,7,1
717807,2023-06-11,2023,120,Washington Nationals,144,Atlanta Braves,6,2,0
717808,2023-06-11,2023,118,Kansas City Royals,110,Baltimore Orioles,3,11,1
717810,2023-06-11,2023,111,Boston Red Sox,147,New York Yankees,3,2,0
717785,2023-06-12,2023,143,Philadelphia Phillies,109,Arizona Diamondbacks,8,9,1
717786,2023-06-12,2023,146,Miami Marlins,136,Seattle Mariners,1,8,1
717789,2023-06-12,2023,139,Tampa Bay Rays,133,Oakland Athletics,3,4,1
717790,2023-06-12,2023,144,Atlanta Braves,116,Detroit Tigers,5,6,1
717791,2023-06-12,2023,137,San Francisco Giants,138,St. Louis Cardinals,4,3,0
717792,2023-06-12,2023,108,Los Angeles Angels,140,Texas Rangers,9,6,0
717793,2023-06-12,2023,113,Cincinnati Reds,118,Kansas City Royals,5,4,0
717794,2023-06-12,2023,115,Colorado Rockies,111,Boston Red Sox,4,3,0
717772,2023-06-13,2023,114,Cleveland Guardians,135,San Diego Padres,3,6,1
717773,2023-06-13,2023,146,Miami Marlins,136,Seattle Mariners,3,9,1
717774,2023-06-13,2023,139,Tampa Bay Rays,133,Oakland Athletics,1,2,1
717775,2023-06-13,2023,143,Philadelphia Phillies,109,Arizona Diamondbacks,15,3,0
717776,2023-06-13,2023,145,Chicago White Sox,119,Los Angeles Dodgers,1,5,1
717777,2023-06-13,2023,113,Cincinnati Reds,118,Kansas City Royals,5,4,0
717778,2023-06-13,2023,120,Washington Nationals,117,Houston Astros,1,6,1
717779,2023-06-13,2023,147,New York Yankees,121,New York Mets,7,6,0
717780,2023-06-13,2023,108,Los Angeles Angels,140,Texas Rangers,7,3,0
717781,2023-06-13,2023,137,San Francisco Giants,138,St. Louis Cardinals,11,3,0
717782,2023-06-13,2023,134,Pittsburgh Pirates,112,Chicago Cubs,3,11,1
717783,2023-06-13,2023,158,Milwaukee Brewers,142,Minnesota Twins,5,7,1
717787,2023-06-13,2023,141,Toronto Blue Jays,110,Baltimore Orioles,6,11,1
717788,2023-06-13,2023,115,Colorado Rockies,111,Boston Red Sox,7,6,0
717757,2023-06-14,2023,143,Philadelphia Phillies,109,Arizona Diamondbacks,4,3,0
717758,2023-06-14,2023,114,Cleveland Guardians,135,San Diego Padres,0,5,1
717759,2023-06-14,2023,146,Miami Marlins,136,Seattle Mariners,4,1,0
717760,2023-06-14,2023,145,Chicago White Sox,119,Los Angeles Dodgers,8,4,0
717761,2023-06-14,2023,139,Tampa Bay Rays,133,Oakland Athletics,6,3,0
717762,2023-06-14,2023,120,Washington Nationals,117,Houston Astros,4,5,1
717763,2023-06-14,2023,134,Pittsburgh Pirates,112,Chicago Cubs,6,10,1
717764,2023-06-14,2023,113,Cincinnati Reds,118,Kansas City Royals,7,4,0
717765,2023-06-14,2023,108,Los Angeles Angels,140,Texas Rangers,3,6,1
717766,2023-06-14,2023,147,New York Yankees,121,New York Mets,3,4,1
717767,2023-06-14,2023,137,San Francisco Giants,138,St. Louis Cardinals,8,5,0
717768,2023-06-14,2023,115,Colorado Rockies,111,Boston Red Sox,3,6,1
717769,2023-06-14,2023,141,Toronto Blue Jays,110,Baltimore Orioles,3,1,0
717770,2023-06-14,2023,144,Atlanta Braves,116,Detroit Tigers,10,7,0
717771,2023-06-14,2023,158,Milwaukee Brewers,142,Minnesota Twins,2,4,1
717784,2023-06-14,2023,144,Atlanta Braves,116,Detroit Tigers,6,5,0
717746,2023-06-15,2023,120,Washington Nationals,117,Houston Astros,4,1,0
717747,2023-06-15,2023,134,Pittsburgh Pirates,112,Chicago Cubs,2,7,1
717748,2023-06-15,2023,145,Chicago White Sox,119,Los Angeles Dodgers,4,5,1
717750,2023-06-15,2023,114,Cleveland Guardians,135,San Diego Padres,8,6,0
717751,2023-06-15,2023,108,Los Angeles Angels,140,Texas Rangers,5,3,0
717752,2023-06-15,2023,116,Detroit Tigers,142,Minnesota Twins,8,4,0
717753,2023-06-15,2023,141,Toronto Blue Jays,110,Baltimore Orioles,2,4,1
717754,2023-06-15,2023,115,Colorado Rockies,144,Atlanta Braves,3,8,1
717755,2023-06-15,2023,143,Philadelphia Phillies,109,Arizona Diamondbacks,5,4,0
717756,2023-06-15,2023,139,Tampa Bay Rays,133,Oakland Athletics,4,3,0
717731,2023-06-16,2023,137,San Francisco Giants,119,Los Angeles Dodgers,7,5,0
717732,2023-06-16,2023,139,Tampa Bay Rays,135,San Diego Padres,6,2,0
717733,2023-06-16,2023,145,Chicago White Sox,136,Seattle Mariners,2,3,1
717735,2023-06-16,2023,143,Philadelphia Phillies,133,Oakland Athletics,6,1,0
717736,2023-06-16,2023,108,Los Angeles Angels,118,Kansas City Royals,3,0,0
717737,2023-06-16,2023,113,Cincinnati Reds,117,Houston Astros,2,1,0
717738,2023-06-16,2023,116,Detroit Tigers,142,Minnesota Twins,7,1,0
717739,2023-06-16,2023,114,Cleveland Guardians,109,Arizona Diamondbacks,1,5,1
717740,2023-06-16,2023,134,Pittsburgh Pirates,158,Milwaukee Brewers,4,5,1
717741,2023-06-16,2023,141,Toronto Blue Jays,140,Texas Rangers,2,1,0
717742,2023-06-16,2023,147,New York Yankees,111,Boston Red Sox,5,15,1
717743,2023-06-16,2023,138,St. Louis Cardinals,121,New York Mets,1,6,1
717744,2023-06-16,2023,110,Baltimore Orioles,112,Chicago Cubs,3,10,1
717745,2023-06-16,2023,115,Colorado Rockies,144,Atlanta Braves,1,8,1
717749,2023-06-16,2023,146,Miami Marlins,120,Washington Nationals,6,5,0
717717,2023-06-17,2023,139,Tampa Bay Rays,135,San Diego Padres,0,2,1
717718,2023-06-17,2023,138,St. Louis Cardinals,121,New York Mets,5,3,0
717719,2023-06-17,2023,114,Cleveland Guardians,109,Arizona Diamondbacks,3,6,1
717720,2023-06-17,2023,134,Pittsburgh Pirates,158,Milwaukee Brewers,0,5,1
717721,2023-06-17,2023,137,San Francisco Giants,119,Los Angeles Dodgers,15,0,0
717722,2023-06-17,2023,145,Chicago White Sox,136,Seattle Mariners,4,3,0
717723,2023-06-17,2023,141,Toronto Blue Jays,140,Texas Rangers,2,4,1
717724,2023-06-17,2023,115,Colorado Rockies,144,Atlanta Braves,2,10,1
717725,2023-06-17,2023,143,Philadelphia Phillies,133,Oakland Athletics,3,2,0
717726,2023-06-17,2023,108,Los Angeles Angels,118,Kansas City Royals,9,10,1
717727,2023-06-17,2023,113,Cincinnati Reds,117,Houston Astros,10,3,0
717728,2023-06-17,2023,116,Detroit Tigers,142,Minnesota Twins,0,2,1
717729,2023-06-17,2023,110,Baltimore Orioles,112,Chicago Cubs,2,3,1
717734,2023-06-17,2023,146,Miami Marlins,120,Washington Nationals,5,2,0
717702,2023-06-18,2023,137,San Francisco Giants,119,Los Angeles Dodgers,7,3,0
717703,2023-06-18,2023,139,Tampa Bay Rays,135,San Diego Padres,4,5,1
717704,2023-06-18,2023,145,Chicago White Sox,136,Seattle Mariners,1,5,1
717705,2023-06-18,2023,143,Philadelphia Phillies,133,Oakland Athletics,3,2,0
717706,2023-06-18,2023,114,Cleveland Guardians,109,Arizona Diamondbacks,12,3,0
717707,2023-06-18,2023,113,Cincinnati Reds,117,Houston Astros,9,7,0
717708,2023-06-18,2023,110,Baltimore Orioles,112,Chicago Cubs,6,3,0
717709,2023-06-18,2023,141,Toronto Blue Jays,140,Texas Rangers,7,11,1
717710,2023-06-18,2023,134,Pittsburgh Pirates,158,Milwaukee Brewers,2,5,1
717711,2023-06-18,2023,116,Detroit Tigers,142,Minnesota Twins,6,4,0
717712,2023-06-18,2023,108,Los Angeles Angels,118,Kansas City Royals,5,2,0
717713,2023-06-18,2023,138,St. Louis Cardinals,121,New York Mets,8,7,0
717714,2023-06-18,2023,146,Miami Marlins,120,Washington Nationals,4,2,0
717715,2023-06-18,2023,147,New York Yankees,111,Boston Red Sox,1,4,1
717716,2023-06-18,2023,115,Colorado Rockies,144,Atlanta Braves,6,14,1
717730,2023-06-18,2023,147,New York Yankees,111,Boston Red Sox,2,6,1
717692,2023-06-19,2023,118,Kansas City Royals,116,Detroit Tigers,4,6,1
717693,2023-06-19,2023,111,Boston Red Sox,142,Minnesota Twins,9,3,0
717694,2023-06-19,2023,121,New York Mets,117,Houston Astros,11,1,0
717695,2023-06-19,2023,140,Texas Rangers,145,Chicago White Sox,5,2,0
717696,2023-06-19,2023,109,Arizona Diamondbacks,158,Milwaukee Brewers,9,1,0
717697,2023-06-19,2023,135,San Diego Padres,137,San Francisco Giants,4,7,1
717698,2023-06-19,2023,112,Chicago Cubs,134,Pittsburgh Pirates,8,0,0
717699,2023-06-19,2023,138,St. Louis Cardinals,120,Washington Nationals,8,6,0
717700,2023-06-19,2023,141,Toronto Blue Jays,146,Miami Marlins,0,11,1
717701,2023-06-19,2023,115,Colorado Rockies,113,Cincinnati Reds,4,5,1
717675,2023-06-20,2023,140,Texas Rangers,145,Chicago White Sox,6,7,1
717678,2023-06-20,2023,119,Los Angeles Dodgers,108,Los Angeles Angels,2,0,0
717679,2023-06-20,2023,133,Oakland Athletics,114,Cleveland Guardians,2,3,1
717680,2023-06-20,2023,109,Arizona Diamondbacks,158,Milwaukee Brewers,5,7,1
717681,2023-06-20,2023,118,Kansas City Royals,116,Detroit Tigers,1,0,0
717682,2023-06-20,2023,121,New York Mets,117,Houston Astros,2,4,1
717683,2023-06-20,2023,111,Boston Red Sox,142,Minnesota Twins,10,4,0
717684,2023-06-20,2023,136,Seattle Mariners,147,New York Yankees,1,3,1
717685,2023-06-20,2023,115,Colorado Rockies,113,Cincinnati Reds,6,8,1
717686,2023-06-20,2023,112,Chicago Cubs,134,Pittsburgh Pirates,4,0,0
717687,2023-06-20,2023,110,Baltimore Orioles,139,Tampa Bay Rays,8,6,0
717688,2023-06-20,2023,135,San Diego Padres,137,San Francisco Giants,3,4,1
717689,2023-06-20,2023,144,Atlanta Braves,143,Philadelphia Phillies,4,2,0
717690,2023-06-20,2023,141,Toronto Blue Jays,146,Miami Marlins,2,0,0
717691,2023-06-20,2023,138,St. Louis Cardinals,120,Washington Nationals,9,3,0
717662,2023-06-21,2023,119,Los Angeles Dodgers,108,Los Angeles Angels,2,0,0
717663,2023-06-21,2023,133,Oakland Athletics,114,Cleveland Guardians,6,7,1
717665,2023-06-21,2023,111,Boston Red Sox,142,Minnesota Twins,4,5,1
717666,2023-06-21,2023,136,Seattle Mariners,147,New York Yankees,2,4,1
717667,2023-06-21,2023,140,Texas Rangers,145,Chicago White Sox,6,3,0
717668,2023-06-21,2023,118,Kansas City Royals,116,Detroit Tigers,4,9,1
717669,2023-06-21,2023,115,Colorado Rockies,113,Cincinnati Reds,3,5,1
717670,2023-06-21,2023,121,New York Mets,117,Houston Astros,8,10,1
717671,2023-06-21,2023,112,Chicago Cubs,134,Pittsburgh Pirates,8,3,0
717672,2023-06-21,2023,109,Arizona Diamondbacks,158,Milwaukee Brewers,5,1,0
717673,2023-06-21,2023,138,St. Louis Cardinals,120,Washington Nationals,0,3,1
717674,2023-06-21,2023,135,San Diego Padres,137,San Francisco Giants,2,4,1
717676,2023-06-21,2023,141,Toronto Blue Jays,146,Miami Marlins,6,3,0
717677,2023-06-21,2023,110,Baltimore Orioles,139,Tampa Bay Rays,2,7,1
717652,2023-06-22,2023,136,Seattle Mariners,147,New York Yankees,10,2,0
717654,2023-06-22,2023,134,Pittsburgh Pirates,146,Miami Marlins,4,6,1
717657,2023-06-22,2023,144,Atlanta Braves,143,Philadelphia Phillies,5,1,0
717658,2023-06-22,2023,111,Boston Red Sox,142,Minnesota Twins,0,6,1
717659,2023-06-22,2023,118,Kansas City Royals,139,Tampa Bay Rays,6,5,0
717660,2023-06-22,2023,133,Oakland Athletics,114,Cleveland Guardians,1,6,1
717661,2023-06-22,2023,135,San Diego Padres,137,San Francisco Giants,10,0,0
717847,2023-06-22,2023,109,Arizona Diamondbacks,120,Washington Nationals,5,3,0
717641,2023-06-23,2023,109,Arizona Diamondbacks,137,San Francisco Giants,5,8,1
717642,2023-06-23,2023,120,Washington Nationals,135,San Diego Padres,3,13,1
717643,2023-06-23,2023,117,Houston Astros,119,Los Angeles Dodgers,2,3,1
717644,2023-06-23,2023,108,Los Angeles Angels,115,Colorado Rockies,4,7,1
717645,2023-06-23,2023,111,Boston Red Sox,145,Chicago White Sox,3,1,0
717646,2023-06-23,2023,133,Oakland Athletics,141,Toronto Blue Jays,5,4,0
717647,2023-06-23,2023,142,Minnesota Twins,116,Detroit Tigers,4,1,0
717648,2023-06-23,2023,158,Milwaukee Brewers,114,Cleveland Guardians,7,1,0
717649,2023-06-23,2023,118,Kansas City Royals,139,Tampa Bay Rays,3,11,1
717650,2023-06-23,2023,144,Atlanta Braves,113,Cincinnati Reds,10,11,1
717651,2023-06-23,2023,136,Seattle Mariners,110,Baltimore Orioles,13,1,0
717653,2023-06-23,2023,134,Pittsburgh Pirates,146,Miami Marlins,3,1,0
717655,2023-06-23,2023,140,Texas Rangers,147,New York Yankees,4,2,0
717656,2023-06-23,2023,121,New York Mets,143,Philadelphia Phillies,1,5,1
717625,2023-06-24,2023,158,Milwaukee Brewers,114,Cleveland Guardians,2,4,1
717626,2023-06-24,2023,117,Houston Astros,119,Los Angeles Dodgers,7,8,1
717628,2023-06-24,2023,136,Seattle Mariners,110,Baltimore Orioles,4,6,1
717629,2023-06-24,2023,111,Boston Red Sox,145,Chicago White Sox,4,5,1
717630,2023-06-24,2023,134,Pittsburgh Pirates,146,Miami Marlins,3,4,1
717631,2023-06-24,2023,144,Atlanta Braves,113,Cincinnati Reds,7,6,0
717632,2023-06-24,2023,118,Kansas City Royals,139,Tampa Bay Rays,9,4,0
717633,2023-06-24,2023,142,Minnesota Twins,116,Detroit Tigers,2,3,1
717634,2023-06-24,2023,133,Oakland Athletics,141,Toronto Blue Jays,3,7,1
717635,2023-06-24,2023,121,New York Mets,143,Philadelphia Phillies,4,2,0
717636,2023-06-24,2023,140,Texas Rangers,147,New York Yankees,0,1,1
717637,2023-06-24,2023,112,Chicago Cubs,138,St. Louis Cardinals,9,1,0
717638,2023-06-24,2023,120,Washington Nationals,135,San Diego Padres,2,0,0
717639,2023-06-24,2023,109,Arizona Diamondbacks,137,San Francisco Giants,6,7,1
717640,2023-06-24,2023,108,Los Angeles Angels,115,Colorado Rockies,25,1,0
717610,2023-06-25,2023,120,Washington Nationals,135,San Diego Padres,8,3,0
717612,2023-06-25,2023,109,Arizona Diamondbacks,137,San Francisco Giants,5,2,0
717613,2023-06-25,2023,158,Milwaukee Brewers,114,Cleveland Guardians,5,4,0
717614,2023-06-25,2023,111,Boston Red Sox,145,Chicago White Sox,1,4,1
717615,2023-06-25,2023,117,Houston Astros,119,Los Angeles Dodgers,6,5,0
717616,2023-06-25,2023,108,Los Angeles Angels,115,Colorado Rockies,3,4,1
717617,2023-06-25,2023,133,Oakland Athletics,141,Toronto Blue Jays,1,12,1
717618,2023-06-25,2023,144,Atlanta Braves,113,Cincinnati Reds,7,6,0
717619,2023-06-25,2023,118,Kansas City Royals,139,Tampa Bay Rays,1,3,1
717620,2023-06-25,2023,134,Pittsburgh Pirates,146,Miami Marlins,0,2,1
717621,2023-06-25,2023,142,Minnesota Twins,116,Detroit Tigers,6,3,0
717622,2023-06-25,2023,140,Texas Rangers,147,New York Yankees,3,5,1
717623,2023-06-25,2023,112,Chicago Cubs,138,St. Louis Cardinals,5,7,1
717624,2023-06-25,2023,121,New York Mets,143,Philadelphia Phillies,6,7,1
717627,2023-06-25,2023,136,Seattle Mariners,110,Baltimore Orioles,2,3,1
717602,2023-06-26,2023,120,Washington Nationals,136,Seattle Mariners,4,8,1
717606,2023-06-26,2023,116,Detroit Tigers,140,Texas Rangers,7,2,0
717607,2023-06-26,2023,158,Milwaukee Brewers,121,New York Mets,2,1,0
717608,2023-06-26,2023,145,Chicago White Sox,108,Los Angeles Angels,1,2,1
717609,2023-06-26,2023,142,Minnesota Twins,144,Atlanta Braves,1,4,1
717611,2023-06-26,2023,113,Cincinnati Reds,110,Baltimore Orioles,3,10,1
717590,2023-06-27,2023,120,Washington Nationals,136,Seattle Mariners,7,4,0
717591,2023-06-27,2023,114,Cleveland Guardians,118,Kansas City Royals,2,1,0
717592,2023-06-27,2023,145,Chicago White Sox,108,Los Angeles Angels,2,4,1
717593,2023-06-27,2023,139,Tampa Bay Rays,109,Arizona Diamondbacks,4,8,1
717594,2023-06-27,2023,119,Los Angeles Dodgers,115,Colorado Rockies,5,0,0
717595,2023-06-27,2023,147,New York Yankees,133,Oakland Athletics,1,2,1
717596,2023-06-27,2023,143,Philadelphia Phillies,112,Chicago Cubs,5,1,0
717597,2023-06-27,2023,158,Milwaukee Brewers,121,New York Mets,2,7,1
717598,2023-06-27,2023,117,Houston Astros,138,St. Louis Cardinals,2,4,1
717599,2023-06-27,2023,116,Detroit Tigers,140,Texas Rangers,3,8,1
717600,2023-06-27,2023,142,Minnesota Twins,144,Atlanta Braves,2,6,1
717601,2023-06-27,2023,113,Cincinnati Reds,110,Baltimore Orioles,3,1,0
717603,2023-06-27,2023,135,San Diego Padres,134,Pittsburgh Pirates,4,9,1
717604,2023-06-27,2023,137,San Francisco Giants,141,Toronto Blue Jays,3,0,0
717605,2023-06-27,2023,146,Miami Marlins,111,Boston Red Sox,10,1,0
717575,2023-06-28,2023,139,Tampa Bay Rays,109,Arizona Diamondbacks,3,2,0
717576,2023-06-28,2023,145,Chicago White Sox,108,Los Angeles Angels,11,5,0
717577,2023-06-28,2023,114,Cleveland Guardians,118,Kansas City Royals,14,1,0
717578,2023-06-28,2023,119,Los Angeles Dodgers,115,Colorado Rockies,8,9,1
717579,2023-06-28,2023,147,New York Yankees,133,Oakland Athletics,11,0,0
717580,2023-06-28,2023,116,Detroit Tigers,140,Texas Rangers,2,10,1
717581,2023-06-28,2023,158,Milwaukee Brewers,121,New York Mets,5,2,0
717582,2023-06-28,2023,117,Houston Astros,138,St. Louis Cardinals,10,7,0
717583,2023-06-28,2023,146,Miami Marlins,111,Boston Red Sox,6,2,0
717584,2023-06-28,2023,143,Philadelphia Phillies,112,Chicago Cubs,8,5,0
717585,2023-06-28,2023,135,San Diego Padres,134,Pittsburgh Pirates,1,7,1
717586,2023-06-28,2023,137,San Francisco Giants,141,Toronto Blue Jays,1,6,1
717587,2023-06-28,2023,120,Washington Nationals,136,Seattle Mariners,4,1,0
717588,2023-06-28,2023,142,Minnesota Twins,144,Atlanta Braves,0,3,1
717589,2023-06-28,2023,113,Cincinnati Reds,110,Baltimore Orioles,11,7,0
717560,2023-06-29,2023,145,Chicago White Sox,108,Los Angeles Angels,9,7,0
717564,2023-06-29,2023,137,San Francisco Giants,141,Toronto Blue Jays,1,2,1
717565,2023-06-29,2023,158,Milwaukee Brewers,121,New York Mets,3,2,0
717566,2023-06-29,2023,117,Houston Astros,138,St. Louis Cardinals,14,0,0
717567,2023-06-29,2023,143,Philadelphia Phillies,112,Chicago Cubs,3,1,0
717568,2023-06-29,2023,139,Tampa Bay Rays,109,Arizona Diamondbacks,6,1,0
717569,2023-06-29,2023,146,Miami Marlins,111,Boston Red Sox,2,0,0
717570,2023-06-29,2023,116,Detroit Tigers,140,Texas Rangers,8,5,0
717571,2023-06-29,2023,135,San Diego Padres,134,Pittsburgh Pirates,4,5,1
717572,2023-06-29,2023,119,Los Angeles Dodgers,115,Colorado Rockies,14,3,0
717573,2023-06-29,2023,114,Cleveland Guardians,118,Kansas City Royals,3,4,1
717574,2023-06-29,2023,147,New York Yankees,133,Oakland Athletics,10,4,0
717548,2023-06-30,2023,139,Tampa Bay Rays,136,Seattle Mariners,15,4,0
717549,2023-06-30,2023,109,Arizona Diamondbacks,108,Los Angeles Angels,6,2,0
717551,2023-06-30,2023,145,Chicago White Sox,133,Oakland Athletics,4,7,1
717552,2023-06-30,2023,116,Detroit Tigers,115,Colorado Rockies,5,8,1
717553,2023-06-30,2023,119,Los Angeles Dodgers,118,Kansas City Royals,9,3,0
717554,2023-06-30,2023,117,Houston Astros,140,Texas Rangers,5,3,0
717555,2023-06-30,2023,111,Boston Red Sox,141,Toronto Blue Jays,5,0,0
717556,2023-06-30,2023,137,San Francisco Giants,121,New York Mets,5,4,0
717557,2023-06-30,2023,135,San Diego Padres,113,Cincinnati Reds,5,7,1
717558,2023-06-30,2023,146,Miami Marlins,144,Atlanta Braves,4,16,1
717559,2023-06-30,2023,114,Cleveland Guardians,112,Chicago Cubs,1,10,1
717561,2023-06-30,2023,142,Minnesota Twins,110,Baltimore Orioles,8,1,0
717562,2023-06-30,2023,158,Milwaukee Brewers,134,Pittsburgh Pirates,7,8,1
717563,2023-06-30,2023,120,Washington Nationals,143,Philadelphia Phillies,2,1,0
717533,2023-07-01,2023,109,Arizona Diamondbacks,108,Los Angeles Angels,3,1,0
717534,2023-07-01,2023,139,Tampa Bay Rays,136,Seattle Mariners,3,8,1
717535,2023-07-01,2023,137,San Francisco Giants,121,New York Mets,1,4,1
717536,2023-07-01,2023,146,Miami Marlins,144,Atlanta Braves,0,7,1
717537,2023-07-01,2023,119,Los Angeles Dodgers,118,Kansas City Royals,4,6,1
717538,2023-07-01,2023,145,Chicago White Sox,133,Oakland Athletics,6,7,1
717539,2023-07-01,2023,135,San Diego Padres,113,Cincinnati Reds,12,5,0
717540,2023-07-01,2023,158,Milwaukee Brewers,134,Pittsburgh Pirates,11,8,0
717541,2023-07-01,2023,142,Minnesota Twins,110,Baltimore Orioles,1,0,0
717542,2023-07-01,2023,117,Houston Astros,140,Texas Rangers,2,5,1
717543,2023-07-01,2023,120,Washington Nationals,143,Philadelphia Phillies,4,19,1
717544,2023-07-01,2023,116,Detroit Tigers,115,Colorado Rockies,4,2,0
717545,2023-07-01,2023,147,New York Yankees,138,St. Louis Cardinals,4,11,1
717546,2023-07-01,2023,114,Cleveland Guardians,112,Chicago Cubs,6,0,0
717547,2023-07-01,2023,111,Boston Red Sox,141,Toronto Blue Jays,7,6,0
717550,2023-07-01,2023,147,New York Yankees,138,St. Louis Cardinals,6,2,0
717518,2023-07-02,2023,145,Chicago White Sox,133,Oakland Athletics,8,7,0
717519,2023-07-02,2023,139,Tampa Bay Rays,136,Seattle Mariners,6,7,1
717520,2023-07-02,2023,117,Houston Astros,140,Texas Rangers,5,3,0
717521,2023-07-02,2023,114,Cleveland Guardians,112,Chicago Cubs,8,6,0
717522,2023-07-02,2023,109,Arizona Diamondbacks,108,Los Angeles Angels,2,5,1
717523,2023-07-02,2023,116,Detroit Tigers,115,Colorado Rockies,14,9,0
717524,2023-07-02,2023,147,New York Yankees,138,St. Louis Cardinals,1,5,1
717525,2023-07-02,2023,137,San Francisco Giants,121,New York Mets,4,8,1
717526,2023-07-02,2023,135,San Diego Padres,113,Cincinnati Reds,3,4,1
717527,2023-07-02,2023,119,Los Angeles Dodgers,118,Kansas City Royals,1,9,1
717528,2023-07-02,2023,120,Washington Nationals,143,Philadelphia Phillies,5,4,0
717529,2023-07-02,2023,142,Minnesota Twins,110,Baltimore Orioles,1,2,1
717530,2023-07-02,2023,111,Boston Red Sox,141,Toronto Blue Jays,5,4,0
717531,2023-07-02,2023,158,Milwaukee Brewers,134,Pittsburgh Pirates,6,3,0
717532,2023-07-02,2023,146,Miami Marlins,144,Atlanta Braves,3,6,1
717505,2023-07-03,2023,108,Los Angeles Angels,135,San Diego Padres,3,10,1
717506,2023-07-03,2023,134,Pittsburgh Pirates,119,Los Angeles Dodgers,2,5,1
717510,2023-07-03,2023,118,Kansas City Royals,142,Minnesota Twins,4,8,1
717511,2023-07-03,2023,112,Chicago Cubs,158,Milwaukee Brewers,6,8,1
717512,2023-07-03,2023,144,Atlanta Braves,114,Cleveland Guardians,4,2,0
717513,2023-07-03,2023,110,Baltimore Orioles,147,New York Yankees,3,6,1
717514,2023-07-03,2023,117,Houston Astros,140,Texas Rangers,12,11,0
717515,2023-07-03,2023,138,St. Louis Cardinals,146,Miami Marlins,4,5,1
717516,2023-07-03,2023,136,Seattle Mariners,137,San Francisco Giants,6,5,0
717517,2023-07-03,2023,113,Cincinnati Reds,120,Washington Nationals,3,2,0
717492,2023-07-04,2023,134,Pittsburgh Pirates,119,Los Angeles Dodgers,9,7,0
717494,2023-07-04,2023,133,Oakland Athletics,116,Detroit Tigers,1,0,0
717495,2023-07-04,2023,144,Atlanta Braves,114,Cleveland Guardians,5,6,1
717496,2023-07-04,2023,141,Toronto Blue Jays,145,Chicago White Sox,4,3,0
717497,2023-07-04,2023,108,Los Angeles Angels,135,San Diego Padres,5,8,1
717498,2023-07-04,2023,121,New York Mets,109,Arizona Diamondbacks,8,5,0
717499,2023-07-04,2023,143,Philadelphia Phillies,139,Tampa Bay Rays,3,1,0
717500,2023-07-04,2023,118,Kansas City Royals,142,Minnesota Twins,3,9,1
717501,2023-07-04,2023,140,Texas Rangers,111,Boston Red Sox,6,2,0
717502,2023-07-04,2023,138,St. Louis Cardinals,146,Miami Marlins,2,15,1
717503,2023-07-04,2023,112,Chicago Cubs,158,Milwaukee Brewers,7,6,0
717504,2023-07-04,2023,115,Colorado Rockies,117,Houston Astros,1,4,1
717507,2023-07-04,2023,113,Cincinnati Reds,120,Washington Nationals,8,4,0
717508,2023-07-04,2023,110,Baltimore Orioles,147,New York Yankees,4,8,1
717509,2023-07-04,2023,136,Seattle Mariners,137,San Francisco Giants,6,0,0
717477,2023-07-05,2023,121,New York Mets,109,Arizona Diamondbacks,2,1,0
717478,2023-07-05,2023,108,Los Angeles Angels,135,San Diego Padres,3,5,1
717479,2023-07-05,2023,134,Pittsburgh Pirates,119,Los Angeles Dodgers,4,6,1
717482,2023-07-05,2023,118,Kansas City Royals,142,Minnesota Twins,0,5,1
717483,2023-07-05,2023,112,Chicago Cubs,158,Milwaukee Brewers,4,3,0
717484,2023-07-05,2023,140,Texas Rangers,111,Boston Red Sox,2,4,1
717485,2023-07-05,2023,133,Oakland Athletics,116,Detroit Tigers,12,3,0
717486,2023-07-05,2023,144,Atlanta Braves,114,Cleveland Guardians,8,1,0
717487,2023-07-05,2023,110,Baltimore Orioles,147,New York Yankees,6,3,0
717488,2023-07-05,2023,138,St. Louis Cardinals,146,Miami Marlins,9,10,1
717489,2023-07-05,2023,115,Colorado Rockies,117,Houston Astros,4,6,1
717490,2023-07-05,2023,136,Seattle Mariners,137,San Francisco Giants,0,2,1
717491,2023-07-05,2023,143,Philadelphia Phillies,139,Tampa Bay Rays,8,4,0
717493,2023-07-05,2023,113,Cincinnati Reds,120,Washington Nationals,9,2,0
717462,2023-07-06,2023,134,Pittsburgh Pirates,119,Los Angeles Dodgers,2,5,1
717467,2023-07-06,2023,136,Seattle Mariners,117,Houston Astros,5,1,0
717468,2023-07-06,2023,141,Toronto Blue Jays,145,Chicago White Sox,6,2,0
717469,2023-07-06,2023,118,Kansas City Royals,114,Cleveland Guardians,1,6,1
717470,2023-07-06,2023,121,New York Mets,109,Arizona Diamondbacks,9,0,0
717471,2023-07-06,2023,140,Texas Rangers,111,Boston Red Sox,6,10,1
717472,2023-07-06,2023,143,Philadelphia Phillies,139,Tampa Bay Rays,3,1,0
717473,2023-07-06,2023,138,St. Louis Cardinals,146,Miami Marlins,3,0,0
717474,2023-07-06,2023,112,Chicago Cubs,158,Milwaukee Brewers,5,6,1
717475,2023-07-06,2023,110,Baltimore Orioles,147,New York Yankees,14,1,0
717476,2023-07-06,2023,133,Oakland Athletics,116,Detroit Tigers,0,9,1
717480,2023-07-06,2023,141,Toronto Blue Jays,145,Chicago White Sox,5,4,0
717481,2023-07-06,2023,113,Cincinnati Reds,120,Washington Nationals,5,4,0
717448,2023-07-07,2023,115,Colorado Rockies,137,San Francisco Giants,5,2,0
717452,2023-07-07,2023,134,Pittsburgh Pirates,109,Arizona Diamondbacks,3,7,1
717453,2023-07-07,2023,136,Seattle Mariners,117,Houston Astros,10,1,0
717454,2023-07-07,2023,121,New York Mets,135,San Diego Padres,7,5,0
717455,2023-07-07,2023,138,St. Louis Cardinals,145,Chicago White Sox,7,8,1
717456,2023-07-07,2023,108,Los Angeles Angels,119,Los Angeles Dodgers,4,11,1
717457,2023-07-07,2023,141,Toronto Blue Jays,116,Detroit Tigers,12,2,0
717458,2023-07-07,2023,110,Baltimore Orioles,142,Minnesota Twins,3,1,0
717459,2023-07-07,2023,113,Cincinnati Reds,158,Milwaukee Brewers,3,7,1
717460,2023-07-07,2023,144,Atlanta Braves,139,Tampa Bay Rays,2,1,0
717461,2023-07-07,2023,133,Oakland Athletics,111,Boston Red Sox,3,7,1
717463,2023-07-07,2023,118,Kansas City Royals,114,Cleveland Guardians,0,3,1
717464,2023-07-07,2023,112,Chicago Cubs,147,New York Yankees,3,0,0
717465,2023-07-07,2023,140,Texas Rangers,120,Washington Nationals,7,2,0
717466,2023-07-07,2023,143,Philadelphia Phillies,146,Miami Marlins,4,3,0
717436,2023-07-08,2023,121,New York Mets,135,San Diego Padres,1,3,1
717437,2023-07-08,2023,108,Los Angeles Angels,119,Los Angeles Dodgers,5,10,1
717438,2023-07-08,2023,143,Philadelphia Phillies,146,Miami Marlins,3,5,1
717439,2023-07-08,2023,134,Pittsburgh Pirates,109,Arizona Diamondbacks,2,3,1
717440,2023-07-08,2023,136,Seattle Mariners,117,Houston Astros,2,3,1
717441,2023-07-08,2023,144,Atlanta Braves,139,Tampa Bay Rays,6,1,0
717442,2023-07-08,2023,141,Toronto Blue Jays,116,Detroit Tigers,0,2,1
717443,2023-07-08,2023,118,Kansas City Royals,114,Cleveland Guardians,6,10,1
717444,2023-07-08,2023,113,Cincinnati Reds,158,Milwaukee Brewers,8,5,0
717445,2023-07-08,2023,138,St. Louis Cardinals,145,Chicago White Sox,3,0,0
717446,2023-07-08,2023,110,Baltimore Orioles,142,Minnesota Twins,6,2,0
717447,2023-07-08,2023,112,Chicago Cubs,147,New York Yankees,3,6,1
717449,2023-07-08,2023,133,Oakland Athletics,111,Boston Red Sox,3,10,1
717450,2023-07-08,2023,140,Texas Rangers,120,Washington Nationals,3,8,1
717451,2023-07-08,2023,115,Colorado Rockies,137,San Francisco Giants,3,5,1
717422,2023-07-09,2023,115,Colorado Rockies,137,San Francisco Giants,0,1,1
717423,2023-07-09,2023,121,New York Mets,135,San Diego Padres,2,6,1
717424,2023-07-09,2023,138,St. Louis Cardinals,145,Chicago White Sox,4,3,0
717425,2023-07-09,2023,134,Pittsburgh Pirates,109,Arizona Diamondbacks,4,2,0
717426,2023-07-09,2023,143,Philadelphia Phillies,146,Miami Marlins,3,7,1
717427,2023-07-09,2023,113,Cincinnati Reds,158,Milwaukee Brewers,0,1,1
717428,2023-07-09,2023,110,Baltimore Orioles,142,Minnesota Twins,15,2,0
717429,2023-07-09,2023,144,Atlanta Braves,139,Tampa Bay Rays,4,10,1
717430,2023-07-09,2023,136,Seattle Mariners,117,Houston Astros,3,1,0
717431,2023-07-09,2023,141,Toronto Blue Jays,116,Detroit Tigers,4,3,0
717432,2023-07-09,2023,140,Texas Rangers,120,Washington Nationals,2,7,1
717433,2023-07-09,2023,112,Chicago Cubs,147,New York Yankees,7,4,0
717434,2023-07-09,2023,118,Kansas City Royals,114,Cleveland Guardians,4,1,0
717435,2023-07-09,2023,133,Oakland Athletics,111,Boston Red Sox,3,4,1
717405,2023-07-14,2023,117,Houston Astros,108,Los Angeles Angels,7,5,0
717406,2023-07-14,2023,116,Detroit Tigers,136,Seattle Mariners,5,4,0
717407,2023-07-14,2023,120,Washington Nationals,138,St. Louis Cardinals,7,5,0
717407,2023-07-14,2023,120,Washington Nationals,138,St. Louis Cardinals,7,5,0
717409,2023-07-14,2023,142,Minnesota Twins,133,Oakland Athletics,5,4,0
717410,2023-07-14,2023,147,New York Yankees,115,Colorado Rockies,2,7,1
717412,2023-07-14,2023,158,Milwaukee Brewers,113,Cincinnati Reds,1,0,0
717413,2023-07-14,2023,119,Los Angeles Dodgers,121,New York Mets,6,0,0
717414,2023-07-14,2023,145,Chicago White Sox,144,Atlanta Braves,0,9,1
717415,2023-07-14,2023,114,Cleveland Guardians,140,Texas Rangers,4,12,1
717416,2023-07-14,2023,137,San Francisco Giants,134,Pittsburgh Pirates,6,4,0
717417,2023-07-14,2023,146,Miami Marlins,110,Baltimore Orioles,2,5,1
717418,2023-07-14,2023,135,San Diego Padres,143,Philadelphia Phillies,8,3,0
717419,2023-07-14,2023,111,Boston Red Sox,112,Chicago Cubs,8,3,0
717420,2023-07-14,2023,109,Arizona Diamondbacks,141,Toronto Blue Jays,2,7,1
717389,2023-07-15,2023,117,Houston Astros,108,Los Angeles Angels,12,13,1
717390,2023-07-15,2023,116,Detroit Tigers,136,Seattle Mariners,6,0,0
717392,2023-07-15,2023,158,Milwaukee Brewers,113,Cincinnati Reds,3,0,0
717393,2023-07-15,2023,139,Tampa Bay Rays,118,Kansas City Royals,4,2,0
717394,2023-07-15,2023,147,New York Yankees,115,Colorado Rockies,6,3,0
717395,2023-07-15,2023,145,Chicago White Sox,144,Atlanta Braves,6,5,0
717396,2023-07-15,2023,120,Washington Nationals,138,St. Louis Cardinals,6,9,1
717397,2023-07-15,2023,135,San Diego Padres,143,Philadelphia Phillies,4,9,1
717398,2023-07-15,2023,137,San Francisco Giants,134,Pittsburgh Pirates,3,1,0
717399,2023-07-15,2023,142,Minnesota Twins,133,Oakland Athletics,10,7,0
717400,2023-07-15,2023,119,Los Angeles Dodgers,121,New York Mets,5,1,0
717401,2023-07-15,2023,146,Miami Marlins,110,Baltimore Orioles,5,6,1
717402,2023-07-15,2023,114,Cleveland Guardians,140,Texas Rangers,0,2,1
717403,2023-07-15,2023,111,Boston Red Sox,112,Chicago Cubs,4,10,1
717404,2023-07-15,2023,109,Arizona Diamondbacks,141,Toronto Blue Jays,2,5,1
717408,2023-07-15,2023,135,San Diego Padres,143,Philadelphia Phillies,4,6,1
717411,2023-07-15,2023,139,Tampa Bay Rays,118,Kansas City Royals,6,1,0
717373,2023-07-16,2023,116,Detroit Tigers,136,Seattle Mariners,0,2,1
717376,2023-07-16,2023,111,Boston Red Sox,112,Chicago Cubs,11,5,0
717377,2023-07-16,2023,114,Cleveland Guardians,140,Texas Rangers,5,6,1
717378,2023-07-16,2023,147,New York Yankees,115,Colorado Rockies,7,8,1
717379,2023-07-16,2023,142,Minnesota Twins,133,Oakland Athletics,5,4,0
717380,2023-07-16,2023,120,Washington Nationals,138,St. Louis Cardinals,4,8,1
717381,2023-07-16,2023,117,Houston Astros,108,Los Angeles Angels,9,8,0
717382,2023-07-16,2023,139,Tampa Bay Rays,118,Kansas City Royals,4,8,1
717383,2023-07-16,2023,158,Milwaukee Brewers,113,Cincinnati Reds,4,3,0
717384,2023-07-16,2023,146,Miami Marlins,110,Baltimore Orioles,4,5,1
717385,2023-07-16,2023,119,Los Angeles Dodgers,121,New York Mets,1,2,1
717386,2023-07-16,2023,109,Arizona Diamondbacks,141,Toronto Blue Jays,5,7,1
717387,2023-07-16,2023,135,San Diego Padres,143,Philadelphia Phillies,6,7,1
717388,2023-07-16,2023,137,San Francisco Giants,134,Pittsburgh Pirates,8,4,0
717391,2023-07-16,2023,145,Chicago White Sox,144,Atlanta Braves,8,1,0
717365,2023-07-17,2023,142,Minnesota Twins,136,Seattle Mariners,6,7,1
717366,2023-07-17,2023,111,Boston Red Sox,133,Oakland Athletics,7,0,0
717367,2023-07-17,2023,139,Tampa Bay Rays,140,Texas Rangers,2,3,1
717368,2023-07-17,2023,116,Detroit Tigers,118,Kansas City Royals,3,2,0
717369,2023-07-17,2023,147,New York Yankees,108,Los Angeles Angels,3,4,1
717370,2023-07-17,2023,120,Washington Nationals,112,Chicago Cubs,7,5,0
717371,2023-07-17,2023,114,Cleveland Guardians,134,Pittsburgh Pirates,11,0,0
717372,2023-07-17,2023,119,Los Angeles Dodgers,110,Baltimore Orioles,6,4,0
717374,2023-07-17,2023,146,Miami Marlins,138,St. Louis Cardinals,4,6,1
717375,2023-07-17,2023,137,San Francisco Giants,113,Cincinnati Reds,4,2,0
717375,2023-07-17,2023,137,San Francisco Giants,113,Cincinnati Reds,4,2,0
717349,2023-07-18,2023,111,Boston Red Sox,133,Oakland Athletics,0,3,1
717350,2023-07-18,2023,142,Minnesota Twins,136,Seattle Mariners,10,3,0
717352,2023-07-18,2023,147,New York Yankees,108,Los Angeles Angels,1,5,1
717353,2023-07-18,2023,120,Washington Nationals,112,Chicago Cubs,3,17,1
717354,2023-07-18,2023,139,Tampa Bay Rays,140,Texas Rangers,3,5,1
717355,2023-07-18,2023,117,Houston Astros,115,Colorado Rockies,3,4,1
717356,2023-07-18,2023,116,Detroit Tigers,118,Kansas City Royals,10,11,1
717357,2023-07-18,2023,146,Miami Marlins,138,St. Louis Cardinals,2,5,1
717358,2023-07-18,2023,109,Arizona Diamondbacks,144,Atlanta Braves,16,13,0
717359,2023-07-18,2023,145,Chicago White Sox,121,New York Mets,10,11,1
717360,2023-07-18,2023,137,San Francisco Giants,113,Cincinnati Reds,11,10,0
717361,2023-07-18,2023,119,Los Angeles Dodgers,110,Baltimore Orioles,10,3,0
717362,2023-07-18,2023,135,San Diego Padres,141,Toronto Blue Jays,9,1,0
717363,2023-07-18,2023,158,Milwaukee Brewers,143,Philadelphia Phillies,3,4,1
717364,2023-07-18,2023,114,Cleveland Guardians,134,Pittsburgh Pirates,10,1,0
717333,2023-07-19,2023,116,Detroit Tigers,118,Kansas City Royals,3,2,0
717335,2023-07-19,2023,142,Minnesota Twins,136,Seattle Mariners,6,3,0
717336,2023-07-19,2023,120,Washington Nationals,112,Chicago Cubs,3,8,1
717338,2023-07-19,2023,135,San Diego Padres,141,Toronto Blue Jays,2,0,0
717339,2023-07-19,2023,147,New York Yankees,108,Los Angeles Angels,3,7,1
717340,2023-07-19,2023,109,Arizona Diamondbacks,144,Atlanta Braves,5,3,0
717341,2023-07-19,2023,145,Chicago White Sox,121,New York Mets,1,5,1
717342,2023-07-19,2023,137,San Francisco Giants,113,Cincinnati Reds,2,3,1
717343,2023-07-19,2023,119,Los Angeles Dodgers,110,Baltimore Orioles,5,8,1
717344,2023-07-19,2023,111,Boston Red Sox,133,Oakland Athletics,5,6,1
717345,2023-07-19,2023,117,Houston Astros,115,Colorado Rockies,4,1,0
717346,2023-07-19,2023,139,Tampa Bay Rays,140,Texas Rangers,1,5,1
717347,2023-07-19,2023,158,Milwaukee Brewers,143,Philadelphia Phillies,5,3,0
717348,2023-07-19,2023,114,Cleveland Guardians,134,Pittsburgh Pirates,5,7,1
717351,2023-07-19,2023,146,Miami Marlins,138,St. Louis Cardinals,4,6,1
717322,2023-07-20,2023,138,St. Louis Cardinals,112,Chicago Cubs,7,2,0
717323,2023-07-20,2023,117,Houston Astros,133,Oakland Athletics,3,1,0
717327,2023-07-20,2023,142,Minnesota Twins,136,Seattle Mariners,0,5,1
717328,2023-07-20,2023,110,Baltimore Orioles,139,Tampa Bay Rays,4,3,0
717329,2023-07-20,2023,158,Milwaukee Brewers,143,Philadelphia Phillies,4,0,0
717330,2023-07-20,2023,145,Chicago White Sox,121,New York Mets,6,2,0
717331,2023-07-20,2023,135,San Diego Padres,141,Toronto Blue Jays,0,4,1
717332,2023-07-20,2023,116,Detroit Tigers,118,Kansas City Royals,3,0,0
717334,2023-07-20,2023,137,San Francisco Giants,113,Cincinnati Reds,1,5,1
717337,2023-07-20,2023,109,Arizona Diamondbacks,144,Atlanta Braves,5,7,1
717310,2023-07-21,2023,117,Houston Astros,133,Oakland Athletics,6,4,0
717311,2023-07-21,2023,141,Toronto Blue Jays,136,Seattle Mariners,2,3,1
717312,2023-07-21,2023,134,Pittsburgh Pirates,108,Los Angeles Angels,5,8,1
717313,2023-07-21,2023,144,Atlanta Braves,158,Milwaukee Brewers,6,4,0
717314,2023-07-21,2023,145,Chicago White Sox,142,Minnesota Twins,4,9,1
717315,2023-07-21,2023,143,Philadelphia Phillies,114,Cleveland Guardians,5,6,1
717316,2023-07-21,2023,119,Los Angeles Dodgers,140,Texas Rangers,11,5,0
717317,2023-07-21,2023,135,San Diego Padres,116,Detroit Tigers,5,4,0
717318,2023-07-21,2023,118,Kansas City Royals,147,New York Yankees,4,5,1
717319,2023-07-21,2023,115,Colorado Rockies,146,Miami Marlins,6,1,0
717320,2023-07-21,2023,110,Baltimore Orioles,139,Tampa Bay Rays,0,3,1
717321,2023-07-21,2023,109,Arizona Diamondbacks,113,Cincinnati Reds,6,9,1
717324,2023-07-21,2023,121,New York Mets,111,Boston Red Sox,5,4,0
717324,2023-07-21,2023,121,New York Mets,111,Boston Red Sox,5,4,0
717325,2023-07-21,2023,138,St. Louis Cardinals,112,Chicago Cubs,3,4,1
717326,2023-07-21,2023,137,San Francisco Giants,120,Washington Nationals,3,5,1
717293,2023-07-22,2023,145,Chicago White Sox,142,Minnesota Twins,2,3,1
717295,2023-07-22,2023,117,Houston Astros,133,Oakland Athletics,1,4,1
717296,2023-07-22,2023,144,Atlanta Braves,158,Milwaukee Brewers,3,4,1
717297,2023-07-22,2023,134,Pittsburgh Pirates,108,Los Angeles Angels,3,0,0
717299,2023-07-22,2023,135,San Diego Padres,116,Detroit Tigers,14,3,0
717300,2023-07-22,2023,110,Baltimore Orioles,139,Tampa Bay Rays,6,5,0
717301,2023-07-22,2023,141,Toronto Blue Jays,136,Seattle Mariners,8,9,1
717302,2023-07-22,2023,143,Philadelphia Phillies,114,Cleveland Guardians,0,1,1
717303,2023-07-22,2023,109,Arizona Diamondbacks,113,Cincinnati Reds,2,4,1
717304,2023-07-22,2023,118,Kansas City Royals,147,New York Yankees,2,5,1
717305,2023-07-22,2023,119,Los Angeles Dodgers,140,Texas Rangers,16,3,0
717306,2023-07-22,2023,115,Colorado Rockies,146,Miami Marlins,4,3,0
717307,2023-07-22,2023,137,San Francisco Giants,120,Washington Nationals,1,10,1
717308,2023-07-22,2023,138,St. Louis Cardinals,112,Chicago Cubs,6,8,1
717309,2023-07-22,2023,121,New York Mets,111,Boston Red Sox,6,8,1
717278,2023-07-23,2023,134,Pittsburgh Pirates,108,Los Angeles Angels,5,7,1
717279,2023-07-23,2023,117,Houston Astros,133,Oakland Athletics,3,2,0
717281,2023-07-23,2023,141,Toronto Blue Jays,136,Seattle Mariners,4,3,0
717283,2023-07-23,2023,143,Philadelphia Phillies,114,Cleveland Guardians,8,5,0
717284,2023-07-23,2023,119,Los Angeles Dodgers,140,Texas Rangers,4,8,1
717285,2023-07-23,2023,145,Chicago White Sox,142,Minnesota Twins,4,5,1
717286,2023-07-23,2023,138,St. Louis Cardinals,112,Chicago Cubs,2,7,1
717287,2023-07-23,2023,144,Atlanta Braves,158,Milwaukee Brewers,4,2,0
717288,2023-07-23,2023,135,San Diego Padres,116,Detroit Tigers,1,3,1
717289,2023-07-23,2023,109,Arizona Diamondbacks,113,Cincinnati Reds,3,7,1
717290,2023-07-23,2023,137,San Francisco Giants,120,Washington Nationals,1,6,1
717291,2023-07-23,2023,110,Baltimore Orioles,139,Tampa Bay Rays,5,3,0
717292,2023-07-23,2023,115,Colorado Rockies,146,Miami Marlins,2,3,1
717294,2023-07-23,2023,118,Kansas City Royals,147,New York Yankees,5,8,1
717298,2023-07-23,2023,121,New York Mets,111,Boston Red Sox,1,6,1
717268,2023-07-24,2023,138,St. Louis Cardinals,109,Arizona Diamondbacks,10,6,0
717271,2023-07-24,2023,141,Toronto Blue Jays,119,Los Angeles Dodgers,6,3,0
717273,2023-07-24,2023,113,Cincinnati Reds,158,Milwaukee Brewers,2,3,1
717274,2023-07-24,2023,140,Texas Rangers,117,Houston Astros,9,10,1
717275,2023-07-24,2023,136,Seattle Mariners,142,Minnesota Twins,3,4,1
717276,2023-07-24,2023,134,Pittsburgh Pirates,135,San Diego Padres,8,4,0
717277,2023-07-24,2023,118,Kansas City Royals,114,Cleveland Guardians,5,3,0
717280,2023-07-24,2023,110,Baltimore Orioles,143,Philadelphia Phillies,3,2,0
717282,2023-07-24,2023,115,Colorado Rockies,120,Washington Nationals,10,6,0
718558,2023-07-24,2023,137,San Francisco Giants,116,Detroit Tigers,1,5,1
717255,2023-07-25,2023,140,Texas Rangers,117,Houston Astros,3,4,1
717256,2023-07-25,2023,141,Toronto Blue Jays,119,Los Angeles Dodgers,7,8,1
717258,2023-07-25,2023,134,Pittsburgh Pirates,135,San Diego Padres,1,5,1
717259,2023-07-25,2023,138,St. Louis Cardinals,109,Arizona Diamondbacks,1,3,1
717260,2023-07-25,2023,118,Kansas City Royals,114,Cleveland Guardians,1,5,1
717261,2023-07-25,2023,144,Atlanta Braves,111,Boston Red Sox,1,7,1
717262,2023-07-25,2023,113,Cincinnati Reds,158,Milwaukee Brewers,4,3,0
717263,2023-07-25,2023,112,Chicago Cubs,145,Chicago White Sox,7,3,0
717264,2023-07-25,2023,136,Seattle Mariners,142,Minnesota Twins,9,7,0
717265,2023-07-25,2023,108,Los Angeles Angels,116,Detroit Tigers,7,6,0
717266,2023-07-25,2023,121,New York Mets,147,New York Yankees,9,3,0
717267,2023-07-25,2023,110,Baltimore Orioles,143,Philadelphia Phillies,3,4,1
717269,2023-07-25,2023,115,Colorado Rockies,120,Washington Nationals,5,6,1
717270,2023-07-25,2023,146,Miami Marlins,139,Tampa Bay Rays,1,4,1
717272,2023-07-25,2023,133,Oakland Athletics,137,San Francisco Giants,1,2,1
717239,2023-07-26,2023,140,Texas Rangers,117,Houston Astros,13,5,0
717240,2023-07-26,2023,112,Chicago Cubs,145,Chicago White Sox,10,7,0
717242,2023-07-26,2023,144,Atlanta Braves,111,Boston Red Sox,3,5,1
717244,2023-07-26,2023,138,St. Louis Cardinals,109,Arizona Diamondbacks,11,7,0
717245,2023-07-26,2023,110,Baltimore Orioles,143,Philadelphia Phillies,4,6,1
717246,2023-07-26,2023,134,Pittsburgh Pirates,135,San Diego Padres,3,2,0
717248,2023-07-26,2023,121,New York Mets,147,New York Yankees,1,3,1
717249,2023-07-26,2023,118,Kansas City Royals,114,Cleveland Guardians,3,8,1
717250,2023-07-26,2023,136,Seattle Mariners,142,Minnesota Twins,8,7,0
717251,2023-07-26,2023,133,Oakland Athletics,137,San Francisco Giants,3,8,1
717252,2023-07-26,2023,146,Miami Marlins,139,Tampa Bay Rays,7,1,0
717253,2023-07-26,2023,141,Toronto Blue Jays,119,Los Angeles Dodgers,8,1,0
717254,2023-07-26,2023,113,Cincinnati Reds,158,Milwaukee Brewers,0,3,1
717257,2023-07-26,2023,115,Colorado Rockies,120,Washington Nationals,4,5,1
717233,2023-07-27,2023,114,Cleveland Guardians,145,Chicago White Sox,6,3,0
717238,2023-07-27,2023,112,Chicago Cubs,138,St. Louis Cardinals,10,3,0
717241,2023-07-27,2023,120,Washington Nationals,121,New York Mets,1,2,1
717243,2023-07-27,2023,108,Los Angeles Angels,116,Detroit Tigers,6,0,0
717247,2023-07-27,2023,108,Los Angeles Angels,116,Detroit Tigers,11,4,0
717220,2023-07-28,2023,111,Boston Red Sox,137,San Francisco Giants,3,2,0
717223,2023-07-28,2023,136,Seattle Mariners,109,Arizona Diamondbacks,5,2,0
717224,2023-07-28,2023,140,Texas Rangers,135,San Diego Padres,1,7,1
717225,2023-07-28,2023,113,Cincinnati Reds,119,Los Angeles Dodgers,6,5,0
717226,2023-07-28,2023,112,Chicago Cubs,138,St. Louis Cardinals,3,2,0
717227,2023-07-28,2023,133,Oakland Athletics,115,Colorado Rockies,8,5,0
717228,2023-07-28,2023,114,Cleveland Guardians,145,Chicago White Sox,0,3,1
717229,2023-07-28,2023,139,Tampa Bay Rays,117,Houston Astros,4,3,0
717230,2023-07-28,2023,120,Washington Nationals,121,New York Mets,1,5,1
717231,2023-07-28,2023,158,Milwaukee Brewers,144,Atlanta Braves,7,10,1
717232,2023-07-28,2023,142,Minnesota Twins,118,Kansas City Royals,5,8,1
717234,2023-07-28,2023,143,Philadelphia Phillies,134,Pittsburgh Pirates,2,1,0
717235,2023-07-28,2023,108,Los Angeles Angels,141,Toronto Blue Jays,1,4,1
717236,2023-07-28,2023,116,Detroit Tigers,146,Miami Marlins,5,6,1
717237,2023-07-28,2023,147,New York Yankees,110,Baltimore Orioles,0,1,1
717205,2023-07-29,2023,113,Cincinnati Reds,119,Los Angeles Dodgers,2,3,1
717207,2023-07-29,2023,142,Minnesota Twins,118,Kansas City Royals,7,10,1
717209,2023-07-29,2023,140,Texas Rangers,135,San Diego Padres,0,4,1
717210,2023-07-29,2023,136,Seattle Mariners,109,Arizona Diamondbacks,3,4,1
717211,2023-07-29,2023,158,Milwaukee Brewers,144,Atlanta Braves,5,11,1
717212,2023-07-29,2023,133,Oakland Athletics,115,Colorado Rockies,11,3,0
717213,2023-07-29,2023,112,Chicago Cubs,138,St. Louis Cardinals,5,1,0
717214,2023-07-29,2023,139,Tampa Bay Rays,117,Houston Astros,4,17,1
717215,2023-07-29,2023,120,Washington Nationals,121,New York Mets,11,6,0
717216,2023-07-29,2023,143,Philadelphia Phillies,134,Pittsburgh Pirates,6,7,1
717217,2023-07-29,2023,114,Cleveland Guardians,145,Chicago White Sox,2,7,1
717218,2023-07-29,2023,116,Detroit Tigers,146,Miami Marlins,5,0,0
717219,2023-07-29,2023,147,New York Yankees,110,Baltimore Orioles,8,3,0
717221,2023-07-29,2023,111,Boston Red Sox,137,San Francisco Giants,2,3,1
717222,2023-07-29,2023,108,Los Angeles Angels,141,Toronto Blue Jays,1,6,1
717191,2023-07-30,2023,140,Texas Rangers,135,San Diego Padres,3,5,1
717193,2023-07-30,2023,136,Seattle Mariners,109,Arizona Diamondbacks,4,0,0
717194,2023-07-30,2023,113,Cincinnati Reds,119,Los Angeles Dodgers,9,0,0
717195,2023-07-30,2023,112,Chicago Cubs,138,St. Louis Cardinals,0,3,1
717196,2023-07-30,2023,139,Tampa Bay Rays,117,Houston Astros,8,2,0
717197,2023-07-30,2023,111,Boston Red Sox,137,San Francisco Giants,3,4,1
717198,2023-07-30,2023,142,Minnesota Twins,118,Kansas City Royals,1,2,1
717199,2023-07-30,2023,133,Oakland Athletics,115,Colorado Rockies,0,2,1
717200,2023-07-30,2023,147,New York Yankees,110,Baltimore Orioles,3,9,1
717201,2023-07-30,2023,108,Los Angeles Angels,141,Toronto Blue Jays,3,2,0
717202,2023-07-30,2023,116,Detroit Tigers,146,Miami Marlins,6,8,1
717203,2023-07-30,2023,120,Washington Nationals,121,New York Mets,2,5,1
717204,2023-07-30,2023,114,Cleveland Guardians,145,Chicago White Sox,5,0,0
717206,2023-07-30,2023,158,Milwaukee Brewers,144,Atlanta Braves,6,8,1
717208,2023-07-30,2023,143,Philadelphia Phillies,134,Pittsburgh Pirates,4,6,1
717179,2023-07-31,2023,135,San Diego Padres,115,Colorado Rockies,3,4,1
717181,2023-07-31,2023,111,Boston Red Sox,136,Seattle Mariners,2,6,1
717184,2023-07-31,2023,114,Cleveland Guardians,117,Houston Astros,3,7,1
717185,2023-07-31,2023,139,Tampa Bay Rays,147,New York Yankees,5,1,0
717186,2023-07-31,2023,110,Baltimore Orioles,141,Toronto Blue Jays,4,2,0
717187,2023-07-31,2023,108,Los Angeles Angels,144,Atlanta Braves,4,1,0
717188,2023-07-31,2023,113,Cincinnati Reds,112,Chicago Cubs,6,5,0
717189,2023-07-31,2023,143,Philadelphia Phillies,146,Miami Marlins,4,2,0
717190,2023-07-31,2023,109,Arizona Diamondbacks,137,San Francisco Giants,4,3,0
717192,2023-07-31,2023,158,Milwaukee Brewers,120,Washington Nationals,3,5,1
717167,2023-08-01,2023,111,Boston Red Sox,136,Seattle Mariners,6,4,0
717168,2023-08-01,2023,145,Chicago White Sox,140,Texas Rangers,0,2,1
717169,2023-08-01,2023,135,San Diego Padres,115,Colorado Rockies,8,5,0
717170,2023-08-01,2023,121,New York Mets,118,Kansas City Royals,6,7,1
717171,2023-08-01,2023,133,Oakland Athletics,119,Los Angeles Dodgers,3,7,1
717172,2023-08-01,2023,114,Cleveland Guardians,117,Houston Astros,0,2,1
717173,2023-08-01,2023,113,Cincinnati Reds,112,Chicago Cubs,9,20,1
717174,2023-08-01,2023,142,Minnesota Twins,138,St. Louis Cardinals,3,2,0
717175,2023-08-01,2023,139,Tampa Bay Rays,147,New York Yankees,5,2,0
717176,2023-08-01,2023,108,Los Angeles Angels,144,Atlanta Braves,1,5,1
717177,2023-08-01,2023,110,Baltimore Orioles,141,Toronto Blue Jays,13,3,0
717178,2023-08-01,2023,116,Detroit Tigers,134,Pittsburgh Pirates,1,4,1
717180,2023-08-01,2023,109,Arizona Diamondbacks,137,San Francisco Giants,3,4,1
717182,2023-08-01,2023,143,Philadelphia Phillies,146,Miami Marlins,3,1,0
717183,2023-08-01,2023,158,Milwaukee Brewers,120,Washington Nationals,6,4,0
717152,2023-08-02,2023,145,Chicago White Sox,140,Texas Rangers,1,11,1
717153,2023-08-02,2023,113,Cincinnati Reds,112,Chicago Cubs,6,16,1
717154,2023-08-02,2023,133,Oakland Athletics,119,Los Angeles Dodgers,1,10,1
717155,2023-08-02,2023,142,Minnesota Twins,138,St. Louis Cardinals,3,7,1
717156,2023-08-02,2023,121,New York Mets,118,Kansas City Royals,0,4,1
717157,2023-08-02,2023,110,Baltimore Orioles,141,Toronto Blue Jays,1,4,1
717158,2023-08-02,2023,135,San Diego Padres,115,Colorado Rockies,11,1,0
717159,2023-08-02,2023,143,Philadelphia Phillies,146,Miami Marlins,8,9,1
717160,2023-08-02,2023,139,Tampa Bay Rays,147,New York Yankees,2,7,1
717161,2023-08-02,2023,111,Boston Red Sox,136,Seattle Mariners,3,6,1
717162,2023-08-02,2023,158,Milwaukee Brewers,120,Washington Nationals,2,3,1
717163,2023-08-02,2023,114,Cleveland Guardians,117,Houston Astros,2,3,1
717164,2023-08-02,2023,109,Arizona Diamondbacks,137,San Francisco Giants,2,4,1
717165,2023-08-02,2023,108,Los Angeles Angels,144,Atlanta Braves,5,12,1
717166,2023-08-02,2023,116,Detroit Tigers,134,Pittsburgh Pirates,6,3,0
717137,2023-08-03,2023,133,Oakland Athletics,119,Los Angeles Dodgers,2,8,1
717142,2023-08-03,2023,117,Houston Astros,147,New York Yankees,3,4,1
717143,2023-08-03,2023,134,Pittsburgh Pirates,158,Milwaukee Brewers,1,14,1
717144,2023-08-03,2023,136,Seattle Mariners,108,Los Angeles Angels,5,3,0
717145,2023-08-03,2023,142,Minnesota Twins,138,St. Louis Cardinals,5,3,0
717146,2023-08-03,2023,113,Cincinnati Reds,112,Chicago Cubs,3,5,1
717147,2023-08-03,2023,143,Philadelphia Phillies,146,Miami Marlins,4,2,0
717148,2023-08-03,2023,121,New York Mets,118,Kansas City Royals,2,9,1
717149,2023-08-03,2023,145,Chicago White Sox,140,Texas Rangers,3,5,1
717150,2023-08-03,2023,110,Baltimore Orioles,141,Toronto Blue Jays,6,1,0
717151,2023-08-03,2023,109,Arizona Diamondbacks,137,San Francisco Giants,0,1,1
717127,2023-08-04,2023,115,Colorado Rockies,138,St. Louis Cardinals,9,4,0
717128,2023-08-04,2023,109,Arizona Diamondbacks,142,Minnesota Twins,2,3,1
717129,2023-08-04,2023,119,Los Angeles Dodgers,135,San Diego Padres,10,5,0
717130,2023-08-04,2023,136,Seattle Mariners,108,Los Angeles Angels,9,7,0
717131,2023-08-04,2023,134,Pittsburgh Pirates,158,Milwaukee Brewers,8,4,0
717132,2023-08-04,2023,145,Chicago White Sox,114,Cleveland Guardians,2,4,1
717133,2023-08-04,2023,146,Miami Marlins,140,Texas Rangers,2,6,1
717134,2023-08-04,2023,121,New York Mets,110,Baltimore Orioles,3,10,1
717135,2023-08-04,2023,139,Tampa Bay Rays,116,Detroit Tigers,8,0,0
717136,2023-08-04,2023,141,Toronto Blue Jays,111,Boston Red Sox,7,3,0
717138,2023-08-04,2023,117,Houston Astros,147,New York Yankees,7,3,0
717139,2023-08-04,2023,120,Washington Nationals,113,Cincinnati Reds,6,3,0
717140,2023-08-04,2023,118,Kansas City Royals,143,Philadelphia Phillies,7,5,0
717141,2023-08-04,2023,144,Atlanta Braves,112,Chicago Cubs,8,0,0
717109,2023-08-05,2023,136,Seattle Mariners,108,Los Angeles Angels,3,2,0
717112,2023-08-05,2023,119,Los Angeles Dodgers,135,San Diego Padres,3,8,1
717114,2023-08-05,2023,121,New York Mets,110,Baltimore Orioles,3,7,1
717115,2023-08-05,2023,145,Chicago White Sox,114,Cleveland Guardians,7,4,0
717116,2023-08-05,2023,134,Pittsburgh Pirates,158,Milwaukee Brewers,2,3,1
717117,2023-08-05,2023,137,San Francisco Giants,133,Oakland Athletics,1,2,1
717118,2023-08-05,2023,109,Arizona Diamondbacks,142,Minnesota Twins,1,12,1
717119,2023-08-05,2023,115,Colorado Rockies,138,St. Louis Cardinals,2,6,1
717120,2023-08-05,2023,120,Washington Nationals,113,Cincinnati Reds,7,3,0
717121,2023-08-05,2023,144,Atlanta Braves,112,Chicago Cubs,6,8,1
717122,2023-08-05,2023,139,Tampa Bay Rays,116,Detroit Tigers,2,4,1
717123,2023-08-05,2023,118,Kansas City Royals,143,Philadelphia Phillies,6,9,1
717124,2023-08-05,2023,146,Miami Marlins,140,Texas Rangers,8,9,1
717125,2023-08-05,2023,141,Toronto Blue Jays,111,Boston Red Sox,5,4,0
717126,2023-08-05,2023,117,Houston Astros,147,New York Yankees,1,3,1
717093,2023-08-06,2023,119,Los Angeles Dodgers,135,San Diego Padres,8,2,0
717098,2023-08-06,2023,144,Atlanta Braves,112,Chicago Cubs,4,6,1
717099,2023-08-06,2023,115,Colorado Rockies,138,St. Louis Cardinals,1,0,0
717100,2023-08-06,2023,137,San Francisco Giants,133,Oakland Athletics,6,8,1
717101,2023-08-06,2023,136,Seattle Mariners,108,Los Angeles Angels,3,2,0
717102,2023-08-06,2023,146,Miami Marlins,140,Texas Rangers,0,6,1
717103,2023-08-06,2023,139,Tampa Bay Rays,116,Detroit Tigers,10,6,0
717104,2023-08-06,2023,120,Washington Nationals,113,Cincinnati Reds,6,3,0
717105,2023-08-06,2023,134,Pittsburgh Pirates,158,Milwaukee Brewers,4,1,0
717106,2023-08-06,2023,109,Arizona Diamondbacks,142,Minnesota Twins,3,5,1
717107,2023-08-06,2023,121,New York Mets,110,Baltimore Orioles,0,2,1
717108,2023-08-06,2023,145,Chicago White Sox,114,Cleveland Guardians,5,3,0
717110,2023-08-06,2023,117,Houston Astros,147,New York Yankees,9,7,0
717111,2023-08-06,2023,141,Toronto Blue Jays,111,Boston Red Sox,13,1,0
717113,2023-08-06,2023,118,Kansas City Royals,143,Philadelphia Phillies,4,8,1
717081,2023-08-07,2023,140,Texas Rangers,133,Oakland Athletics,5,3,0
717086,2023-08-07,2023,115,Colorado Rockies,158,Milwaukee Brewers,1,12,1
717087,2023-08-07,2023,141,Toronto Blue Jays,114,Cleveland Guardians,3,1,0
717088,2023-08-07,2023,147,New York Yankees,145,Chicago White Sox,1,5,1
717089,2023-08-07,2023,118,Kansas City Royals,111,Boston Red Sox,2,6,1
717090,2023-08-07,2023,137,San Francisco Giants,108,Los Angeles Angels,8,3,0
717091,2023-08-07,2023,142,Minnesota Twins,116,Detroit Tigers,9,3,0
717092,2023-08-07,2023,112,Chicago Cubs,121,New York Mets,2,11,1
717094,2023-08-07,2023,119,Los Angeles Dodgers,135,San Diego Padres,13,7,0
717095,2023-08-07,2023,144,Atlanta Braves,134,Pittsburgh Pirates,6,7,1
717097,2023-08-07,2023,146,Miami Marlins,113,Cincinnati Reds,2,5,1
717068,2023-08-08,2023,137,San Francisco Giants,108,Los Angeles Angels,5,7,1
717069,2023-08-08,2023,140,Texas Rangers,133,Oakland Athletics,6,1,0
717072,2023-08-08,2023,135,San Diego Padres,136,Seattle Mariners,0,2,1
717073,2023-08-08,2023,119,Los Angeles Dodgers,109,Arizona Diamondbacks,5,4,0
717074,2023-08-08,2023,141,Toronto Blue Jays,114,Cleveland Guardians,0,1,1
717075,2023-08-08,2023,147,New York Yankees,145,Chicago White Sox,7,1,0
717076,2023-08-08,2023,142,Minnesota Twins,116,Detroit Tigers,0,6,1
717077,2023-08-08,2023,118,Kansas City Royals,111,Boston Red Sox,9,3,0
717078,2023-08-08,2023,115,Colorado Rockies,158,Milwaukee Brewers,7,3,0
717079,2023-08-08,2023,144,Atlanta Braves,134,Pittsburgh Pirates,8,6,0
717080,2023-08-08,2023,112,Chicago Cubs,121,New York Mets,3,2,0
717082,2023-08-08,2023,120,Washington Nationals,143,Philadelphia Phillies,4,8,1
717083,2023-08-08,2023,146,Miami Marlins,113,Cincinnati Reds,3,2,0
717084,2023-08-08,2023,117,Houston Astros,110,Baltimore Orioles,7,6,0
717085,2023-08-08,2023,138,St. Louis Cardinals,139,Tampa Bay Rays,2,4,1
717096,2023-08-08,2023,120,Washington Nationals,143,Philadelphia Phillies,5,4,0
717054,2023-08-09,2023,147,New York Yankees,145,Chicago White Sox,2,9,1
717055,2023-08-09,2023,135,San Diego Padres,136,Seattle Mariners,1,6,1
717057,2023-08-09,2023,119,Los Angeles Dodgers,109,Arizona Diamondbacks,2,0,0
717058,2023-08-09,2023,144,Atlanta Braves,134,Pittsburgh Pirates,6,5,0
717059,2023-08-09,2023,118,Kansas City Royals,111,Boston Red Sox,3,4,1
717060,2023-08-09,2023,141,Toronto Blue Jays,114,Cleveland Guardians,1,0,0
717061,2023-08-09,2023,142,Minnesota Twins,116,Detroit Tigers,5,9,1
717062,2023-08-09,2023,112,Chicago Cubs,121,New York Mets,3,4,1
717063,2023-08-09,2023,140,Texas Rangers,133,Oakland Athletics,0,2,1
717064,2023-08-09,2023,138,St. Louis Cardinals,139,Tampa Bay Rays,6,4,0
717065,2023-08-09,2023,115,Colorado Rockies,158,Milwaukee Brewers,6,7,1
717066,2023-08-09,2023,120,Washington Nationals,143,Philadelphia Phillies,0,7,1
717067,2023-08-09,2023,117,Houston Astros,110,Baltimore Orioles,8,2,0
717070,2023-08-09,2023,146,Miami Marlins,113,Cincinnati Reds,5,4,0
717071,2023-08-09,2023,137,San Francisco Giants,108,Los Angeles Angels,1,4,1
717045,2023-08-10,2023,115,Colorado Rockies,119,Los Angeles Dodgers,1,2,1
717048,2023-08-10,2023,138,St. Louis Cardinals,139,Tampa Bay Rays,5,2,0
717049,2023-08-10,2023,120,Washington Nationals,143,Philadelphia Phillies,2,6,1
717050,2023-08-10,2023,142,Minnesota Twins,116,Detroit Tigers,0,3,1
717051,2023-08-10,2023,118,Kansas City Royals,111,Boston Red Sox,0,2,1
717052,2023-08-10,2023,141,Toronto Blue Jays,114,Cleveland Guardians,3,4,1
717053,2023-08-10,2023,117,Houston Astros,110,Baltimore Orioles,4,5,1
717056,2023-08-10,2023,144,Atlanta Braves,134,Pittsburgh Pirates,5,7,1
717031,2023-08-11,2023,140,Texas Rangers,137,San Francisco Giants,2,1,0
717032,2023-08-11,2023,115,Colorado Rockies,119,Los Angeles Dodgers,1,6,1
717034,2023-08-11,2023,110,Baltimore Orioles,136,Seattle Mariners,2,9,1
717035,2023-08-11,2023,135,San Diego Padres,109,Arizona Diamondbacks,10,5,0
717036,2023-08-11,2023,158,Milwaukee Brewers,145,Chicago White Sox,7,6,0
717037,2023-08-11,2023,108,Los Angeles Angels,117,Houston Astros,3,11,1
717038,2023-08-11,2023,114,Cleveland Guardians,139,Tampa Bay Rays,8,9,1
717039,2023-08-11,2023,138,St. Louis Cardinals,118,Kansas City Royals,8,12,1
717040,2023-08-11,2023,144,Atlanta Braves,121,New York Mets,7,0,0
717041,2023-08-11,2023,112,Chicago Cubs,141,Toronto Blue Jays,6,2,0
717042,2023-08-11,2023,116,Detroit Tigers,111,Boston Red Sox,2,5,1
717043,2023-08-11,2023,133,Oakland Athletics,120,Washington Nationals,2,8,1
717044,2023-08-11,2023,142,Minnesota Twins,143,Philadelphia Phillies,2,13,1
717046,2023-08-11,2023,113,Cincinnati Reds,134,Pittsburgh Pirates,9,2,0
717047,2023-08-11,2023,147,New York Yankees,146,Miami Marlins,9,4,0
717017,2023-08-12,2023,115,Colorado Rockies,119,Los Angeles Dodgers,1,4,1
717018,2023-08-12,2023,110,Baltimore Orioles,136,Seattle Mariners,1,0,0
717019,2023-08-12,2023,138,St. Louis Cardinals,118,Kansas City Royals,5,4,0
717020,2023-08-12,2023,135,San Diego Padres,109,Arizona Diamondbacks,0,3,1
717021,2023-08-12,2023,144,Atlanta Braves,121,New York Mets,6,0,0
717022,2023-08-12,2023,108,Los Angeles Angels,117,Houston Astros,3,11,1
717023,2023-08-12,2023,158,Milwaukee Brewers,145,Chicago White Sox,3,2,0
717024,2023-08-12,2023,114,Cleveland Guardians,139,Tampa Bay Rays,5,6,1
717025,2023-08-12,2023,147,New York Yankees,146,Miami Marlins,1,3,1
717026,2023-08-12,2023,112,Chicago Cubs,141,Toronto Blue Jays,5,4,0
717028,2023-08-12,2023,142,Minnesota Twins,143,Philadelphia Phillies,8,1,0
717029,2023-08-12,2023,140,Texas Rangers,137,San Francisco Giants,9,3,0
717030,2023-08-12,2023,133,Oakland Athletics,120,Washington Nationals,2,3,1
717033,2023-08-12,2023,116,Detroit Tigers,111,Boston Red Sox,6,2,0
718371,2023-08-12,2023,144,Atlanta Braves,121,New York Mets,21,3,0
717003,2023-08-13,2023,135,San Diego Padres,109,Arizona Diamondbacks,4,5,1
717004,2023-08-13,2023,108,Los Angeles Angels,117,Houston Astros,2,1,0
717005,2023-08-13,2023,110,Baltimore Orioles,136,Seattle Mariners,5,3,0
717006,2023-08-13,2023,158,Milwaukee Brewers,145,Chicago White Sox,7,3,0
717007,2023-08-13,2023,115,Colorado Rockies,119,Los Angeles Dodgers,3,8,1
717008,2023-08-13,2023,140,Texas Rangers,137,San Francisco Giants,2,3,1
717009,2023-08-13,2023,142,Minnesota Twins,143,Philadelphia Phillies,3,0,0
717010,2023-08-13,2023,114,Cleveland Guardians,139,Tampa Bay Rays,9,2,0
717011,2023-08-13,2023,147,New York Yankees,146,Miami Marlins,7,8,1
717012,2023-08-13,2023,112,Chicago Cubs,141,Toronto Blue Jays,4,11,1
717013,2023-08-13,2023,144,Atlanta Braves,121,New York Mets,6,7,1
717014,2023-08-13,2023,116,Detroit Tigers,111,Boston Red Sox,3,6,1
717015,2023-08-13,2023,113,Cincinnati Reds,134,Pittsburgh Pirates,2,4,1
717016,2023-08-13,2023,133,Oakland Athletics,120,Washington Nationals,7,8,1
717027,2023-08-13,2023,113,Cincinnati Reds,134,Pittsburgh Pirates,6,5,0
716994,2023-08-14,2023,136,Seattle Mariners,118,Kansas City Royals,6,7,1
716995,2023-08-14,2023,133,Oakland Athletics,138,St. Louis Cardinals,5,7,1
716996,2023-08-14,2023,110,Baltimore Orioles,135,San Diego Padres,4,1,0
716997,2023-08-14,2023,108,Los Angeles Angels,140,Texas Rangers,0,12,1
716998,2023-08-14,2023,109,Arizona Diamondbacks,115,Colorado Rockies,4,6,1
716999,2023-08-14,2023,139,Tampa Bay Rays,137,San Francisco Giants,10,2,0
717000,2023-08-14,2023,117,Houston Astros,146,Miami Marlins,1,5,1
717001,2023-08-14,2023,147,New York Yankees,144,Atlanta Braves,3,11,1
717002,2023-08-14,2023,134,Pittsburgh Pirates,121,New York Mets,2,7,1
716978,2023-08-15,2023,109,Arizona Diamondbacks,115,Colorado Rockies,8,5,0
716979,2023-08-15,2023,158,Milwaukee Brewers,119,Los Angeles Dodgers,2,6,1
716980,2023-08-15,2023,110,Baltimore Orioles,135,San Diego Padres,3,10,1
716981,2023-08-15,2023,136,Seattle Mariners,118,Kansas City Royals,10,8,0
716983,2023-08-15,2023,116,Detroit Tigers,142,Minnesota Twins,3,5,1
716984,2023-08-15,2023,133,Oakland Athletics,138,St. Louis Cardinals,2,6,1
716985,2023-08-15,2023,108,Los Angeles Angels,140,Texas Rangers,3,7,1
716986,2023-08-15,2023,145,Chicago White Sox,112,Chicago Cubs,5,3,0
716987,2023-08-15,2023,147,New York Yankees,144,Atlanta Braves,0,5,1
716988,2023-08-15,2023,134,Pittsburgh Pirates,121,New York Mets,7,4,0
716989,2023-08-15,2023,139,Tampa Bay Rays,137,San Francisco Giants,0,7,1
716990,2023-08-15,2023,143,Philadelphia Phillies,141,Toronto Blue Jays,1,2,1
716991,2023-08-15,2023,117,Houston Astros,146,Miami Marlins,6,5,0
716992,2023-08-15,2023,114,Cleveland Guardians,113,Cincinnati Reds,3,0,0
716993,2023-08-15,2023,111,Boston Red Sox,120,Washington Nationals,5,4,0
716962,2023-08-16,2023,158,Milwaukee Brewers,119,Los Angeles Dodgers,1,7,1
716963,2023-08-16,2023,136,Seattle Mariners,118,Kansas City Royals,6,5,0
716965,2023-08-16,2023,110,Baltimore Orioles,135,San Diego Padres,2,5,1
716967,2023-08-16,2023,143,Philadelphia Phillies,141,Toronto Blue Jays,9,4,0
716968,2023-08-16,2023,145,Chicago White Sox,112,Chicago Cubs,3,4,1
716969,2023-08-16,2023,133,Oakland Athletics,138,St. Louis Cardinals,8,0,0
716970,2023-08-16,2023,147,New York Yankees,144,Atlanta Braves,0,2,1
716971,2023-08-16,2023,108,Los Angeles Angels,140,Texas Rangers,2,0,0
716972,2023-08-16,2023,117,Houston Astros,146,Miami Marlins,12,5,0
716973,2023-08-16,2023,114,Cleveland Guardians,113,Cincinnati Reds,2,7,1
716974,2023-08-16,2023,134,Pittsburgh Pirates,121,New York Mets,3,8,1
716975,2023-08-16,2023,139,Tampa Bay Rays,137,San Francisco Giants,6,1,0
716976,2023-08-16,2023,116,Detroit Tigers,142,Minnesota Twins,8,7,0
716977,2023-08-16,2023,109,Arizona Diamondbacks,115,Colorado Rockies,9,7,0
716982,2023-08-16,2023,111,Boston Red Sox,120,Washington Nationals,2,6,1
716957,2023-08-17,2023,109,Arizona Diamondbacks,135,San Diego Padres,3,1,0
716958,2023-08-17,2023,121,New York Mets,138,St. Louis Cardinals,4,2,0
716961,2023-08-17,2023,158,Milwaukee Brewers,119,Los Angeles Dodgers,0,1,1
716964,2023-08-17,2023,136,Seattle Mariners,118,Kansas City Royals,6,4,0
716966,2023-08-17,2023,111,Boston Red Sox,120,Washington Nationals,7,10,1
716942,2023-08-18,2023,109,Arizona Diamondbacks,135,San Diego Padres,0,4,1
716944,2023-08-18,2023,110,Baltimore Orioles,133,Oakland Athletics,9,4,0
716945,2023-08-18,2023,139,Tampa Bay Rays,108,Los Angeles Angels,9,6,0
716946,2023-08-18,2023,146,Miami Marlins,119,Los Angeles Dodgers,11,3,0
716947,2023-08-18,2023,145,Chicago White Sox,115,Colorado Rockies,1,14,1
716948,2023-08-18,2023,136,Seattle Mariners,117,Houston Astros,2,0,0
716949,2023-08-18,2023,137,San Francisco Giants,144,Atlanta Braves,0,4,1
716950,2023-08-18,2023,158,Milwaukee Brewers,140,Texas Rangers,9,8,0
716951,2023-08-18,2023,134,Pittsburgh Pirates,142,Minnesota Twins,1,5,1
716952,2023-08-18,2023,121,New York Mets,138,St. Louis Cardinals,7,1,0
716953,2023-08-18,2023,111,Boston Red Sox,147,New York Yankees,8,3,0
716954,2023-08-18,2023,141,Toronto Blue Jays,113,Cincinnati Reds,0,1,1
716955,2023-08-18,2023,118,Kansas City Royals,112,Chicago Cubs,4,3,0
716956,2023-08-18,2023,116,Detroit Tigers,114,Cleveland Guardians,4,2,0
716959,2023-08-18,2023,116,Detroit Tigers,114,Cleveland Guardians,1,4,1
716960,2023-08-18,2023,143,Philadelphia Phillies,120,Washington Nationals,7,8,1
716909,2023-08-19,2023,146,Miami Marlins,119,Los Angeles Dodgers,1,3,1
716915,2023-08-19,2023,139,Tampa Bay Rays,108,Los Angeles Angels,6,7,1
716919,2023-08-19,2023,109,Arizona Diamondbacks,135,San Diego Padres,6,4,0
716925,2023-08-19,2023,139,Tampa Bay Rays,108,Los Angeles Angels,18,4,0
716926,2023-08-19,2023,146,Miami Marlins,119,Los Angeles Dodgers,1,3,1
716930,2023-08-19,2023,110,Baltimore Orioles,133,Oakland Athletics,7,2,0
716931,2023-08-19,2023,109,Arizona Diamondbacks,135,San Diego Padres,8,1,0
716932,2023-08-19,2023,136,Seattle Mariners,117,Houston Astros,10,3,0
716933,2023-08-19,2023,145,Chicago White Sox,115,Colorado Rockies,5,11,1
716934,2023-08-19,2023,137,San Francisco Giants,144,Atlanta Braves,5,6,1
716935,2023-08-19,2023,141,Toronto Blue Jays,113,Cincinnati Reds,4,3,0
716936,2023-08-19,2023,134,Pittsburgh Pirates,142,Minnesota Twins,7,4,0
716937,2023-08-19,2023,118,Kansas City Royals,112,Chicago Cubs,4,6,1
716938,2023-08-19,2023,158,Milwaukee Brewers,140,Texas Rangers,6,1,0
716939,2023-08-19,2023,116,Detroit Tigers,114,Cleveland Guardians,4,3,0
716940,2023-08-19,2023,121,New York Mets,138,St. Louis Cardinals,13,2,0
716941,2023-08-19,2023,143,Philadelphia Phillies,120,Washington Nationals,12,3,0
716943,2023-08-19,2023,111,Boston Red Sox,147,New York Yankees,8,1,0
716914,2023-08-20,2023,110,Baltimore Orioles,133,Oakland Athletics,12,1,0
716916,2023-08-20,2023,145,Chicago White Sox,115,Colorado Rockies,10,5,0
716917,2023-08-20,2023,118,Kansas City Royals,112,Chicago Cubs,3,4,1
716918,2023-08-20,2023,158,Milwaukee Brewers,140,Texas Rangers,6,2,0
716920,2023-08-20,2023,136,Seattle Mariners,117,Houston Astros,7,6,0
716921,2023-08-20,2023,121,New York Mets,138,St. Louis Cardinals,3,7,1
716922,2023-08-20,2023,116,Detroit Tigers,114,Cleveland Guardians,4,1,0
716923,2023-08-20,2023,134,Pittsburgh Pirates,142,Minnesota Twins,0,2,1
716924,2023-08-20,2023,141,Toronto Blue Jays,113,Cincinnati Reds,10,3,0
716927,2023-08-20,2023,137,San Francisco Giants,144,Atlanta Braves,4,3,0
716928,2023-08-20,2023,111,Boston Red Sox,147,New York Yankees,6,5,0
716929,2023-08-20,2023,143,Philadelphia Phillies,120,Washington Nationals,3,4,1
716904,2023-08-21,2023,118,Kansas City Royals,133,Oakland Athletics,4,6,1
716905,2023-08-21,2023,136,Seattle Mariners,145,Chicago White Sox,14,2,0
716906,2023-08-21,2023,140,Texas Rangers,109,Arizona Diamondbacks,3,4,1
716907,2023-08-21,2023,146,Miami Marlins,135,San Diego Padres,2,6,1
716908,2023-08-21,2023,111,Boston Red Sox,117,Houston Astros,4,9,1
716910,2023-08-21,2023,121,New York Mets,144,Atlanta Braves,10,4,0
716911,2023-08-21,2023,137,San Francisco Giants,143,Philadelphia Phillies,4,10,1
716912,2023-08-21,2023,138,St. Louis Cardinals,134,Pittsburgh Pirates,1,11,1
716913,2023-08-21,2023,112,Chicago Cubs,116,Detroit Tigers,7,6,0
716887,2023-08-22,2023,146,Miami Marlins,135,San Diego Padres,3,0,0
716888,2023-08-22,2023,118,Kansas City Royals,133,Oakland Athletics,4,5,1
716889,2023-08-22,2023,140,Texas Rangers,109,Arizona Diamondbacks,3,6,1
716891,2023-08-22,2023,121,New York Mets,144,Atlanta Braves,2,3,1
716892,2023-08-22,2023,113,Cincinnati Reds,108,Los Angeles Angels,4,3,0
716893,2023-08-22,2023,136,Seattle Mariners,145,Chicago White Sox,6,3,0
716894,2023-08-22,2023,142,Minnesota Twins,158,Milwaukee Brewers,3,7,1
716895,2023-08-22,2023,111,Boston Red Sox,117,Houston Astros,3,7,1
716896,2023-08-22,2023,112,Chicago Cubs,116,Detroit Tigers,6,8,1
716897,2023-08-22,2023,119,Los Angeles Dodgers,114,Cleveland Guardians,3,8,1
716898,2023-08-22,2023,115,Colorado Rockies,139,Tampa Bay Rays,4,12,1
716899,2023-08-22,2023,137,San Francisco Giants,143,Philadelphia Phillies,3,4,1
716900,2023-08-22,2023,120,Washington Nationals,147,New York Yankees,2,1,0
716901,2023-08-22,2023,138,St. Louis Cardinals,134,Pittsburgh Pirates,3,6,1
716902,2023-08-22,2023,141,Toronto Blue Jays,110,Baltimore Orioles,6,3,0
716874,2023-08-23,2023,141,Toronto Blue Jays,110,Baltimore Orioles,0,7,1
716875,2023-08-23,2023,119,Los Angeles Dodgers,114,Cleveland Guardians,6,1,0
716875,2023-08-23,2023,119,Los Angeles Dodgers,114,Cleveland Guardians,6,1,0
716876,2023-08-23,2023,121,New York Mets,144,Atlanta Braves,0,7,1
716877,2023-08-23,2023,120,Washington Nationals,147,New York Yankees,1,9,1
716878,2023-08-23,2023,111,Boston Red Sox,117,Houston Astros,7,5,0
716879,2023-08-23,2023,137,San Francisco Giants,143,Philadelphia Phillies,8,6,0
716880,2023-08-23,2023,115,Colorado Rockies,139,Tampa Bay Rays,5,6,1
716881,2023-08-23,2023,136,Seattle Mariners,145,Chicago White Sox,4,5,1
716882,2023-08-23,2023,142,Minnesota Twins,158,Milwaukee Brewers,7,8,1
716883,2023-08-23,2023,146,Miami Marlins,135,San Diego Padres,0,4,1
716884,2023-08-23,2023,118,Kansas City Royals,133,Oakland Athletics,4,0,0
716885,2023-08-23,2023,112,Chicago Cubs,116,Detroit Tigers,6,4,0
716886,2023-08-23,2023,138,St. Louis Cardinals,134,Pittsburgh Pirates,6,4,0
716890,2023-08-23,2023,113,Cincinnati Reds,108,Los Angeles Angels,9,4,0
716903,2023-08-23,2023,113,Cincinnati Reds,108,Los Angeles Angels,7,3,0
716864,2023-08-24,2023,133,Oakland Athletics,145,Chicago White Sox,8,5,0
716865,2023-08-24,2023,141,Toronto Blue Jays,110,Baltimore Orioles,3,5,1
716867,2023-08-24,2023,140,Texas Rangers,142,Minnesota Twins,5,7,1
716868,2023-08-24,2023,113,Cincinnati Reds,109,Arizona Diamondbacks,2,3,1
716869,2023-08-24,2023,115,Colorado Rockies,139,Tampa Bay Rays,3,5,1
716870,2023-08-24,2023,112,Chicago Cubs,134,Pittsburgh Pirates,5,4,0
716871,2023-08-24,2023,119,Los Angeles Dodgers,114,Cleveland Guardians,9,3,0
716872,2023-08-24,2023,120,Washington Nationals,147,New York Yankees,6,5,0
716873,2023-08-24,2023,111,Boston Red Sox,117,Houston Astros,17,1,0
716850,2023-08-25,2023,140,Texas Rangers,142,Minnesota Twins,2,12,1
716851,2023-08-25,2023,113,Cincinnati Reds,109,Arizona Diamondbacks,8,10,1
716852,2023-08-25,2023,144,Atlanta Braves,137,San Francisco Giants,5,1,0
716853,2023-08-25,2023,118,Kansas City Royals,136,Seattle Mariners,5,7,1
716854,2023-08-25,2023,147,New York Yankees,139,Tampa Bay Rays,6,2,0
716855,2023-08-25,2023,108,Los Angeles Angels,121,New York Mets,3,1,0
716856,2023-08-25,2023,133,Oakland Athletics,145,Chicago White Sox,12,4,0
716857,2023-08-25,2023,135,San Diego Padres,158,Milwaukee Brewers,3,7,1
716858,2023-08-25,2023,117,Houston Astros,116,Detroit Tigers,1,4,1
716859,2023-08-25,2023,115,Colorado Rockies,110,Baltimore Orioles,4,5,1
716860,2023-08-25,2023,114,Cleveland Guardians,141,Toronto Blue Jays,5,2,0
716861,2023-08-25,2023,138,St. Louis Cardinals,143,Philadelphia Phillies,2,7,1
716862,2023-08-25,2023,112,Chicago Cubs,134,Pittsburgh Pirates,1,2,1
716863,2023-08-25,2023,120,Washington Nationals,146,Miami Marlins,7,4,0
716866,2023-08-25,2023,119,Los Angeles Dodgers,111,Boston Red Sox,7,4,0
716832,2023-08-26,2023,118,Kansas City Royals,136,Seattle Mariners,2,15,1
716833,2023-08-26,2023,113,Cincinnati Reds,109,Arizona Diamondbacks,8,7,0
716837,2023-08-26,2023,115,Colorado Rockies,110,Baltimore Orioles,4,5,1
716838,2023-08-26,2023,135,San Diego Padres,158,Milwaukee Brewers,4,5,1
716839,2023-08-26,2023,140,Texas Rangers,142,Minnesota Twins,6,2,0
716840,2023-08-26,2023,108,Los Angeles Angels,121,New York Mets,5,3,0
716841,2023-08-26,2023,133,Oakland Athletics,145,Chicago White Sox,2,6,1
716842,2023-08-26,2023,112,Chicago Cubs,134,Pittsburgh Pirates,10,6,0
716843,2023-08-26,2023,117,Houston Astros,116,Detroit Tigers,9,2,0
716844,2023-08-26,2023,120,Washington Nationals,146,Miami Marlins,3,2,0
716845,2023-08-26,2023,147,New York Yankees,139,Tampa Bay Rays,0,3,1
716846,2023-08-26,2023,114,Cleveland Guardians,141,Toronto Blue Jays,3,8,1
716847,2023-08-26,2023,138,St. Louis Cardinals,143,Philadelphia Phillies,1,12,1
716848,2023-08-26,2023,144,Atlanta Braves,137,San Francisco Giants,7,3,0
716849,2023-08-26,2023,119,Los Angeles Dodgers,111,Boston Red Sox,5,8,1
716819,2023-08-27,2023,144,Atlanta Braves,137,San Francisco Giants,5,8,1
716820,2023-08-27,2023,118,Kansas City Royals,136,Seattle Mariners,2,3,1
716821,2023-08-27,2023,113,Cincinnati Reds,109,Arizona Diamondbacks,2,5,1
716822,2023-08-27,2023,135,San Diego Padres,158,Milwaukee Brewers,6,10,1
716824,2023-08-27,2023,140,Texas Rangers,142,Minnesota Twins,6,7,1
716825,2023-08-27,2023,114,Cleveland Guardians,141,Toronto Blue Jays,10,7,0
716826,2023-08-27,2023,133,Oakland Athletics,145,Chicago White Sox,1,6,1
716827,2023-08-27,2023,120,Washington Nationals,146,Miami Marlins,1,2,1
716828,2023-08-27,2023,147,New York Yankees,139,Tampa Bay Rays,4,7,1
716829,2023-08-27,2023,108,Los Angeles Angels,121,New York Mets,2,3,1
716830,2023-08-27,2023,117,Houston Astros,116,Detroit Tigers,17,4,0
716831,2023-08-27,2023,119,Los Angeles Dodgers,111,Boston Red Sox,7,4,0
716834,2023-08-27,2023,112,Chicago Cubs,134,Pittsburgh Pirates,10,1,0
716835,2023-08-27,2023,138,St. Louis Cardinals,143,Philadelphia Phillies,0,3,1
716836,2023-08-27,2023,115,Colorado Rockies,110,Baltimore Orioles,4,3,0
716804,2023-08-28,2023,133,Oakland Athletics,136,Seattle Mariners,0,7,1
716805,2023-08-28,2023,109,Arizona Diamondbacks,119,Los Angeles Dodgers,4,7,1
716808,2023-08-28,2023,147,New York Yankees,116,Detroit Tigers,4,1,0
716809,2023-08-28,2023,135,San Diego Padres,138,St. Louis Cardinals,4,1,0
716810,2023-08-28,2023,158,Milwaukee Brewers,112,Chicago Cubs,6,2,0
716811,2023-08-28,2023,134,Pittsburgh Pirates,118,Kansas City Royals,5,0,0
716812,2023-08-28,2023,144,Atlanta Braves,115,Colorado Rockies,14,4,0
716813,2023-08-28,2023,114,Cleveland Guardians,142,Minnesota Twins,6,10,1
716814,2023-08-28,2023,117,Houston Astros,111,Boston Red Sox,13,5,0
716815,2023-08-28,2023,145,Chicago White Sox,110,Baltimore Orioles,0,9,1
716816,2023-08-28,2023,120,Washington Nationals,141,Toronto Blue Jays,3,6,1
716817,2023-08-28,2023,108,Los Angeles Angels,143,Philadelphia Phillies,4,6,1
716818,2023-08-28,2023,140,Texas Rangers,121,New York Mets,4,3,0
716823,2023-08-28,2023,113,Cincinnati Reds,137,San Francisco Giants,1,4,1
716790,2023-08-29,2023,133,Oakland Athletics,136,Seattle Mariners,3,1,0
716791,2023-08-29,2023,144,Atlanta Braves,115,Colorado Rockies,3,1,0
716792,2023-08-29,2023,109,Arizona Diamondbacks,119,Los Angeles Dodgers,1,9,1
716793,2023-08-29,2023,134,Pittsburgh Pirates,118,Kansas City Royals,6,3,0
716795,2023-08-29,2023,147,New York Yankees,116,Detroit Tigers,4,2,0
716796,2023-08-29,2023,114,Cleveland Guardians,142,Minnesota Twins,4,2,0
716797,2023-08-29,2023,135,San Diego Padres,138,St. Louis Cardinals,5,6,1
716798,2023-08-29,2023,158,Milwaukee Brewers,112,Chicago Cubs,0,1,1
716799,2023-08-29,2023,140,Texas Rangers,121,New York Mets,2,1,0
716800,2023-08-29,2023,145,Chicago White Sox,110,Baltimore Orioles,3,9,1
716801,2023-08-29,2023,120,Washington Nationals,141,Toronto Blue Jays,5,4,0
716802,2023-08-29,2023,117,Houston Astros,111,Boston Red Sox,6,2,0
716803,2023-08-29,2023,113,Cincinnati Reds,137,San Francisco Giants,1,6,1
716806,2023-08-29,2023,108,Los Angeles Angels,143,Philadelphia Phillies,7,12,1
716807,2023-08-29,2023,139,Tampa Bay Rays,146,Miami Marlins,11,2,0
716773,2023-08-30,2023,144,Atlanta Braves,115,Colorado Rockies,7,3,0
716774,2023-08-30,2023,109,Arizona Diamondbacks,119,Los Angeles Dodgers,0,7,1
716778,2023-08-30,2023,139,Tampa Bay Rays,146,Miami Marlins,3,0,0
716779,2023-08-30,2023,158,Milwaukee Brewers,112,Chicago Cubs,2,3,1
716780,2023-08-30,2023,134,Pittsburgh Pirates,118,Kansas City Royals,4,1,0
716781,2023-08-30,2023,147,New York Yankees,116,Detroit Tigers,6,2,0
716782,2023-08-30,2023,135,San Diego Padres,138,St. Louis Cardinals,4,5,1
716783,2023-08-30,2023,140,Texas Rangers,121,New York Mets,5,6,1
716784,2023-08-30,2023,114,Cleveland Guardians,142,Minnesota Twins,5,2,0
716785,2023-08-30,2023,120,Washington Nationals,141,Toronto Blue Jays,0,7,1
716786,2023-08-30,2023,145,Chicago White Sox,110,Baltimore Orioles,10,5,0
716787,2023-08-30,2023,108,Los Angeles Angels,143,Philadelphia Phillies,10,8,0
716788,2023-08-30,2023,133,Oakland Athletics,136,Seattle Mariners,4,5,1
716789,2023-08-30,2023,113,Cincinnati Reds,137,San Francisco Giants,4,1,0
716794,2023-08-30,2023,117,Houston Astros,111,Boston Red Sox,7,4,0
716768,2023-08-31,2023,144,Atlanta Braves,119,Los Angeles Dodgers,8,7,0
716775,2023-08-31,2023,147,New York Yankees,116,Detroit Tigers,3,4,1
716776,2023-08-31,2023,146,Miami Marlins,120,Washington Nationals,6,1,0
716777,2023-08-31,2023,137,San Francisco Giants,135,San Diego Padres,7,2,0
716756,2023-09-01,2023,110,Baltimore Orioles,109,Arizona Diamondbacks,2,4,1
716757,2023-09-01,2023,144,Atlanta Braves,119,Los Angeles Dodgers,6,3,0
716758,2023-09-01,2023,108,Los Angeles Angels,133,Oakland Athletics,2,9,1
716759,2023-09-01,2023,141,Toronto Blue Jays,115,Colorado Rockies,13,9,0
716761,2023-09-01,2023,137,San Francisco Giants,135,San Diego Padres,3,7,1
716762,2023-09-01,2023,116,Detroit Tigers,145,Chicago White Sox,4,2,0
716763,2023-09-01,2023,147,New York Yankees,117,Houston Astros,6,2,0
716764,2023-09-01,2023,111,Boston Red Sox,118,Kansas City Royals,2,13,1
716765,2023-09-01,2023,143,Philadelphia Phillies,158,Milwaukee Brewers,5,7,1
716766,2023-09-01,2023,134,Pittsburgh Pirates,138,St. Louis Cardinals,4,2,0
716767,2023-09-01,2023,139,Tampa Bay Rays,114,Cleveland Guardians,2,3,1
716769,2023-09-01,2023,136,Seattle Mariners,121,New York Mets,1,2,1
716770,2023-09-01,2023,112,Chicago Cubs,113,Cincinnati Reds,2,3,1
716771,2023-09-01,2023,146,Miami Marlins,120,Washington Nationals,8,5,0
716772,2023-09-01,2023,142,Minnesota Twins,140,Texas Rangers,5,1,0
718700,2023-09-01,2023,112,Chicago Cubs,113,Cincinnati Reds,6,2,0
716741,2023-09-02,2023,144,Atlanta Braves,119,Los Angeles Dodgers,4,2,0
716743,2023-09-02,2023,137,San Francisco Giants,135,San Diego Padres,1,6,1
716744,2023-09-02,2023,134,Pittsburgh Pirates,138,St. Louis Cardinals,7,6,0
716745,2023-09-02,2023,143,Philadelphia Phillies,158,Milwaukee Brewers,5,7,1
716746,2023-09-02,2023,147,New York Yankees,117,Houston Astros,5,4,0
716747,2023-09-02,2023,110,Baltimore Orioles,109,Arizona Diamondbacks,7,3,0
716748,2023-09-02,2023,141,Toronto Blue Jays,115,Colorado Rockies,7,8,1
716749,2023-09-02,2023,116,Detroit Tigers,145,Chicago White Sox,10,0,0
716750,2023-09-02,2023,111,Boston Red Sox,118,Kansas City Royals,9,5,0
716751,2023-09-02,2023,136,Seattle Mariners,121,New York Mets,8,7,0
716752,2023-09-02,2023,142,Minnesota Twins,140,Texas Rangers,9,7,0
716753,2023-09-02,2023,112,Chicago Cubs,113,Cincinnati Reds,1,2,1
716754,2023-09-02,2023,139,Tampa Bay Rays,114,Cleveland Guardians,6,7,1
716755,2023-09-02,2023,108,Los Angeles Angels,133,Oakland Athletics,1,2,1
716760,2023-09-02,2023,146,Miami Marlins,120,Washington Nationals,11,5,0
716725,2023-09-03,2023,144,Atlanta Braves,119,Los Angeles Dodgers,1,3,1
716728,2023-09-03,2023,137,San Francisco Giants,135,San Diego Padres,0,4,1
716729,2023-09-03,2023,139,Tampa Bay Rays,114,Cleveland Guardians,6,2,0
716730,2023-09-03,2023,141,Toronto Blue Jays,115,Colorado Rockies,7,5,0
716731,2023-09-03,2023,108,Los Angeles Angels,133,Oakland Athletics,6,10,1
716732,2023-09-03,2023,110,Baltimore Orioles,109,Arizona Diamondbacks,8,5,0
716733,2023-09-03,2023,134,Pittsburgh Pirates,138,St. Louis Cardinals,4,6,1
716734,2023-09-03,2023,116,Detroit Tigers,145,Chicago White Sox,3,2,0
716735,2023-09-03,2023,147,New York Yankees,117,Houston Astros,6,1,0
716736,2023-09-03,2023,143,Philadelphia Phillies,158,Milwaukee Brewers,4,2,0
716737,2023-09-03,2023,142,Minnesota Twins,140,Texas Rangers,5,6,1
716738,2023-09-03,2023,112,Chicago Cubs,113,Cincinnati Reds,15,7,0
716739,2023-09-03,2023,111,Boston Red Sox,118,Kansas City Royals,7,3,0
716740,2023-09-03,2023,146,Miami Marlins,120,Washington Nationals,6,4,0
716742,2023-09-03,2023,136,Seattle Mariners,121,New York Mets,3,6,1
716681,2023-09-04,2023,145,Chicago White Sox,118,Kansas City Royals,1,12,1
716713,2023-09-04,2023,110,Baltimore Orioles,108,Los Angeles Angels,6,3,0
716718,2023-09-04,2023,158,Milwaukee Brewers,134,Pittsburgh Pirates,2,4,1
716719,2023-09-04,2023,142,Minnesota Twins,114,Cleveland Guardians,20,6,0
716720,2023-09-04,2023,143,Philadelphia Phillies,135,San Diego Padres,9,7,0
716721,2023-09-04,2023,115,Colorado Rockies,109,Arizona Diamondbacks,2,4,1
716722,2023-09-04,2023,111,Boston Red Sox,139,Tampa Bay Rays,7,3,0
716723,2023-09-04,2023,137,San Francisco Giants,112,Chicago Cubs,0,5,1
716724,2023-09-04,2023,117,Houston Astros,140,Texas Rangers,13,6,0
716726,2023-09-04,2023,141,Toronto Blue Jays,133,Oakland Athletics,6,5,0
716727,2023-09-04,2023,136,Seattle Mariners,113,Cincinnati Reds,3,6,1
716702,2023-09-05,2023,115,Colorado Rockies,109,Arizona Diamondbacks,3,2,0
716703,2023-09-05,2023,143,Philadelphia Phillies,135,San Diego Padres,0,8,1
716704,2023-09-05,2023,145,Chicago White Sox,118,Kansas City Royals,6,7,1
716705,2023-09-05,2023,117,Houston Astros,140,Texas Rangers,14,1,0
716706,2023-09-05,2023,110,Baltimore Orioles,108,Los Angeles Angels,5,4,0
716707,2023-09-05,2023,141,Toronto Blue Jays,133,Oakland Athletics,7,1,0
716708,2023-09-05,2023,137,San Francisco Giants,112,Chicago Cubs,8,11,1
716709,2023-09-05,2023,138,St. Louis Cardinals,144,Atlanta Braves,10,6,0
716710,2023-09-05,2023,119,Los Angeles Dodgers,146,Miami Marlins,3,6,1
716711,2023-09-05,2023,116,Detroit Tigers,147,New York Yankees,1,5,1
716712,2023-09-05,2023,136,Seattle Mariners,113,Cincinnati Reds,6,7,1
716714,2023-09-05,2023,158,Milwaukee Brewers,134,Pittsburgh Pirates,7,3,0
716715,2023-09-05,2023,121,New York Mets,120,Washington Nationals,11,5,0
716716,2023-09-05,2023,111,Boston Red Sox,139,Tampa Bay Rays,6,8,1
716717,2023-09-05,2023,142,Minnesota Twins,114,Cleveland Guardians,8,3,0
716687,2023-09-06,2023,117,Houston Astros,140,Texas Rangers,12,3,0
716688,2023-09-06,2023,145,Chicago White Sox,118,Kansas City Royals,6,4,0
716689,2023-09-06,2023,138,St. Louis Cardinals,144,Atlanta Braves,11,6,0
716690,2023-09-06,2023,110,Baltimore Orioles,108,Los Angeles Angels,10,3,0
716691,2023-09-06,2023,143,Philadelphia Phillies,135,San Diego Padres,5,1,0
716692,2023-09-06,2023,115,Colorado Rockies,109,Arizona Diamondbacks,5,12,1
716693,2023-09-06,2023,136,Seattle Mariners,113,Cincinnati Reds,8,4,0
716694,2023-09-06,2023,116,Detroit Tigers,147,New York Yankees,3,4,1
716695,2023-09-06,2023,119,Los Angeles Dodgers,146,Miami Marlins,4,11,1
716696,2023-09-06,2023,111,Boston Red Sox,139,Tampa Bay Rays,1,3,1
716697,2023-09-06,2023,158,Milwaukee Brewers,134,Pittsburgh Pirates,4,5,1
716698,2023-09-06,2023,141,Toronto Blue Jays,133,Oakland Athletics,2,5,1
716699,2023-09-06,2023,137,San Francisco Giants,112,Chicago Cubs,2,8,1
716700,2023-09-06,2023,142,Minnesota Twins,114,Cleveland Guardians,1,2,1
716701,2023-09-06,2023,121,New York Mets,120,Washington Nationals,2,3,1
716680,2023-09-07,2023,138,St. Louis Cardinals,144,Atlanta Braves,5,8,1
716682,2023-09-07,2023,119,Los Angeles Dodgers,146,Miami Marlins,10,0,0
716683,2023-09-07,2023,136,Seattle Mariners,139,Tampa Bay Rays,1,0,0
716684,2023-09-07,2023,114,Cleveland Guardians,108,Los Angeles Angels,2,3,1
716685,2023-09-07,2023,109,Arizona Diamondbacks,112,Chicago Cubs,6,2,0
716686,2023-09-07,2023,116,Detroit Tigers,147,New York Yankees,10,3,0
716665,2023-09-08,2023,133,Oakland Athletics,140,Texas Rangers,6,3,0
716666,2023-09-08,2023,121,New York Mets,142,Minnesota Twins,2,5,1
716667,2023-09-08,2023,114,Cleveland Guardians,108,Los Angeles Angels,6,3,0
716668,2023-09-08,2023,115,Colorado Rockies,137,San Francisco Giants,8,9,1
716669,2023-09-08,2023,135,San Diego Padres,117,Houston Astros,11,2,0
716670,2023-09-08,2023,158,Milwaukee Brewers,147,New York Yankees,8,2,0
716671,2023-09-08,2023,136,Seattle Mariners,139,Tampa Bay Rays,4,7,1
716672,2023-09-08,2023,110,Baltimore Orioles,111,Boston Red Sox,11,2,0
716673,2023-09-08,2023,118,Kansas City Royals,141,Toronto Blue Jays,4,5,1
716674,2023-09-08,2023,134,Pittsburgh Pirates,144,Atlanta Braves,2,8,1
716675,2023-09-08,2023,145,Chicago White Sox,116,Detroit Tigers,6,0,0
716676,2023-09-08,2023,119,Los Angeles Dodgers,120,Washington Nationals,8,5,0
716677,2023-09-08,2023,138,St. Louis Cardinals,113,Cincinnati Reds,9,4,0
716678,2023-09-08,2023,109,Arizona Diamondbacks,112,Chicago Cubs,1,0,0
716679,2023-09-08,2023,146,Miami Marlins,143,Philadelphia Phillies,3,2,0
716649,2023-09-09,2023,135,San Diego Padres,117,Houston Astros,5,7,1
716650,2023-09-09,2023,114,Cleveland Guardians,108,Los Angeles Angels,2,6,1
716651,2023-09-09,2023,134,Pittsburgh Pirates,144,Atlanta Braves,8,4,0
716653,2023-09-09,2023,146,Miami Marlins,143,Philadelphia Phillies,4,8,1
716654,2023-09-09,2023,121,New York Mets,142,Minnesota Twins,4,8,1
716655,2023-09-09,2023,138,St. Louis Cardinals,113,Cincinnati Reds,4,3,0
716656,2023-09-09,2023,136,Seattle Mariners,139,Tampa Bay Rays,5,7,1
716657,2023-09-09,2023,133,Oakland Athletics,140,Texas Rangers,2,3,1
716658,2023-09-09,2023,145,Chicago White Sox,116,Detroit Tigers,1,3,1
716659,2023-09-09,2023,158,Milwaukee Brewers,147,New York Yankees,9,2,0
716660,2023-09-09,2023,109,Arizona Diamondbacks,112,Chicago Cubs,3,2,0
716661,2023-09-09,2023,118,Kansas City Royals,141,Toronto Blue Jays,1,5,1
716662,2023-09-09,2023,119,Los Angeles Dodgers,120,Washington Nationals,6,7,1
716663,2023-09-09,2023,115,Colorado Rockies,137,San Francisco Giants,1,9,1
716664,2023-09-09,2023,110,Baltimore Orioles,111,Boston Red Sox,13,12,0
716633,2023-09-10,2023,114,Cleveland Guardians,108,Los Angeles Angels,1,2,1
716634,2023-09-10,2023,115,Colorado Rockies,137,San Francisco Giants,3,6,1
716637,2023-09-10,2023,133,Oakland Athletics,140,Texas Rangers,4,9,1
716638,2023-09-10,2023,109,Arizona Diamondbacks,112,Chicago Cubs,2,5,1
716639,2023-09-10,2023,121,New York Mets,142,Minnesota Twins,2,0,0
716640,2023-09-10,2023,135,San Diego Padres,117,Houston Astros,2,12,1
716641,2023-09-10,2023,118,Kansas City Royals,141,Toronto Blue Jays,2,5,1
716642,2023-09-10,2023,138,St. Louis Cardinals,113,Cincinnati Reds,1,7,1
716643,2023-09-10,2023,146,Miami Marlins,143,Philadelphia Phillies,5,4,0
716644,2023-09-10,2023,134,Pittsburgh Pirates,144,Atlanta Braves,2,5,1
716645,2023-09-10,2023,136,Seattle Mariners,139,Tampa Bay Rays,3,6,1
716646,2023-09-10,2023,158,Milwaukee Brewers,147,New York Yankees,3,4,1
716647,2023-09-10,2023,119,Los Angeles Dodgers,120,Washington Nationals,7,3,0
716648,2023-09-10,2023,145,Chicago White Sox,116,Detroit Tigers,2,3,1
716652,2023-09-10,2023,110,Baltimore Orioles,111,Boston Red Sox,3,7,1
716590,2023-09-11,2023,144,Atlanta Braves,143,Philadelphia Phillies,5,7,1
716622,2023-09-11,2023,135,San Diego Padres,119,Los Angeles Dodgers,11,8,0
716623,2023-09-11,2023,108,Los Angeles Angels,136,Seattle Mariners,8,5,0
716624,2023-09-11,2023,133,Oakland Athletics,117,Houston Astros,4,0,0
716625,2023-09-11,2023,112,Chicago Cubs,115,Colorado Rockies,5,4,0
716626,2023-09-11,2023,146,Miami Marlins,158,Milwaukee Brewers,0,12,1
716627,2023-09-11,2023,109,Arizona Diamondbacks,121,New York Mets,4,3,0
716629,2023-09-11,2023,139,Tampa Bay Rays,142,Minnesota Twins,7,4,0
716630,2023-09-11,2023,140,Texas Rangers,141,Toronto Blue Jays,10,4,0
716632,2023-09-11,2023,114,Cleveland Guardians,137,San Francisco Giants,4,5,1
716635,2023-09-11,2023,120,Washington Nationals,134,Pittsburgh Pirates,6,2,0
716636,2023-09-11,2023,138,St. Louis Cardinals,110,Baltimore Orioles,5,11,1
717664,2023-09-11,2023,144,Atlanta Braves,143,Philadelphia Phillies,10,8,0
716606,2023-09-12,2023,108,Los Angeles Angels,136,Seattle Mariners,0,8,1
716608,2023-09-12,2023,135,San Diego Padres,119,Los Angeles Dodgers,2,11,1
716609,2023-09-12,2023,112,Chicago Cubs,115,Colorado Rockies,4,6,1
716610,2023-09-12,2023,146,Miami Marlins,158,Milwaukee Brewers,1,3,1
716611,2023-09-12,2023,118,Kansas City Royals,145,Chicago White Sox,2,6,1
716612,2023-09-12,2023,147,New York Yankees,111,Boston Red Sox,4,1,0
716613,2023-09-12,2023,139,Tampa Bay Rays,142,Minnesota Twins,2,3,1
716614,2023-09-12,2023,133,Oakland Athletics,117,Houston Astros,6,2,0
716615,2023-09-12,2023,109,Arizona Diamondbacks,121,New York Mets,4,7,1
716616,2023-09-12,2023,140,Texas Rangers,141,Toronto Blue Jays,6,3,0
716617,2023-09-12,2023,113,Cincinnati Reds,116,Detroit Tigers,6,5,0
716618,2023-09-12,2023,144,Atlanta Braves,143,Philadelphia Phillies,7,6,0
716619,2023-09-12,2023,114,Cleveland Guardians,137,San Francisco Giants,3,1,0
716620,2023-09-12,2023,120,Washington Nationals,134,Pittsburgh Pirates,1,5,1
716621,2023-09-12,2023,138,St. Louis Cardinals,110,Baltimore Orioles,5,2,0
716628,2023-09-12,2023,147,New York Yankees,111,Boston Red Sox,3,2,0
716631,2023-09-12,2023,118,Kansas City Royals,145,Chicago White Sox,11,10,0
716589,2023-09-13,2023,135,San Diego Padres,119,Los Angeles Dodgers,6,1,0
716592,2023-09-13,2023,146,Miami Marlins,158,Milwaukee Brewers,2,0,0
716594,2023-09-13,2023,140,Texas Rangers,141,Toronto Blue Jays,10,0,0
716595,2023-09-13,2023,109,Arizona Diamondbacks,121,New York Mets,1,7,1
716596,2023-09-13,2023,133,Oakland Athletics,117,Houston Astros,2,6,1
716598,2023-09-13,2023,118,Kansas City Royals,145,Chicago White Sox,7,1,0
716599,2023-09-13,2023,112,Chicago Cubs,115,Colorado Rockies,3,7,1
716600,2023-09-13,2023,120,Washington Nationals,134,Pittsburgh Pirates,6,7,1
716601,2023-09-13,2023,113,Cincinnati Reds,116,Detroit Tigers,4,3,0
716602,2023-09-13,2023,108,Los Angeles Angels,136,Seattle Mariners,2,3,1
716603,2023-09-13,2023,144,Atlanta Braves,143,Philadelphia Phillies,4,1,0
716604,2023-09-13,2023,138,St. Louis Cardinals,110,Baltimore Orioles,1,0,0
716605,2023-09-13,2023,114,Cleveland Guardians,137,San Francisco Giants,5,6,1
716607,2023-09-13,2023,139,Tampa Bay Rays,142,Minnesota Twins,5,4,0
716580,2023-09-14,2023,142,Minnesota Twins,145,Chicago White Sox,10,2,0
716584,2023-09-14,2023,113,Cincinnati Reds,116,Detroit Tigers,2,8,1
716585,2023-09-14,2023,146,Miami Marlins,158,Milwaukee Brewers,2,4,1
716586,2023-09-14,2023,139,Tampa Bay Rays,110,Baltimore Orioles,4,3,0
716587,2023-09-14,2023,140,Texas Rangers,141,Toronto Blue Jays,9,2,0
716588,2023-09-14,2023,109,Arizona Diamondbacks,121,New York Mets,1,11,1
716591,2023-09-14,2023,120,Washington Nationals,134,Pittsburgh Pirates,0,2,1
716593,2023-09-14,2023,147,New York Yankees,111,Boston Red Sox,8,5,0
716597,2023-09-14,2023,147,New York Yankees,111,Boston Red Sox,0,5,1
716567,2023-09-15,2023,112,Chicago Cubs,109,Arizona Diamondbacks,4,6,1
716568,2023-09-15,2023,119,Los Angeles Dodgers,136,Seattle Mariners,6,3,0
716569,2023-09-15,2023,135,San Diego Padres,133,Oakland Athletics,8,3,0
716570,2023-09-15,2023,116,Detroit Tigers,108,Los Angeles Angels,11,2,0
716571,2023-09-15,2023,137,San Francisco Giants,115,Colorado Rockies,2,3,1
716572,2023-09-15,2023,143,Philadelphia Phillies,138,St. Louis Cardinals,5,4,0
716573,2023-09-15,2023,142,Minnesota Twins,145,Chicago White Sox,10,2,0
716574,2023-09-15,2023,113,Cincinnati Reds,121,New York Mets,5,3,0
716575,2023-09-15,2023,140,Texas Rangers,114,Cleveland Guardians,3,12,1
716576,2023-09-15,2023,111,Boston Red Sox,141,Toronto Blue Jays,0,3,1
716577,2023-09-15,2023,117,Houston Astros,118,Kansas City Royals,2,4,1
716578,2023-09-15,2023,120,Washington Nationals,158,Milwaukee Brewers,3,5,1
716579,2023-09-15,2023,147,New York Yankees,134,Pittsburgh Pirates,7,5,0
716582,2023-09-15,2023,144,Atlanta Braves,146,Miami Marlins,6,9,1
716583,2023-09-15,2023,139,Tampa Bay Rays,110,Baltimore Orioles,7,1,0
716550,2023-09-16,2023,137,San Francisco Giants,115,Colorado Rockies,2,5,1
716552,2023-09-16,2023,119,Los Angeles Dodgers,136,Seattle Mariners,6,2,0
716554,2023-09-16,2023,116,Detroit Tigers,108,Los Angeles Angels,5,4,0
716555,2023-09-16,2023,113,Cincinnati Reds,121,New York Mets,3,2,0
716556,2023-09-16,2023,142,Minnesota Twins,145,Chicago White Sox,6,7,1
716557,2023-09-16,2023,143,Philadelphia Phillies,138,St. Louis Cardinals,6,1,0
716558,2023-09-16,2023,112,Chicago Cubs,109,Arizona Diamondbacks,6,7,1
716559,2023-09-16,2023,120,Washington Nationals,158,Milwaukee Brewers,5,9,1
716560,2023-09-16,2023,117,Houston Astros,118,Kansas City Royals,8,10,1
716561,2023-09-16,2023,139,Tampa Bay Rays,110,Baltimore Orioles,0,8,1
716562,2023-09-16,2023,140,Texas Rangers,114,Cleveland Guardians,1,2,1
716563,2023-09-16,2023,147,New York Yankees,134,Pittsburgh Pirates,6,3,0
716564,2023-09-16,2023,135,San Diego Padres,133,Oakland Athletics,5,2,0
716565,2023-09-16,2023,144,Atlanta Braves,146,Miami Marlins,5,11,1
716566,2023-09-16,2023,111,Boston Red Sox,141,Toronto Blue Jays,3,4,1
716581,2023-09-16,2023,137,San Francisco Giants,115,Colorado Rockies,5,9,1
716536,2023-09-17,2023,112,Chicago Cubs,109,Arizona Diamondbacks,2,6,1
716537,2023-09-17,2023,119,Los Angeles Dodgers,136,Seattle Mariners,6,1,0
716538,2023-09-17,2023,135,San Diego Padres,133,Oakland Athletics,10,1,0
716540,2023-09-17,2023,137,San Francisco Giants,115,Colorado Rockies,11,10,0
716541,2023-09-17,2023,143,Philadelphia Phillies,138,St. Louis Cardinals,5,6,1
716542,2023-09-17,2023,142,Minnesota Twins,145,Chicago White Sox,4,0,0
716543,2023-09-17,2023,120,Washington Nationals,158,Milwaukee Brewers,2,1,0
716544,2023-09-17,2023,116,Detroit Tigers,108,Los Angeles Angels,5,3,0
716545,2023-09-17,2023,113,Cincinnati Reds,121,New York Mets,4,8,1
716546,2023-09-17,2023,144,Atlanta Braves,146,Miami Marlins,2,16,1
716547,2023-09-17,2023,117,Houston Astros,118,Kansas City Royals,7,1,0
716548,2023-09-17,2023,111,Boston Red Sox,141,Toronto Blue Jays,2,3,1
716549,2023-09-17,2023,140,Texas Rangers,114,Cleveland Guardians,2,9,1
716551,2023-09-17,2023,147,New York Yankees,134,Pittsburgh Pirates,2,3,1
716553,2023-09-17,2023,139,Tampa Bay Rays,110,Baltimore Orioles,4,5,1
716526,2023-09-18,2023,115,Colorado Rockies,135,San Diego Padres,9,11,1
716527,2023-09-18,2023,136,Seattle Mariners,133,Oakland Athletics,5,0,0
716528,2023-09-18,2023,116,Detroit Tigers,119,Los Angeles Dodgers,3,8,1
716529,2023-09-18,2023,114,Cleveland Guardians,118,Kansas City Royals,4,6,1
716530,2023-09-18,2023,110,Baltimore Orioles,117,Houston Astros,8,7,0
716531,2023-09-18,2023,158,Milwaukee Brewers,138,St. Louis Cardinals,0,1,1
716532,2023-09-18,2023,143,Philadelphia Phillies,144,Atlanta Braves,7,1,0
716533,2023-09-18,2023,111,Boston Red Sox,140,Texas Rangers,4,2,0
716534,2023-09-18,2023,142,Minnesota Twins,113,Cincinnati Reds,3,7,1
716535,2023-09-18,2023,121,New York Mets,146,Miami Marlins,2,1,0
716539,2023-09-18,2023,145,Chicago White Sox,120,Washington Nationals,6,1,0
716510,2023-09-19,2023,116,Detroit Tigers,119,Los Angeles Dodgers,2,3,1
716511,2023-09-19,2023,137,San Francisco Giants,109,Arizona Diamondbacks,4,8,1
716512,2023-09-19,2023,136,Seattle Mariners,133,Oakland Athletics,7,2,0
716514,2023-09-19,2023,110,Baltimore Orioles,117,Houston Astros,9,5,0
716515,2023-09-19,2023,158,Milwaukee Brewers,138,St. Louis Cardinals,7,3,0
716516,2023-09-19,2023,115,Colorado Rockies,135,San Diego Padres,0,2,1
716517,2023-09-19,2023,114,Cleveland Guardians,118,Kansas City Royals,6,7,1
716518,2023-09-19,2023,134,Pittsburgh Pirates,112,Chicago Cubs,1,14,1
716519,2023-09-19,2023,111,Boston Red Sox,140,Texas Rangers,4,6,1
716520,2023-09-19,2023,141,Toronto Blue Jays,147,New York Yankees,7,1,0
716521,2023-09-19,2023,143,Philadelphia Phillies,144,Atlanta Braves,3,9,1
716522,2023-09-19,2023,142,Minnesota Twins,113,Cincinnati Reds,7,0,0
716523,2023-09-19,2023,121,New York Mets,146,Miami Marlins,3,4,1
716524,2023-09-19,2023,108,Los Angeles Angels,139,Tampa Bay Rays,2,6,1
716525,2023-09-19,2023,145,Chicago White Sox,120,Washington Nationals,3,4,1
716494,2023-09-20,2023,116,Detroit Tigers,119,Los Angeles Dodgers,4,2,0
716495,2023-09-20,2023,158,Milwaukee Brewers,138,St. Louis Cardinals,8,2,0
716497,2023-09-20,2023,134,Pittsburgh Pirates,112,Chicago Cubs,13,7,0
716499,2023-09-20,2023,137,San Francisco Giants,109,Arizona Diamondbacks,1,7,1
716500,2023-09-20,2023,115,Colorado Rockies,135,San Diego Padres,2,3,1
716501,2023-09-20,2023,108,Los Angeles Angels,139,Tampa Bay Rays,8,3,0
716502,2023-09-20,2023,141,Toronto Blue Jays,147,New York Yankees,6,1,0
716503,2023-09-20,2023,121,New York Mets,146,Miami Marlins,8,3,0
716504,2023-09-20,2023,136,Seattle Mariners,133,Oakland Athletics,6,3,0
716505,2023-09-20,2023,114,Cleveland Guardians,118,Kansas City Royals,2,6,1
716506,2023-09-20,2023,142,Minnesota Twins,113,Cincinnati Reds,5,3,0
716507,2023-09-20,2023,111,Boston Red Sox,140,Texas Rangers,5,15,1
716508,2023-09-20,2023,110,Baltimore Orioles,117,Houston Astros,1,2,1
716509,2023-09-20,2023,143,Philadelphia Phillies,144,Atlanta Braves,6,5,0
716513,2023-09-20,2023,145,Chicago White Sox,120,Washington Nationals,3,13,1
716484,2023-09-21,2023,137,San Francisco Giants,119,Los Angeles Dodgers,2,7,1
716488,2023-09-21,2023,116,Detroit Tigers,133,Oakland Athletics,7,3,0
716489,2023-09-21,2023,110,Baltimore Orioles,114,Cleveland Guardians,2,5,1
716490,2023-09-21,2023,121,New York Mets,143,Philadelphia Phillies,4,5,1
716491,2023-09-21,2023,158,Milwaukee Brewers,138,St. Louis Cardinals,6,0,0
716492,2023-09-21,2023,141,Toronto Blue Jays,147,New York Yankees,3,5,1
716493,2023-09-21,2023,134,Pittsburgh Pirates,112,Chicago Cubs,8,6,0
716496,2023-09-21,2023,144,Atlanta Braves,120,Washington Nationals,10,3,0
716498,2023-09-21,2023,108,Los Angeles Angels,139,Tampa Bay Rays,4,5,1
716472,2023-09-22,2023,116,Detroit Tigers,133,Oakland Athletics,2,8,1
716473,2023-09-22,2023,118,Kansas City Royals,117,Houston Astros,7,5,0
716474,2023-09-22,2023,137,San Francisco Giants,119,Los Angeles Dodgers,5,1,0
716475,2023-09-22,2023,108,Los Angeles Angels,142,Minnesota Twins,6,8,1
716476,2023-09-22,2023,138,St. Louis Cardinals,135,San Diego Padres,2,4,1
716477,2023-09-22,2023,136,Seattle Mariners,140,Texas Rangers,5,8,1
716478,2023-09-22,2023,145,Chicago White Sox,111,Boston Red Sox,2,3,1
716479,2023-09-22,2023,141,Toronto Blue Jays,139,Tampa Bay Rays,6,2,0
716480,2023-09-22,2023,109,Arizona Diamondbacks,147,New York Yankees,1,7,1
716481,2023-09-22,2023,121,New York Mets,143,Philadelphia Phillies,4,5,1
716482,2023-09-22,2023,158,Milwaukee Brewers,146,Miami Marlins,16,1,0
716483,2023-09-22,2023,110,Baltimore Orioles,114,Cleveland Guardians,8,9,1
716485,2023-09-22,2023,144,Atlanta Braves,120,Washington Nationals,9,6,0
716486,2023-09-22,2023,115,Colorado Rockies,112,Chicago Cubs,0,6,1
716487,2023-09-22,2023,134,Pittsburgh Pirates,113,Cincinnati Reds,7,5,0
716455,2023-09-23,2023,118,Kansas City Royals,117,Houston Astros,3,2,0
716456,2023-09-23,2023,137,San Francisco Giants,119,Los Angeles Dodgers,0,7,1
716457,2023-09-23,2023,138,St. Louis Cardinals,135,San Diego Padres,5,2,0
716460,2023-09-23,2023,158,Milwaukee Brewers,146,Miami Marlins,4,5,1
716461,2023-09-23,2023,136,Seattle Mariners,140,Texas Rangers,0,2,1
716462,2023-09-23,2023,134,Pittsburgh Pirates,113,Cincinnati Reds,13,12,0
716463,2023-09-23,2023,141,Toronto Blue Jays,139,Tampa Bay Rays,6,7,1
716464,2023-09-23,2023,110,Baltimore Orioles,114,Cleveland Guardians,2,1,0
716465,2023-09-23,2023,108,Los Angeles Angels,142,Minnesota Twins,1,0,0
716466,2023-09-23,2023,121,New York Mets,143,Philadelphia Phillies,5,7,1
716468,2023-09-23,2023,145,Chicago White Sox,111,Boston Red Sox,1,0,0
716469,2023-09-23,2023,115,Colorado Rockies,112,Chicago Cubs,3,6,1
716470,2023-09-23,2023,116,Detroit Tigers,133,Oakland Athletics,1,4,1
716439,2023-09-24,2023,137,San Francisco Giants,119,Los Angeles Dodgers,2,3,1
716442,2023-09-24,2023,116,Detroit Tigers,133,Oakland Athletics,2,0,0
716444,2023-09-24,2023,138,St. Louis Cardinals,135,San Diego Padres,2,12,1
716445,2023-09-24,2023,108,Los Angeles Angels,142,Minnesota Twins,3,9,1
716446,2023-09-24,2023,136,Seattle Mariners,140,Texas Rangers,8,9,1
716447,2023-09-24,2023,158,Milwaukee Brewers,146,Miami Marlins,1,6,1
716448,2023-09-24,2023,118,Kansas City Royals,117,Houston Astros,6,5,0
716449,2023-09-24,2023,115,Colorado Rockies,112,Chicago Cubs,3,4,1
716450,2023-09-24,2023,110,Baltimore Orioles,114,Cleveland Guardians,5,1,0
716451,2023-09-24,2023,134,Pittsburgh Pirates,113,Cincinnati Reds,2,4,1
716452,2023-09-24,2023,141,Toronto Blue Jays,139,Tampa Bay Rays,9,5,0
716453,2023-09-24,2023,145,Chicago White Sox,111,Boston Red Sox,3,2,0
716454,2023-09-24,2023,121,New York Mets,143,Philadelphia Phillies,2,5,1
716458,2023-09-24,2023,109,Arizona Diamondbacks,147,New York Yankees,7,1,0
716459,2023-09-24,2023,144,Atlanta Braves,120,Washington Nationals,2,3,1
716467,2023-09-24,2023,144,Atlanta Braves,120,Washington Nationals,8,5,0
716436,2023-09-25,2023,117,Houston Astros,136,Seattle Mariners,5,1,0
716440,2023-09-25,2023,140,Texas Rangers,108,Los Angeles Angels,5,1,0
716441,2023-09-25,2023,135,San Diego Padres,137,San Francisco Giants,1,2,1
716471,2023-09-25,2023,109,Arizona Diamondbacks,147,New York Yankees,4,6,1
716421,2023-09-26,2023,133,Oakland Athletics,142,Minnesota Twins,3,11,1
716422,2023-09-26,2023,140,Texas Rangers,108,Los Angeles Angels,3,9,1
716423,2023-09-26,2023,138,St. Louis Cardinals,158,Milwaukee Brewers,4,1,0
716424,2023-09-26,2023,119,Los Angeles Dodgers,115,Colorado Rockies,11,2,0
716425,2023-09-26,2023,117,Houston Astros,136,Seattle Mariners,2,6,1
716427,2023-09-26,2023,109,Arizona Diamondbacks,145,Chicago White Sox,15,4,0
716428,2023-09-26,2023,139,Tampa Bay Rays,111,Boston Red Sox,9,7,0
716429,2023-09-26,2023,112,Chicago Cubs,144,Atlanta Braves,6,7,1
716431,2023-09-26,2023,147,New York Yankees,141,Toronto Blue Jays,2,0,0
716432,2023-09-26,2023,134,Pittsburgh Pirates,143,Philadelphia Phillies,2,3,1
716433,2023-09-26,2023,118,Kansas City Royals,116,Detroit Tigers,3,6,1
716434,2023-09-26,2023,120,Washington Nationals,110,Baltimore Orioles,0,1,1
716435,2023-09-26,2023,113,Cincinnati Reds,114,Cleveland Guardians,11,7,0
716437,2023-09-26,2023,135,San Diego Padres,137,San Francisco Giants,4,0,0
716438,2023-09-26,2023,119,Los Angeles Dodgers,115,Colorado Rockies,1,4,1
716406,2023-09-27,2023,119,Los Angeles Dodgers,115,Colorado Rockies,8,2,0
716407,2023-09-27,2023,117,Houston Astros,136,Seattle Mariners,8,3,0
716408,2023-09-27,2023,138,St. Louis Cardinals,158,Milwaukee Brewers,2,3,1
716410,2023-09-27,2023,133,Oakland Athletics,142,Minnesota Twins,4,6,1
716411,2023-09-27,2023,146,Miami Marlins,121,New York Mets,2,11,1
716412,2023-09-27,2023,112,Chicago Cubs,144,Atlanta Braves,5,6,1
716413,2023-09-27,2023,147,New York Yankees,141,Toronto Blue Jays,6,0,0
716414,2023-09-27,2023,118,Kansas City Royals,116,Detroit Tigers,0,8,1
716414,2023-09-27,2023,118,Kansas City Royals,116,Detroit Tigers,0,8,1
716415,2023-09-27,2023,134,Pittsburgh Pirates,143,Philadelphia Phillies,6,7,1
716416,2023-09-27,2023,120,Washington Nationals,110,Baltimore Orioles,1,5,1
716417,2023-09-27,2023,109,Arizona Diamondbacks,145,Chicago White Sox,3,0,0
716418,2023-09-27,2023,113,Cincinnati Reds,114,Cleveland Guardians,3,4,1
716419,2023-09-27,2023,139,Tampa Bay Rays,111,Boston Red Sox,5,0,0
716420,2023-09-27,2023,140,Texas Rangers,108,Los Angeles Angels,5,0,0
716426,2023-09-27,2023,135,San Diego Padres,137,San Francisco Giants,5,2,0
716430,2023-09-27,2023,146,Miami Marlins,121,New York Mets,4,2,0
716396,2023-09-28,2023,138,St. Louis Cardinals,158,Milwaukee Brewers,0,3,1
716397,2023-09-28,2023,140,Texas Rangers,136,Seattle Mariners,2,3,1
716399,2023-09-28,2023,112,Chicago Cubs,144,Atlanta Braves,3,5,1
716400,2023-09-28,2023,133,Oakland Athletics,142,Minnesota Twins,2,1,0
716401,2023-09-28,2023,118,Kansas City Royals,116,Detroit Tigers,3,7,1
716402,2023-09-28,2023,111,Boston Red Sox,110,Baltimore Orioles,0,2,1
716403,2023-09-28,2023,147,New York Yankees,141,Toronto Blue Jays,0,6,1
716404,2023-09-28,2023,146,Miami Marlins,121,New York Mets,0,1,1
716404,2023-09-28,2023,146,Miami Marlins,121,New York Mets,0,1,1
716405,2023-09-28,2023,119,Los Angeles Dodgers,115,Colorado Rockies,5,14,1
716409,2023-09-28,2023,134,Pittsburgh Pirates,143,Philadelphia Phillies,3,2,0
716443,2023-09-28,2023,109,Arizona Diamondbacks,145,Chicago White Sox,1,3,1
716379,2023-09-29,2023,140,Texas Rangers,136,Seattle Mariners,0,8,1
716382,2023-09-29,2023,119,Los Angeles Dodgers,137,San Francisco Giants,6,2,0
716384,2023-09-29,2023,117,Houston Astros,109,Arizona Diamondbacks,2,1,0
716385,2023-09-29,2023,112,Chicago Cubs,158,Milwaukee Brewers,3,4,1
716386,2023-09-29,2023,133,Oakland Athletics,108,Los Angeles Angels,1,5,1
716387,2023-09-29,2023,142,Minnesota Twins,115,Colorado Rockies,7,6,0
716388,2023-09-29,2023,113,Cincinnati Reds,138,St. Louis Cardinals,19,2,0
716389,2023-09-29,2023,147,New York Yankees,118,Kansas City Royals,5,12,1
716390,2023-09-29,2023,111,Boston Red Sox,110,Baltimore Orioles,3,0,0
716391,2023-09-29,2023,135,San Diego Padres,145,Chicago White Sox,3,2,0
716392,2023-09-29,2023,139,Tampa Bay Rays,141,Toronto Blue Jays,4,11,1
716394,2023-09-29,2023,120,Washington Nationals,144,Atlanta Braves,10,6,0
716395,2023-09-29,2023,114,Cleveland Guardians,116,Detroit Tigers,7,5,0
716398,2023-09-29,2023,146,Miami Marlins,134,Pittsburgh Pirates,4,3,0
716366,2023-09-30,2023,140,Texas Rangers,136,Seattle Mariners,6,1,0
716368,2023-09-30,2023,142,Minnesota Twins,115,Colorado Rockies,14,6,0
716369,2023-09-30,2023,120,Washington Nationals,144,Atlanta Braves,3,5,1
716370,2023-09-30,2023,117,Houston Astros,109,Arizona Diamondbacks,1,0,0
716371,2023-09-30,2023,133,Oakland Athletics,108,Los Angeles Angels,7,3,0
716372,2023-09-30,2023,113,Cincinnati Reds,138,St. Louis Cardinals,6,15,1
716373,2023-09-30,2023,112,Chicago Cubs,158,Milwaukee Brewers,10,6,0
716374,2023-09-30,2023,135,San Diego Padres,145,Chicago White Sox,6,1,0
716375,2023-09-30,2023,147,New York Yankees,118,Kansas City Royals,5,2,0
716376,2023-09-30,2023,143,Philadelphia Phillies,121,New York Mets,3,4,1
716377,2023-09-30,2023,111,Boston Red Sox,110,Baltimore Orioles,2,5,1
716378,2023-09-30,2023,146,Miami Marlins,134,Pittsburgh Pirates,7,3,0
716380,2023-09-30,2023,114,Cleveland Guardians,116,Detroit Tigers,0,8,1
716381,2023-09-30,2023,119,Los Angeles Dodgers,137,San Francisco Giants,1,2,1
716383,2023-09-30,2023,139,Tampa Bay Rays,141,Toronto Blue Jays,7,5,0
716393,2023-09-30,2023,143,Philadelphia Phillies,121,New York Mets,4,11,1
716352,2023-10-01,2023,147,New York Yankees,118,Kansas City Royals,2,5,1
716353,2023-10-01,2023,113,Cincinnati Reds,138,St. Louis Cardinals,3,4,1
716354,2023-10-01,2023,120,Washington Nationals,144,Atlanta Braves,10,9,0
716355,2023-10-01,2023,143,Philadelphia Phillies,121,New York Mets,9,1,0
716356,2023-10-01,2023,135,San Diego Padres,145,Chicago White Sox,2,1,0
716357,2023-10-01,2023,139,Tampa Bay Rays,141,Toronto Blue Jays,12,8,0
716358,2023-10-01,2023,117,Houston Astros,109,Arizona Diamondbacks,8,1,0
716359,2023-10-01,2023,142,Minnesota Twins,115,Colorado Rockies,2,3,1
716360,2023-10-01,2023,140,Texas Rangers,136,Seattle Mariners,0,1,1
716361,2023-10-01,2023,114,Cleveland Guardians,116,Detroit Tigers,2,5,1
716362,2023-10-01,2023,146,Miami Marlins,134,Pittsburgh Pirates,0,3,1
716363,2023-10-01,2023,119,Los Angeles Dodgers,137,San Francisco Giants,5,2,0
716364,2023-10-01,2023,112,Chicago Cubs,158,Milwaukee Brewers,0,4,1
716365,2023-10-01,2023,133,Oakland Athletics,108,Los Angeles Angels,3,7,1
716367,2023-10-01,2023,111,Boston Red Sox,110,Baltimore Orioles,6,1,0
745444,2024-03-20,2024,119,Los Angeles Dodgers,135,San Diego Padres,5,2,0
746175,2024-03-21,2024,135,San Diego Padres,119,Los Angeles Dodgers,15,11,0
745039,2024-03-28,2024,112,Chicago Cubs,140,Texas Rangers,3,4,1
745116,2024-03-28,2024,141,Toronto Blue Jays,139,Tampa Bay Rays,8,2,0
745283,2024-03-28,2024,111,Boston Red Sox,136,Seattle Mariners,6,4,0
745445,2024-03-28,2024,137,San Francisco Giants,135,San Diego Padres,4,6,1
745687,2024-03-28,2024,114,Cleveland Guardians,133,Oakland Athletics,8,0,0
746089,2024-03-28,2024,134,Pittsburgh Pirates,146,Miami Marlins,6,5,0
746165,2024-03-28,2024,138,St. Louis Cardinals,119,Los Angeles Dodgers,1,7,1
746335,2024-03-28,2024,142,Minnesota Twins,118,Kansas City Royals,4,1,0
746418,2024-03-28,2024,147,New York Yankees,117,Houston Astros,5,4,0
746737,2024-03-28,2024,120,Washington Nationals,113,Cincinnati Reds,2,8,1
746821,2024-03-28,2024,116,Detroit Tigers,145,Chicago White Sox,1,0,0
747060,2024-03-28,2024,108,Los Angeles Angels,110,Baltimore Orioles,3,11,1
747224,2024-03-28,2024,115,Colorado Rockies,109,Arizona Diamondbacks,1,16,1
745117,2024-03-29,2024,141,Toronto Blue Jays,139,Tampa Bay Rays,2,8,1
745276,2024-03-29,2024,111,Boston Red Sox,136,Seattle Mariners,0,1,1
745435,2024-03-29,2024,137,San Francisco Giants,135,San Diego Padres,8,3,0
745604,2024-03-29,2024,144,Atlanta Braves,143,Philadelphia Phillies,9,3,0
745682,2024-03-29,2024,114,Cleveland Guardians,133,Oakland Athletics,6,4,0
745848,2024-03-29,2024,158,Milwaukee Brewers,121,New York Mets,3,1,0
746091,2024-03-29,2024,134,Pittsburgh Pirates,146,Miami Marlins,7,2,0
746167,2024-03-29,2024,138,St. Louis Cardinals,119,Los Angeles Dodgers,3,6,1
746412,2024-03-29,2024,147,New York Yankees,117,Houston Astros,7,1,0
747223,2024-03-29,2024,115,Colorado Rockies,109,Arizona Diamondbacks,3,7,1
745037,2024-03-30,2024,112,Chicago Cubs,140,Texas Rangers,2,11,1
745119,2024-03-30,2024,141,Toronto Blue Jays,139,Tampa Bay Rays,1,5,1
745278,2024-03-30,2024,111,Boston Red Sox,136,Seattle Mariners,3,4,1
745436,2024-03-30,2024,137,San Francisco Giants,135,San Diego Padres,9,6,0
745599,2024-03-30,2024,144,Atlanta Braves,143,Philadelphia Phillies,12,4,0
745684,2024-03-30,2024,114,Cleveland Guardians,133,Oakland Athletics,12,3,0
745850,2024-03-30,2024,158,Milwaukee Brewers,121,New York Mets,7,6,0
746087,2024-03-30,2024,134,Pittsburgh Pirates,146,Miami Marlins,9,3,0
746168,2024-03-30,2024,138,St. Louis Cardinals,119,Los Angeles Dodgers,6,5,0
746333,2024-03-30,2024,142,Minnesota Twins,118,Kansas City Royals,5,1,0
746410,2024-03-30,2024,147,New York Yankees,117,Houston Astros,5,3,0
746736,2024-03-30,2024,120,Washington Nationals,113,Cincinnati Reds,7,6,0
746818,2024-03-30,2024,116,Detroit Tigers,145,Chicago White Sox,7,6,0
747063,2024-03-30,2024,108,Los Angeles Angels,110,Baltimore Orioles,4,13,1
747221,2024-03-30,2024,115,Colorado Rockies,109,Arizona Diamondbacks,9,4,0
745035,2024-03-31,2024,112,Chicago Cubs,140,Texas Rangers,9,5,0
745115,2024-03-31,2024,141,Toronto Blue Jays,139,Tampa Bay Rays,9,2,0
745279,2024-03-31,2024,111,Boston Red Sox,136,Seattle Mariners,5,1,0
745438,2024-03-31,2024,137,San Francisco Giants,135,San Diego Padres,4,13,1
745602,2024-03-31,2024,144,Atlanta Braves,143,Philadelphia Phillies,4,5,1
745683,2024-03-31,2024,114,Cleveland Guardians,133,Oakland Athletics,3,4,1
745845,2024-03-31,2024,158,Milwaukee Brewers,121,New York Mets,4,1,0
746090,2024-03-31,2024,134,Pittsburgh Pirates,146,Miami Marlins,9,7,0
746166,2024-03-31,2024,138,St. Louis Cardinals,119,Los Angeles Dodgers,4,5,1
746332,2024-03-31,2024,142,Minnesota Twins,118,Kansas City Royals,0,11,1
746413,2024-03-31,2024,147,New York Yankees,117,Houston Astros,4,3,0
746739,2024-03-31,2024,120,Washington Nationals,113,Cincinnati Reds,5,6,1
746815,2024-03-31,2024,116,Detroit Tigers,145,Chicago White Sox,3,2,0
747062,2024-03-31,2024,108,Los Angeles Angels,110,Baltimore Orioles,4,1,0
747222,2024-03-31,2024,115,Colorado Rockies,109,Arizona Diamondbacks,1,5,1
744875,2024-04-01,2024,134,Pittsburgh Pirates,120,Washington Nationals,8,4,0
745109,2024-04-01,2024,140,Texas Rangers,139,Tampa Bay Rays,9,3,0
745277,2024-04-01,2024,114,Cleveland Guardians,136,Seattle Mariners,4,5,1
745437,2024-04-01,2024,138,St. Louis Cardinals,135,San Diego Padres,6,2,0
745600,2024-04-01,2024,113,Cincinnati Reds,143,Philadelphia Phillies,6,3,0
745675,2024-04-01,2024,111,Boston Red Sox,133,Oakland Athletics,9,0,0
745842,2024-04-01,2024,116,Detroit Tigers,121,New York Mets,5,0,0
746085,2024-04-01,2024,108,Los Angeles Angels,146,Miami Marlins,7,4,0
746170,2024-04-01,2024,137,San Francisco Giants,119,Los Angeles Dodgers,3,8,1
746409,2024-04-01,2024,141,Toronto Blue Jays,117,Houston Astros,0,10,1
746817,2024-04-01,2024,144,Atlanta Braves,145,Chicago White Sox,9,0,0
746899,2024-04-01,2024,115,Colorado Rockies,112,Chicago Cubs,0,5,1
747058,2024-04-01,2024,118,Kansas City Royals,110,Baltimore Orioles,4,6,1
747218,2024-04-01,2024,147,New York Yankees,109,Arizona Diamondbacks,5,2,0
745111,2024-04-02,2024,140,Texas Rangers,139,Tampa Bay Rays,2,5,1
745273,2024-04-02,2024,114,Cleveland Guardians,136,Seattle Mariners,5,2,0
745439,2024-04-02,2024,138,St. Louis Cardinals,135,San Diego Padres,5,2,0
745598,2024-04-02,2024,113,Cincinnati Reds,143,Philadelphia Phillies,4,9,1
745680,2024-04-02,2024,111,Boston Red Sox,133,Oakland Athletics,5,4,0
746009,2024-04-02,2024,142,Minnesota Twins,158,Milwaukee Brewers,2,3,1
746086,2024-04-02,2024,108,Los Angeles Angels,146,Miami Marlins,3,1,0
746169,2024-04-02,2024,137,San Francisco Giants,119,Los Angeles Dodgers,4,5,1
746411,2024-04-02,2024,141,Toronto Blue Jays,117,Houston Astros,2,1,0
746814,2024-04-02,2024,144,Atlanta Braves,145,Chicago White Sox,2,3,1
746898,2024-04-02,2024,115,Colorado Rockies,112,Chicago Cubs,2,12,1
747057,2024-04-02,2024,118,Kansas City Royals,110,Baltimore Orioles,4,1,0
747220,2024-04-02,2024,147,New York Yankees,109,Arizona Diamondbacks,0,7,1
744869,2024-04-03,2024,134,Pittsburgh Pirates,120,Washington Nationals,3,5,1
745114,2024-04-03,2024,140,Texas Rangers,139,Tampa Bay Rays,4,1,0
745275,2024-04-03,2024,114,Cleveland Guardians,136,Seattle Mariners,8,0,0
745440,2024-04-03,2024,138,St. Louis Cardinals,135,San Diego Padres,2,3,1
745603,2024-04-03,2024,113,Cincinnati Reds,143,Philadelphia Phillies,4,1,0
745678,2024-04-03,2024,111,Boston Red Sox,133,Oakland Athletics,1,0,0
746008,2024-04-03,2024,142,Minnesota Twins,158,Milwaukee Brewers,7,3,0
746083,2024-04-03,2024,108,Los Angeles Angels,146,Miami Marlins,10,2,0
746163,2024-04-03,2024,137,San Francisco Giants,119,Los Angeles Dodgers,4,5,1
746407,2024-04-03,2024,141,Toronto Blue Jays,117,Houston Astros,0,8,1
746900,2024-04-03,2024,115,Colorado Rockies,112,Chicago Cubs,8,9,1
747059,2024-04-03,2024,118,Kansas City Royals,110,Baltimore Orioles,3,4,1
747219,2024-04-03,2024,147,New York Yankees,109,Arizona Diamondbacks,6,5,0
744870,2024-04-04,2024,134,Pittsburgh Pirates,120,Washington Nationals,7,4,0
745200,2024-04-04,2024,146,Miami Marlins,138,St. Louis Cardinals,5,8,1
745843,2024-04-04,2024,116,Detroit Tigers,121,New York Mets,1,2,1
745844,2024-04-04,2024,116,Detroit Tigers,121,New York Mets,6,3,0
745928,2024-04-04,2024,114,Cleveland Guardians,142,Minnesota Twins,4,2,0
746327,2024-04-04,2024,145,Chicago White Sox,118,Kansas City Royals,1,10,1
744874,2024-04-05,2024,143,Philadelphia Phillies,120,Washington Nationals,4,0,0
745033,2024-04-05,2024,117,Houston Astros,140,Texas Rangers,2,10,1
745361,2024-04-05,2024,135,San Diego Padres,137,San Francisco Giants,2,3,1
745524,2024-04-05,2024,110,Baltimore Orioles,134,Pittsburgh Pirates,5,2,0
745764,2024-04-05,2024,141,Toronto Blue Jays,147,New York Yankees,3,0,0
746007,2024-04-05,2024,136,Seattle Mariners,158,Milwaukee Brewers,5,6,1
746249,2024-04-05,2024,111,Boston Red Sox,108,Los Angeles Angels,8,6,0
746328,2024-04-05,2024,145,Chicago White Sox,118,Kansas City Royals,1,2,1
746497,2024-04-05,2024,133,Oakland Athletics,116,Detroit Tigers,4,5,1
746576,2024-04-05,2024,139,Tampa Bay Rays,115,Colorado Rockies,7,10,1
746733,2024-04-05,2024,121,New York Mets,113,Cincinnati Reds,3,2,0
746897,2024-04-05,2024,119,Los Angeles Dodgers,112,Chicago Cubs,7,9,1
747143,2024-04-05,2024,109,Arizona Diamondbacks,144,Atlanta Braves,5,6,1
744873,2024-04-06,2024,143,Philadelphia Phillies,120,Washington Nationals,5,2,0
745031,2024-04-06,2024,117,Houston Astros,140,Texas Rangers,2,7,1
745197,2024-04-06,2024,146,Miami Marlins,138,St. Louis Cardinals,1,3,1
745359,2024-04-06,2024,135,San Diego Padres,137,San Francisco Giants,4,0,0
745522,2024-04-06,2024,110,Baltimore Orioles,134,Pittsburgh Pirates,4,5,1
745766,2024-04-06,2024,141,Toronto Blue Jays,147,New York Yankees,8,9,1
745926,2024-04-06,2024,114,Cleveland Guardians,142,Minnesota Twins,3,1,0
746006,2024-04-06,2024,136,Seattle Mariners,158,Milwaukee Brewers,5,3,0
746248,2024-04-06,2024,111,Boston Red Sox,108,Los Angeles Angels,1,2,1
746329,2024-04-06,2024,145,Chicago White Sox,118,Kansas City Royals,0,3,1
746498,2024-04-06,2024,133,Oakland Athletics,116,Detroit Tigers,4,0,0
746575,2024-04-06,2024,139,Tampa Bay Rays,115,Colorado Rockies,8,6,0
746731,2024-04-06,2024,121,New York Mets,113,Cincinnati Reds,6,9,1
746896,2024-04-06,2024,119,Los Angeles Dodgers,112,Chicago Cubs,4,1,0
747140,2024-04-06,2024,109,Arizona Diamondbacks,144,Atlanta Braves,8,9,1
744871,2024-04-07,2024,143,Philadelphia Phillies,120,Washington Nationals,2,3,1
745032,2024-04-07,2024,117,Houston Astros,140,Texas Rangers,3,1,0
745198,2024-04-07,2024,146,Miami Marlins,138,St. Louis Cardinals,10,3,0
745362,2024-04-07,2024,135,San Diego Padres,137,San Francisco Giants,2,3,1
745523,2024-04-07,2024,110,Baltimore Orioles,134,Pittsburgh Pirates,2,3,1
745765,2024-04-07,2024,141,Toronto Blue Jays,147,New York Yankees,3,8,1
746003,2024-04-07,2024,136,Seattle Mariners,158,Milwaukee Brewers,4,12,1
746251,2024-04-07,2024,111,Boston Red Sox,108,Los Angeles Angels,12,2,0
746330,2024-04-07,2024,145,Chicago White Sox,118,Kansas City Royals,3,5,1
746493,2024-04-07,2024,133,Oakland Athletics,116,Detroit Tigers,7,1,0
746574,2024-04-07,2024,139,Tampa Bay Rays,115,Colorado Rockies,3,2,0
746734,2024-04-07,2024,121,New York Mets,113,Cincinnati Reds,3,1,0
746895,2024-04-07,2024,119,Los Angeles Dodgers,112,Chicago Cubs,1,8,1
747141,2024-04-07,2024,109,Arizona Diamondbacks,144,Atlanta Braves,2,5,1
744956,2024-04-08,2024,136,Seattle Mariners,141,Toronto Blue Jays,2,5,1
745034,2024-04-08,2024,117,Houston Astros,140,Texas Rangers,10,5,0
745194,2024-04-08,2024,143,Philadelphia Phillies,138,St. Louis Cardinals,5,3,0
745363,2024-04-08,2024,120,Washington Nationals,137,San Francisco Giants,8,1,0
745432,2024-04-08,2024,112,Chicago Cubs,135,San Diego Padres,8,9,1
745520,2024-04-08,2024,116,Detroit Tigers,134,Pittsburgh Pirates,4,7,1
745761,2024-04-08,2024,146,Miami Marlins,147,New York Yankees,0,7,1
745925,2024-04-08,2024,119,Los Angeles Dodgers,142,Minnesota Twins,4,2,0
746252,2024-04-08,2024,139,Tampa Bay Rays,108,Los Angeles Angels,1,7,1
746569,2024-04-08,2024,109,Arizona Diamondbacks,115,Colorado Rockies,5,7,1
746654,2024-04-08,2024,145,Chicago White Sox,114,Cleveland Guardians,0,4,1
746735,2024-04-08,2024,158,Milwaukee Brewers,113,Cincinnati Reds,8,10,1
747142,2024-04-08,2024,121,New York Mets,144,Atlanta Braves,8,7,0
744957,2024-04-09,2024,136,Seattle Mariners,141,Toronto Blue Jays,3,5,1
745030,2024-04-09,2024,133,Oakland Athletics,140,Texas Rangers,4,3,0
745195,2024-04-09,2024,143,Philadelphia Phillies,138,St. Louis Cardinals,0,3,1
745357,2024-04-09,2024,120,Washington Nationals,137,San Francisco Giants,5,3,0
745433,2024-04-09,2024,112,Chicago Cubs,135,San Diego Padres,5,1,0
745517,2024-04-09,2024,116,Detroit Tigers,134,Pittsburgh Pirates,5,3,0
745762,2024-04-09,2024,146,Miami Marlins,147,New York Yankees,2,3,1
745924,2024-04-09,2024,119,Los Angeles Dodgers,142,Minnesota Twins,6,3,0
746250,2024-04-09,2024,139,Tampa Bay Rays,108,Los Angeles Angels,6,4,0
746326,2024-04-09,2024,117,Houston Astros,118,Kansas City Royals,3,4,1
746571,2024-04-09,2024,109,Arizona Diamondbacks,115,Colorado Rockies,3,2,0
746653,2024-04-09,2024,145,Chicago White Sox,114,Cleveland Guardians,7,5,0
746732,2024-04-09,2024,158,Milwaukee Brewers,113,Cincinnati Reds,9,5,0
746981,2024-04-09,2024,110,Baltimore Orioles,111,Boston Red Sox,7,1,0
747138,2024-04-09,2024,121,New York Mets,144,Atlanta Braves,5,6,1
744950,2024-04-10,2024,136,Seattle Mariners,141,Toronto Blue Jays,6,1,0
745024,2024-04-10,2024,133,Oakland Athletics,140,Texas Rangers,2,6,1
745196,2024-04-10,2024,143,Philadelphia Phillies,138,St. Louis Cardinals,4,3,0
745355,2024-04-10,2024,120,Washington Nationals,137,San Francisco Giants,1,7,1
745429,2024-04-10,2024,112,Chicago Cubs,135,San Diego Padres,2,10,1
745763,2024-04-10,2024,146,Miami Marlins,147,New York Yankees,5,2,0
745923,2024-04-10,2024,119,Los Angeles Dodgers,142,Minnesota Twins,2,3,1
746247,2024-04-10,2024,139,Tampa Bay Rays,108,Los Angeles Angels,4,2,0
746323,2024-04-10,2024,117,Houston Astros,118,Kansas City Royals,2,11,1
746573,2024-04-10,2024,109,Arizona Diamondbacks,115,Colorado Rockies,5,3,0
746655,2024-04-10,2024,145,Chicago White Sox,114,Cleveland Guardians,6,7,1
746728,2024-04-10,2024,158,Milwaukee Brewers,113,Cincinnati Reds,7,2,0
746980,2024-04-10,2024,110,Baltimore Orioles,111,Boston Red Sox,7,5,0
745029,2024-04-11,2024,133,Oakland Athletics,140,Texas Rangers,1,0,0
745601,2024-04-11,2024,134,Pittsburgh Pirates,143,Philadelphia Phillies,1,5,1
746322,2024-04-11,2024,117,Houston Astros,118,Kansas City Royals,3,13,1
746977,2024-04-11,2024,110,Baltimore Orioles,111,Boston Red Sox,9,4,0
747137,2024-04-11,2024,121,New York Mets,144,Atlanta Braves,16,4,0
744954,2024-04-12,2024,115,Colorado Rockies,141,Toronto Blue Jays,12,4,0
745112,2024-04-12,2024,137,San Francisco Giants,139,Tampa Bay Rays,1,2,1
745274,2024-04-12,2024,112,Chicago Cubs,136,Seattle Mariners,2,4,1
745596,2024-04-12,2024,134,Pittsburgh Pirates,143,Philadelphia Phillies,5,2,0
745679,2024-04-12,2024,120,Washington Nationals,133,Oakland Athletics,1,2,1
745838,2024-04-12,2024,118,Kansas City Royals,121,New York Mets,1,6,1
746084,2024-04-12,2024,144,Atlanta Braves,146,Miami Marlins,8,1,0
746162,2024-04-12,2024,135,San Diego Padres,119,Los Angeles Dodgers,8,7,0
746408,2024-04-12,2024,140,Texas Rangers,117,Houston Astros,12,8,0
746491,2024-04-12,2024,142,Minnesota Twins,116,Detroit Tigers,2,8,1
746812,2024-04-12,2024,113,Cincinnati Reds,145,Chicago White Sox,11,1,0
746978,2024-04-12,2024,108,Los Angeles Angels,111,Boston Red Sox,7,0,0
747055,2024-04-12,2024,158,Milwaukee Brewers,110,Baltimore Orioles,11,1,0
747217,2024-04-12,2024,138,St. Louis Cardinals,109,Arizona Diamondbacks,9,6,0
744953,2024-04-13,2024,115,Colorado Rockies,141,Toronto Blue Jays,3,5,1
745110,2024-04-13,2024,137,San Francisco Giants,139,Tampa Bay Rays,11,2,0
745272,2024-04-13,2024,112,Chicago Cubs,136,Seattle Mariners,4,1,0
745594,2024-04-13,2024,134,Pittsburgh Pirates,143,Philadelphia Phillies,3,4,1
745676,2024-04-13,2024,120,Washington Nationals,133,Oakland Athletics,3,1,0
745839,2024-04-13,2024,118,Kansas City Royals,121,New York Mets,11,7,0
746082,2024-04-13,2024,144,Atlanta Braves,146,Miami Marlins,1,5,1
746161,2024-04-13,2024,135,San Diego Padres,119,Los Angeles Dodgers,2,5,1
746405,2024-04-13,2024,140,Texas Rangers,117,Houston Astros,2,9,1
746489,2024-04-13,2024,142,Minnesota Twins,116,Detroit Tigers,11,5,0
746490,2024-04-13,2024,142,Minnesota Twins,116,Detroit Tigers,4,1,0
746656,2024-04-13,2024,147,New York Yankees,114,Cleveland Guardians,3,2,0
746658,2024-04-13,2024,147,New York Yankees,114,Cleveland Guardians,8,2,0
746811,2024-04-13,2024,113,Cincinnati Reds,145,Chicago White Sox,5,0,0
746979,2024-04-13,2024,108,Los Angeles Angels,111,Boston Red Sox,2,7,1
747054,2024-04-13,2024,158,Milwaukee Brewers,110,Baltimore Orioles,11,5,0
747215,2024-04-13,2024,138,St. Louis Cardinals,109,Arizona Diamondbacks,2,4,1
744952,2024-04-14,2024,115,Colorado Rockies,141,Toronto Blue Jays,0,5,1
745113,2024-04-14,2024,137,San Francisco Giants,139,Tampa Bay Rays,4,9,1
745271,2024-04-14,2024,112,Chicago Cubs,136,Seattle Mariners,3,2,0
745595,2024-04-14,2024,134,Pittsburgh Pirates,143,Philadelphia Phillies,9,2,0
745681,2024-04-14,2024,120,Washington Nationals,133,Oakland Athletics,6,7,1
745841,2024-04-14,2024,118,Kansas City Royals,121,New York Mets,1,2,1
746079,2024-04-14,2024,144,Atlanta Braves,146,Miami Marlins,9,7,0
746164,2024-04-14,2024,135,San Diego Padres,119,Los Angeles Dodgers,6,3,0
746404,2024-04-14,2024,140,Texas Rangers,117,Houston Astros,5,8,1
746492,2024-04-14,2024,142,Minnesota Twins,116,Detroit Tigers,3,4,1
746648,2024-04-14,2024,147,New York Yankees,114,Cleveland Guardians,7,8,1
746810,2024-04-14,2024,113,Cincinnati Reds,145,Chicago White Sox,11,4,0
746975,2024-04-14,2024,108,Los Angeles Angels,111,Boston Red Sox,4,5,1
747056,2024-04-14,2024,158,Milwaukee Brewers,110,Baltimore Orioles,4,6,1
747216,2024-04-14,2024,138,St. Louis Cardinals,109,Arizona Diamondbacks,0,5,1
744951,2024-04-15,2024,147,New York Yankees,141,Toronto Blue Jays,1,3,1
745106,2024-04-15,2024,108,Los Angeles Angels,139,Tampa Bay Rays,7,3,0
745268,2024-04-15,2024,113,Cincinnati Reds,136,Seattle Mariners,3,9,1
745597,2024-04-15,2024,115,Colorado Rockies,143,Philadelphia Phillies,1,2,1
745677,2024-04-15,2024,138,St. Louis Cardinals,133,Oakland Athletics,3,1,0
745840,2024-04-15,2024,134,Pittsburgh Pirates,121,New York Mets,3,6,1
746002,2024-04-15,2024,135,San Diego Padres,158,Milwaukee Brewers,7,3,0
746080,2024-04-15,2024,137,San Francisco Giants,146,Miami Marlins,4,3,0
746158,2024-04-15,2024,120,Washington Nationals,119,Los Angeles Dodgers,6,4,0
746406,2024-04-15,2024,144,Atlanta Braves,117,Houston Astros,6,1,0
746488,2024-04-15,2024,140,Texas Rangers,116,Detroit Tigers,1,0,0
746813,2024-04-15,2024,118,Kansas City Royals,145,Chicago White Sox,2,0,0
746974,2024-04-15,2024,114,Cleveland Guardians,111,Boston Red Sox,6,0,0
747053,2024-04-15,2024,142,Minnesota Twins,110,Baltimore Orioles,4,7,1
747213,2024-04-15,2024,112,Chicago Cubs,109,Arizona Diamondbacks,3,2,0
744944,2024-04-16,2024,147,New York Yankees,141,Toronto Blue Jays,4,5,1
745108,2024-04-16,2024,108,Los Angeles Angels,139,Tampa Bay Rays,6,7,1
745270,2024-04-16,2024,113,Cincinnati Reds,136,Seattle Mariners,1,3,1
745593,2024-04-16,2024,115,Colorado Rockies,143,Philadelphia Phillies,0,5,1
745674,2024-04-16,2024,138,St. Louis Cardinals,133,Oakland Athletics,3,2,0
745837,2024-04-16,2024,134,Pittsburgh Pirates,121,New York Mets,1,3,1
746004,2024-04-16,2024,135,San Diego Padres,158,Milwaukee Brewers,6,3,0
746081,2024-04-16,2024,137,San Francisco Giants,146,Miami Marlins,3,6,1
746157,2024-04-16,2024,120,Washington Nationals,119,Los Angeles Dodgers,2,6,1
746400,2024-04-16,2024,144,Atlanta Braves,117,Houston Astros,6,2,0
746486,2024-04-16,2024,140,Texas Rangers,116,Detroit Tigers,2,4,1
746976,2024-04-16,2024,114,Cleveland Guardians,111,Boston Red Sox,10,7,0
747051,2024-04-16,2024,142,Minnesota Twins,110,Baltimore Orioles,3,11,1
747214,2024-04-16,2024,112,Chicago Cubs,109,Arizona Diamondbacks,11,12,1
744948,2024-04-17,2024,147,New York Yankees,141,Toronto Blue Jays,6,4,0
745105,2024-04-17,2024,108,Los Angeles Angels,139,Tampa Bay Rays,5,4,0
745267,2024-04-17,2024,113,Cincinnati Reds,136,Seattle Mariners,1,5,1
745591,2024-04-17,2024,115,Colorado Rockies,143,Philadelphia Phillies,6,7,1
745671,2024-04-17,2024,138,St. Louis Cardinals,133,Oakland Athletics,3,6,1
745836,2024-04-17,2024,134,Pittsburgh Pirates,121,New York Mets,1,9,1
746005,2024-04-17,2024,135,San Diego Padres,158,Milwaukee Brewers,0,1,1
746076,2024-04-17,2024,137,San Francisco Giants,146,Miami Marlins,3,1,0
746159,2024-04-17,2024,120,Washington Nationals,119,Los Angeles Dodgers,2,0,0
746401,2024-04-17,2024,144,Atlanta Braves,117,Houston Astros,5,4,0
746487,2024-04-17,2024,140,Texas Rangers,116,Detroit Tigers,5,4,0
746807,2024-04-17,2024,118,Kansas City Royals,145,Chicago White Sox,4,2,0
746809,2024-04-17,2024,118,Kansas City Royals,145,Chicago White Sox,1,2,1
746973,2024-04-17,2024,114,Cleveland Guardians,111,Boston Red Sox,0,2,1
747049,2024-04-17,2024,142,Minnesota Twins,110,Baltimore Orioles,2,4,1
747212,2024-04-17,2024,112,Chicago Cubs,109,Arizona Diamondbacks,5,3,0
745104,2024-04-18,2024,108,Los Angeles Angels,139,Tampa Bay Rays,1,2,1
745356,2024-04-18,2024,109,Arizona Diamondbacks,137,San Francisco Giants,0,5,1
746485,2024-04-18,2024,140,Texas Rangers,116,Detroit Tigers,9,7,0
746970,2024-04-18,2024,114,Cleveland Guardians,111,Boston Red Sox,5,4,0
744872,2024-04-19,2024,117,Houston Astros,120,Washington Nationals,5,3,0
745189,2024-04-19,2024,158,Milwaukee Brewers,138,St. Louis Cardinals,2,1,0
745352,2024-04-19,2024,109,Arizona Diamondbacks,137,San Francisco Giants,17,1,0
745430,2024-04-19,2024,141,Toronto Blue Jays,135,San Diego Padres,5,1,0
745518,2024-04-19,2024,111,Boston Red Sox,134,Pittsburgh Pirates,8,1,0
745592,2024-04-19,2024,145,Chicago White Sox,143,Philadelphia Phillies,0,7,1
745758,2024-04-19,2024,139,Tampa Bay Rays,147,New York Yankees,3,5,1
745922,2024-04-19,2024,116,Detroit Tigers,142,Minnesota Twins,5,4,0
746160,2024-04-19,2024,121,New York Mets,119,Los Angeles Dodgers,9,4,0
746325,2024-04-19,2024,110,Baltimore Orioles,118,Kansas City Royals,4,9,1
746650,2024-04-19,2024,133,Oakland Athletics,114,Cleveland Guardians,2,10,1
746729,2024-04-19,2024,108,Los Angeles Angels,113,Cincinnati Reds,1,7,1
746892,2024-04-19,2024,146,Miami Marlins,112,Chicago Cubs,3,8,1
747136,2024-04-19,2024,140,Texas Rangers,144,Atlanta Braves,3,8,1
744865,2024-04-20,2024,117,Houston Astros,120,Washington Nationals,4,5,1
745190,2024-04-20,2024,158,Milwaukee Brewers,138,St. Louis Cardinals,12,5,0
745354,2024-04-20,2024,109,Arizona Diamondbacks,137,San Francisco Giants,3,7,1
745431,2024-04-20,2024,141,Toronto Blue Jays,135,San Diego Padres,5,2,0
745515,2024-04-20,2024,111,Boston Red Sox,134,Pittsburgh Pirates,4,2,0
745590,2024-04-20,2024,145,Chicago White Sox,143,Philadelphia Phillies,5,9,1
745760,2024-04-20,2024,139,Tampa Bay Rays,147,New York Yankees,2,0,0
745921,2024-04-20,2024,116,Detroit Tigers,142,Minnesota Twins,3,4,1
746156,2024-04-20,2024,121,New York Mets,119,Los Angeles Dodgers,6,4,0
746324,2024-04-20,2024,110,Baltimore Orioles,118,Kansas City Royals,9,7,0
746570,2024-04-20,2024,136,Seattle Mariners,115,Colorado Rockies,7,0,0
746651,2024-04-20,2024,133,Oakland Athletics,114,Cleveland Guardians,3,6,1
746726,2024-04-20,2024,108,Los Angeles Angels,113,Cincinnati Reds,5,7,1
746891,2024-04-20,2024,146,Miami Marlins,112,Chicago Cubs,3,5,1
746893,2024-04-20,2024,146,Miami Marlins,112,Chicago Cubs,3,2,0
747135,2024-04-20,2024,140,Texas Rangers,144,Atlanta Braves,2,5,1
744866,2024-04-21,2024,117,Houston Astros,120,Washington Nationals,0,6,1
745192,2024-04-21,2024,158,Milwaukee Brewers,138,St. Louis Cardinals,2,0,0
745353,2024-04-21,2024,109,Arizona Diamondbacks,137,San Francisco Giants,5,3,0
745434,2024-04-21,2024,141,Toronto Blue Jays,135,San Diego Padres,3,6,1
745514,2024-04-21,2024,111,Boston Red Sox,134,Pittsburgh Pirates,6,1,0
745588,2024-04-21,2024,145,Chicago White Sox,143,Philadelphia Phillies,2,8,1
745759,2024-04-21,2024,139,Tampa Bay Rays,147,New York Yankees,4,5,1
745920,2024-04-21,2024,116,Detroit Tigers,142,Minnesota Twins,6,1,0
746154,2024-04-21,2024,121,New York Mets,119,Los Angeles Dodgers,0,10,1
746316,2024-04-21,2024,110,Baltimore Orioles,118,Kansas City Royals,5,0,0
746568,2024-04-21,2024,136,Seattle Mariners,115,Colorado Rockies,1,2,1
746572,2024-04-21,2024,136,Seattle Mariners,115,Colorado Rockies,10,2,0
746652,2024-04-21,2024,133,Oakland Athletics,114,Cleveland Guardians,2,6,1
746727,2024-04-21,2024,108,Los Angeles Angels,113,Cincinnati Reds,0,3,1
746894,2024-04-21,2024,146,Miami Marlins,112,Chicago Cubs,6,3,0
747133,2024-04-21,2024,140,Texas Rangers,144,Atlanta Braves,6,4,0
745107,2024-04-22,2024,116,Detroit Tigers,139,Tampa Bay Rays,7,1,0
745191,2024-04-22,2024,109,Arizona Diamondbacks,138,St. Louis Cardinals,3,5,1
745351,2024-04-22,2024,121,New York Mets,137,San Francisco Giants,2,5,1
745519,2024-04-22,2024,158,Milwaukee Brewers,134,Pittsburgh Pirates,2,4,1
745757,2024-04-22,2024,133,Oakland Athletics,147,New York Yankees,2,0,0
745916,2024-04-22,2024,145,Chicago White Sox,142,Minnesota Twins,0,7,1
746242,2024-04-22,2024,110,Baltimore Orioles,108,Los Angeles Angels,4,2,0
746319,2024-04-22,2024,141,Toronto Blue Jays,118,Kansas City Royals,5,3,0
746565,2024-04-22,2024,135,San Diego Padres,115,Colorado Rockies,3,1,0
746723,2024-04-22,2024,143,Philadelphia Phillies,113,Cincinnati Reds,7,0,0
747134,2024-04-22,2024,146,Miami Marlins,144,Atlanta Braves,0,3,1
744863,2024-04-23,2024,119,Los Angeles Dodgers,120,Washington Nationals,4,1,0
745026,2024-04-23,2024,136,Seattle Mariners,140,Texas Rangers,4,0,0
745102,2024-04-23,2024,116,Detroit Tigers,139,Tampa Bay Rays,4,2,0
745193,2024-04-23,2024,109,Arizona Diamondbacks,138,St. Louis Cardinals,14,1,0
745348,2024-04-23,2024,121,New York Mets,137,San Francisco Giants,1,5,1
745516,2024-04-23,2024,158,Milwaukee Brewers,134,Pittsburgh Pirates,1,2,1
745754,2024-04-23,2024,133,Oakland Athletics,147,New York Yankees,3,4,1
745917,2024-04-23,2024,145,Chicago White Sox,142,Minnesota Twins,5,6,1
746246,2024-04-23,2024,110,Baltimore Orioles,108,Los Angeles Angels,4,7,1
746321,2024-04-23,2024,141,Toronto Blue Jays,118,Kansas City Royals,2,3,1
746566,2024-04-23,2024,135,San Diego Padres,115,Colorado Rockies,4,7,1
746647,2024-04-23,2024,111,Boston Red Sox,114,Cleveland Guardians,1,4,1
746722,2024-04-23,2024,143,Philadelphia Phillies,113,Cincinnati Reds,1,8,1
746888,2024-04-23,2024,117,Houston Astros,112,Chicago Cubs,2,7,1
747130,2024-04-23,2024,146,Miami Marlins,144,Atlanta Braves,0,5,1
744864,2024-04-24,2024,119,Los Angeles Dodgers,120,Washington Nationals,11,2,0
745028,2024-04-24,2024,136,Seattle Mariners,140,Texas Rangers,1,5,1
745099,2024-04-24,2024,116,Detroit Tigers,139,Tampa Bay Rays,5,7,1
745188,2024-04-24,2024,109,Arizona Diamondbacks,138,St. Louis Cardinals,1,5,1
745346,2024-04-24,2024,121,New York Mets,137,San Francisco Giants,8,2,0
745513,2024-04-24,2024,158,Milwaukee Brewers,134,Pittsburgh Pirates,3,2,0
745753,2024-04-24,2024,133,Oakland Athletics,147,New York Yankees,3,7,1
745919,2024-04-24,2024,145,Chicago White Sox,142,Minnesota Twins,3,6,1
746244,2024-04-24,2024,110,Baltimore Orioles,108,Los Angeles Angels,6,5,0
746317,2024-04-24,2024,141,Toronto Blue Jays,118,Kansas City Royals,2,3,1
746567,2024-04-24,2024,135,San Diego Padres,115,Colorado Rockies,5,2,0
746649,2024-04-24,2024,111,Boston Red Sox,114,Cleveland Guardians,8,0,0
746725,2024-04-24,2024,143,Philadelphia Phillies,113,Cincinnati Reds,4,7,1
746889,2024-04-24,2024,117,Houston Astros,112,Chicago Cubs,3,4,1
747132,2024-04-24,2024,146,Miami Marlins,144,Atlanta Braves,3,4,1
744867,2024-04-25,2024,119,Los Angeles Dodgers,120,Washington Nationals,2,1,0
745027,2024-04-25,2024,136,Seattle Mariners,140,Texas Rangers,4,3,0
745512,2024-04-25,2024,158,Milwaukee Brewers,134,Pittsburgh Pirates,7,5,0
745755,2024-04-25,2024,133,Oakland Athletics,147,New York Yankees,3,1,0
745918,2024-04-25,2024,145,Chicago White Sox,142,Minnesota Twins,3,6,1
746320,2024-04-25,2024,141,Toronto Blue Jays,118,Kansas City Royals,1,2,1
746564,2024-04-25,2024,135,San Diego Padres,115,Colorado Rockies,9,10,1
746646,2024-04-25,2024,111,Boston Red Sox,114,Cleveland Guardians,4,6,1
746724,2024-04-25,2024,143,Philadelphia Phillies,113,Cincinnati Reds,5,0,0
746887,2024-04-25,2024,117,Houston Astros,112,Chicago Cubs,1,3,1
744949,2024-04-26,2024,119,Los Angeles Dodgers,141,Toronto Blue Jays,12,2,0
745025,2024-04-26,2024,113,Cincinnati Reds,140,Texas Rangers,1,2,1
745269,2024-04-26,2024,109,Arizona Diamondbacks,136,Seattle Mariners,1,6,1
745347,2024-04-26,2024,134,Pittsburgh Pirates,137,San Francisco Giants,0,3,1
745424,2024-04-26,2024,143,Philadelphia Phillies,135,San Diego Padres,9,3,0
745835,2024-04-26,2024,138,St. Louis Cardinals,121,New York Mets,4,2,0
746000,2024-04-26,2024,147,New York Yankees,158,Milwaukee Brewers,6,7,1
746078,2024-04-26,2024,120,Washington Nationals,146,Miami Marlins,3,1,0
746243,2024-04-26,2024,142,Minnesota Twins,108,Los Angeles Angels,5,3,0
746482,2024-04-26,2024,118,Kansas City Royals,116,Detroit Tigers,8,0,0
746808,2024-04-26,2024,139,Tampa Bay Rays,145,Chicago White Sox,4,9,1
746972,2024-04-26,2024,112,Chicago Cubs,111,Boston Red Sox,7,1,0
747050,2024-04-26,2024,133,Oakland Athletics,110,Baltimore Orioles,3,2,0
747129,2024-04-26,2024,114,Cleveland Guardians,144,Atlanta Braves,2,6,1
744946,2024-04-27,2024,119,Los Angeles Dodgers,141,Toronto Blue Jays,4,2,0
745020,2024-04-27,2024,113,Cincinnati Reds,140,Texas Rangers,8,4,0
745266,2024-04-27,2024,109,Arizona Diamondbacks,136,Seattle Mariners,1,3,1
745350,2024-04-27,2024,134,Pittsburgh Pirates,137,San Francisco Giants,4,3,0
745425,2024-04-27,2024,143,Philadelphia Phillies,135,San Diego Padres,5,1,0
745833,2024-04-27,2024,138,St. Louis Cardinals,121,New York Mets,7,4,0
745998,2024-04-27,2024,147,New York Yankees,158,Milwaukee Brewers,15,3,0
746075,2024-04-27,2024,120,Washington Nationals,146,Miami Marlins,11,4,0
746245,2024-04-27,2024,142,Minnesota Twins,108,Los Angeles Angels,16,5,0
746484,2024-04-27,2024,118,Kansas City Royals,116,Detroit Tigers,5,6,1
746560,2024-04-27,2024,117,Houston Astros,115,Colorado Rockies,12,4,0
746803,2024-04-27,2024,139,Tampa Bay Rays,145,Chicago White Sox,7,8,1
746971,2024-04-27,2024,112,Chicago Cubs,111,Boston Red Sox,0,17,1
747052,2024-04-27,2024,133,Oakland Athletics,110,Baltimore Orioles,0,7,1
747131,2024-04-27,2024,114,Cleveland Guardians,144,Atlanta Braves,4,2,0
744947,2024-04-28,2024,119,Los Angeles Dodgers,141,Toronto Blue Jays,1,3,1
745022,2024-04-28,2024,113,Cincinnati Reds,140,Texas Rangers,3,4,1
745265,2024-04-28,2024,109,Arizona Diamondbacks,136,Seattle Mariners,3,2,0
745349,2024-04-28,2024,134,Pittsburgh Pirates,137,San Francisco Giants,2,3,1
745428,2024-04-28,2024,143,Philadelphia Phillies,135,San Diego Padres,8,6,0
745834,2024-04-28,2024,138,St. Louis Cardinals,121,New York Mets,2,4,1
746001,2024-04-28,2024,147,New York Yankees,158,Milwaukee Brewers,15,5,0
746077,2024-04-28,2024,120,Washington Nationals,146,Miami Marlins,12,9,0
746237,2024-04-28,2024,142,Minnesota Twins,108,Los Angeles Angels,11,5,0
746483,2024-04-28,2024,118,Kansas City Royals,116,Detroit Tigers,1,4,1
746561,2024-04-28,2024,117,Houston Astros,115,Colorado Rockies,8,2,0
746805,2024-04-28,2024,139,Tampa Bay Rays,145,Chicago White Sox,2,4,1
746967,2024-04-28,2024,112,Chicago Cubs,111,Boston Red Sox,4,5,1
747045,2024-04-28,2024,133,Oakland Athletics,110,Baltimore Orioles,7,6,0
747125,2024-04-28,2024,114,Cleveland Guardians,144,Atlanta Braves,3,4,1
744945,2024-04-29,2024,118,Kansas City Royals,141,Toronto Blue Jays,5,6,1
745263,2024-04-29,2024,144,Atlanta Braves,136,Seattle Mariners,1,2,1
745427,2024-04-29,2024,113,Cincinnati Reds,135,San Diego Padres,5,2,0
745672,2024-04-29,2024,134,Pittsburgh Pirates,133,Oakland Athletics,1,5,1
745832,2024-04-29,2024,112,Chicago Cubs,121,New York Mets,3,1,0
745999,2024-04-29,2024,139,Tampa Bay Rays,158,Milwaukee Brewers,1,0,0
746074,2024-04-29,2024,120,Washington Nationals,146,Miami Marlins,7,2,0
746236,2024-04-29,2024,143,Philadelphia Phillies,108,Los Angeles Angels,5,6,1
746804,2024-04-29,2024,142,Minnesota Twins,145,Chicago White Sox,3,2,0
747046,2024-04-29,2024,147,New York Yankees,110,Baltimore Orioles,0,2,1
747211,2024-04-29,2024,119,Los Angeles Dodgers,109,Arizona Diamondbacks,8,4,0
744942,2024-04-30,2024,118,Kansas City Royals,141,Toronto Blue Jays,4,1,0
745018,2024-04-30,2024,120,Washington Nationals,140,Texas Rangers,1,7,1
745260,2024-04-30,2024,144,Atlanta Braves,136,Seattle Mariners,2,3,1
745426,2024-04-30,2024,113,Cincinnati Reds,135,San Diego Padres,4,6,1
745673,2024-04-30,2024,134,Pittsburgh Pirates,133,Oakland Athletics,2,5,1
745831,2024-04-30,2024,112,Chicago Cubs,121,New York Mets,2,4,1
745997,2024-04-30,2024,139,Tampa Bay Rays,158,Milwaukee Brewers,2,8,1
746073,2024-04-30,2024,115,Colorado Rockies,146,Miami Marlins,6,7,1
746239,2024-04-30,2024,143,Philadelphia Phillies,108,Los Angeles Angels,7,5,0
746398,2024-04-30,2024,114,Cleveland Guardians,117,Houston Astros,9,10,1
746477,2024-04-30,2024,138,St. Louis Cardinals,116,Detroit Tigers,2,1,0
746481,2024-04-30,2024,138,St. Louis Cardinals,116,Detroit Tigers,6,11,1
746806,2024-04-30,2024,142,Minnesota Twins,145,Chicago White Sox,6,5,0
746968,2024-04-30,2024,137,San Francisco Giants,111,Boston Red Sox,0,4,1
747047,2024-04-30,2024,147,New York Yankees,110,Baltimore Orioles,2,4,1
747210,2024-04-30,2024,119,Los Angeles Dodgers,109,Arizona Diamondbacks,3,4,1
744939,2024-05-01,2024,118,Kansas City Royals,141,Toronto Blue Jays,6,1,0
745023,2024-05-01,2024,120,Washington Nationals,140,Texas Rangers,1,0,0
745261,2024-05-01,2024,144,Atlanta Braves,136,Seattle Mariners,5,2,0
745423,2024-05-01,2024,113,Cincinnati Reds,135,San Diego Padres,2,6,1
745670,2024-05-01,2024,134,Pittsburgh Pirates,133,Oakland Athletics,0,4,1
745829,2024-05-01,2024,112,Chicago Cubs,121,New York Mets,1,0,0
745996,2024-05-01,2024,139,Tampa Bay Rays,158,Milwaukee Brewers,1,7,1
746072,2024-05-01,2024,115,Colorado Rockies,146,Miami Marlins,1,4,1
746238,2024-05-01,2024,143,Philadelphia Phillies,108,Los Angeles Angels,2,1,0
746399,2024-05-01,2024,114,Cleveland Guardians,117,Houston Astros,3,2,0
746478,2024-05-01,2024,138,St. Louis Cardinals,116,Detroit Tigers,1,4,1
746800,2024-05-01,2024,142,Minnesota Twins,145,Chicago White Sox,10,5,0
746966,2024-05-01,2024,137,San Francisco Giants,111,Boston Red Sox,2,6,1
747048,2024-05-01,2024,147,New York Yankees,110,Baltimore Orioles,2,0,0
747207,2024-05-01,2024,119,Los Angeles Dodgers,109,Arizona Diamondbacks,8,0,0
745021,2024-05-02,2024,120,Washington Nationals,140,Texas Rangers,0,6,1
745830,2024-05-02,2024,112,Chicago Cubs,121,New York Mets,6,7,1
746070,2024-05-02,2024,115,Colorado Rockies,146,Miami Marlins,4,5,1
746403,2024-05-02,2024,114,Cleveland Guardians,117,Houston Astros,2,8,1
746969,2024-05-02,2024,137,San Francisco Giants,111,Boston Red Sox,3,1,0
747044,2024-05-02,2024,147,New York Yankees,110,Baltimore Orioles,2,7,1
744868,2024-05-03,2024,141,Toronto Blue Jays,120,Washington Nationals,3,9,1
745101,2024-05-03,2024,121,New York Mets,139,Tampa Bay Rays,8,10,1
745187,2024-05-03,2024,145,Chicago White Sox,138,St. Louis Cardinals,0,3,1
745510,2024-05-03,2024,115,Colorado Rockies,134,Pittsburgh Pirates,3,2,0
745589,2024-05-03,2024,137,San Francisco Giants,143,Philadelphia Phillies,3,4,1
745665,2024-05-03,2024,146,Miami Marlins,133,Oakland Athletics,1,3,1
745756,2024-05-03,2024,116,Detroit Tigers,147,New York Yankees,1,2,1
745914,2024-05-03,2024,111,Boston Red Sox,142,Minnesota Twins,2,5,1
746152,2024-05-03,2024,144,Atlanta Braves,119,Los Angeles Dodgers,3,4,1
746318,2024-05-03,2024,140,Texas Rangers,118,Kansas City Royals,1,7,1
746402,2024-05-03,2024,136,Seattle Mariners,117,Houston Astros,3,5,1
746645,2024-05-03,2024,108,Los Angeles Angels,114,Cleveland Guardians,6,0,0
746721,2024-05-03,2024,110,Baltimore Orioles,113,Cincinnati Reds,3,0,0
746890,2024-05-03,2024,158,Milwaukee Brewers,112,Chicago Cubs,3,1,0
747208,2024-05-03,2024,135,San Diego Padres,109,Arizona Diamondbacks,7,1,0
744862,2024-05-04,2024,141,Toronto Blue Jays,120,Washington Nationals,6,3,0
745100,2024-05-04,2024,121,New York Mets,139,Tampa Bay Rays,1,3,1
745183,2024-05-04,2024,145,Chicago White Sox,138,St. Louis Cardinals,6,5,0
745511,2024-05-04,2024,115,Colorado Rockies,134,Pittsburgh Pirates,0,1,1
745583,2024-05-04,2024,137,San Francisco Giants,143,Philadelphia Phillies,3,14,1
745666,2024-05-04,2024,146,Miami Marlins,133,Oakland Athletics,4,20,1
745750,2024-05-04,2024,116,Detroit Tigers,147,New York Yankees,3,5,1
745911,2024-05-04,2024,111,Boston Red Sox,142,Minnesota Twins,1,3,1
746155,2024-05-04,2024,144,Atlanta Braves,119,Los Angeles Dodgers,2,11,1
746311,2024-05-04,2024,140,Texas Rangers,118,Kansas City Royals,15,4,0
746394,2024-05-04,2024,136,Seattle Mariners,117,Houston Astros,5,0,0
746644,2024-05-04,2024,108,Los Angeles Angels,114,Cleveland Guardians,1,7,1
746720,2024-05-04,2024,110,Baltimore Orioles,113,Cincinnati Reds,2,1,0
746884,2024-05-04,2024,158,Milwaukee Brewers,112,Chicago Cubs,5,6,1
747209,2024-05-04,2024,135,San Diego Padres,109,Arizona Diamondbacks,13,1,0
744861,2024-05-05,2024,141,Toronto Blue Jays,120,Washington Nationals,8,11,1
745103,2024-05-05,2024,121,New York Mets,139,Tampa Bay Rays,6,7,1
745185,2024-05-05,2024,145,Chicago White Sox,138,St. Louis Cardinals,5,1,0
745504,2024-05-05,2024,115,Colorado Rockies,134,Pittsburgh Pirates,3,5,1
745587,2024-05-05,2024,137,San Francisco Giants,143,Philadelphia Phillies,4,5,1
745667,2024-05-05,2024,146,Miami Marlins,133,Oakland Athletics,12,3,0
745751,2024-05-05,2024,116,Detroit Tigers,147,New York Yankees,2,5,1
745913,2024-05-05,2024,111,Boston Red Sox,142,Minnesota Twins,9,2,0
746153,2024-05-05,2024,144,Atlanta Braves,119,Los Angeles Dodgers,1,5,1
746314,2024-05-05,2024,140,Texas Rangers,118,Kansas City Royals,3,2,0
746395,2024-05-05,2024,136,Seattle Mariners,117,Houston Astros,5,4,0
746643,2024-05-05,2024,108,Los Angeles Angels,114,Cleveland Guardians,1,4,1
746719,2024-05-05,2024,110,Baltimore Orioles,113,Cincinnati Reds,11,1,0
746883,2024-05-05,2024,158,Milwaukee Brewers,112,Chicago Cubs,0,5,1
747206,2024-05-05,2024,135,San Diego Padres,109,Arizona Diamondbacks,4,11,1
745098,2024-05-06,2024,145,Chicago White Sox,139,Tampa Bay Rays,2,8,1
745182,2024-05-06,2024,121,New York Mets,138,St. Louis Cardinals,4,3,0
745509,2024-05-06,2024,108,Los Angeles Angels,134,Pittsburgh Pirates,1,4,1
745585,2024-05-06,2024,137,San Francisco Giants,143,Philadelphia Phillies,1,6,1
745669,2024-05-06,2024,140,Texas Rangers,133,Oakland Athletics,4,2,0
745912,2024-05-06,2024,136,Seattle Mariners,142,Minnesota Twins,1,3,1
746149,2024-05-06,2024,146,Miami Marlins,119,Los Angeles Dodgers,3,6,1
746313,2024-05-06,2024,158,Milwaukee Brewers,118,Kansas City Royals,2,3,1
746639,2024-05-06,2024,116,Detroit Tigers,114,Cleveland Guardians,1,2,1
746886,2024-05-06,2024,135,San Diego Padres,112,Chicago Cubs,6,3,0
744859,2024-05-07,2024,110,Baltimore Orioles,120,Washington Nationals,0,3,1
745095,2024-05-07,2024,145,Chicago White Sox,139,Tampa Bay Rays,1,5,1
745186,2024-05-07,2024,121,New York Mets,138,St. Louis Cardinals,7,5,0
745508,2024-05-07,2024,108,Los Angeles Angels,134,Pittsburgh Pirates,9,0,0
745586,2024-05-07,2024,141,Toronto Blue Jays,143,Philadelphia Phillies,1,10,1
745668,2024-05-07,2024,140,Texas Rangers,133,Oakland Athletics,15,8,0
745752,2024-05-07,2024,117,Houston Astros,147,New York Yankees,3,10,1
745915,2024-05-07,2024,136,Seattle Mariners,142,Minnesota Twins,10,6,0
746147,2024-05-07,2024,146,Miami Marlins,119,Los Angeles Dodgers,2,8,1
746315,2024-05-07,2024,158,Milwaukee Brewers,118,Kansas City Royals,6,5,0
746559,2024-05-07,2024,137,San Francisco Giants,115,Colorado Rockies,5,0,0
746638,2024-05-07,2024,116,Detroit Tigers,114,Cleveland Guardians,11,7,0
746718,2024-05-07,2024,109,Arizona Diamondbacks,113,Cincinnati Reds,6,2,0
746885,2024-05-07,2024,135,San Diego Padres,112,Chicago Cubs,2,3,1
747126,2024-05-07,2024,111,Boston Red Sox,144,Atlanta Braves,2,4,1
744858,2024-05-08,2024,110,Baltimore Orioles,120,Washington Nationals,7,6,0
745097,2024-05-08,2024,145,Chicago White Sox,139,Tampa Bay Rays,4,1,0
745507,2024-05-08,2024,108,Los Angeles Angels,134,Pittsburgh Pirates,5,4,0
745584,2024-05-08,2024,141,Toronto Blue Jays,143,Philadelphia Phillies,5,3,0
745659,2024-05-08,2024,140,Texas Rangers,133,Oakland Athletics,12,11,0
745664,2024-05-08,2024,140,Texas Rangers,133,Oakland Athletics,4,9,1
745749,2024-05-08,2024,117,Houston Astros,147,New York Yankees,4,9,1
745906,2024-05-08,2024,136,Seattle Mariners,142,Minnesota Twins,3,6,1
746151,2024-05-08,2024,146,Miami Marlins,119,Los Angeles Dodgers,1,3,1
746312,2024-05-08,2024,158,Milwaukee Brewers,118,Kansas City Royals,4,6,1
746562,2024-05-08,2024,137,San Francisco Giants,115,Colorado Rockies,8,6,0
746640,2024-05-08,2024,116,Detroit Tigers,114,Cleveland Guardians,4,5,1
746717,2024-05-08,2024,109,Arizona Diamondbacks,113,Cincinnati Reds,4,3,0
746879,2024-05-08,2024,135,San Diego Padres,112,Chicago Cubs,3,0,0
747127,2024-05-08,2024,111,Boston Red Sox,144,Atlanta Braves,0,5,1
745748,2024-05-09,2024,117,Houston Astros,147,New York Yankees,4,3,0
745910,2024-05-09,2024,136,Seattle Mariners,142,Minnesota Twins,1,11,1
745995,2024-05-09,2024,138,St. Louis Cardinals,158,Milwaukee Brewers,1,7,1
746241,2024-05-09,2024,118,Kansas City Royals,108,Los Angeles Angels,10,4,0
746563,2024-05-09,2024,137,San Francisco Giants,115,Colorado Rockies,1,9,1
746715,2024-05-09,2024,109,Arizona Diamondbacks,113,Cincinnati Reds,5,4,0
746802,2024-05-09,2024,114,Cleveland Guardians,145,Chicago White Sox,2,3,1
744940,2024-05-10,2024,142,Minnesota Twins,141,Toronto Blue Jays,3,2,0
745094,2024-05-10,2024,147,New York Yankees,139,Tampa Bay Rays,2,0,0
745264,2024-05-10,2024,133,Oakland Athletics,136,Seattle Mariners,1,8,1
745340,2024-05-10,2024,113,Cincinnati Reds,137,San Francisco Giants,4,2,0
745421,2024-05-10,2024,119,Los Angeles Dodgers,135,San Diego Padres,1,2,1
745506,2024-05-10,2024,112,Chicago Cubs,134,Pittsburgh Pirates,7,2,0
745827,2024-05-10,2024,144,Atlanta Braves,121,New York Mets,4,2,0
745993,2024-05-10,2024,138,St. Louis Cardinals,158,Milwaukee Brewers,2,11,1
746071,2024-05-10,2024,143,Philadelphia Phillies,146,Miami Marlins,8,2,0
746240,2024-05-10,2024,118,Kansas City Royals,108,Los Angeles Angels,2,1,0
746479,2024-05-10,2024,117,Houston Astros,116,Detroit Tigers,5,2,0
746553,2024-05-10,2024,140,Texas Rangers,115,Colorado Rockies,2,4,1
746801,2024-05-10,2024,114,Cleveland Guardians,145,Chicago White Sox,3,6,1
746964,2024-05-10,2024,120,Washington Nationals,111,Boston Red Sox,5,1,0
747043,2024-05-10,2024,109,Arizona Diamondbacks,110,Baltimore Orioles,2,4,1
744943,2024-05-11,2024,142,Minnesota Twins,141,Toronto Blue Jays,8,10,1
745096,2024-05-11,2024,147,New York Yankees,139,Tampa Bay Rays,2,7,1
745262,2024-05-11,2024,133,Oakland Athletics,136,Seattle Mariners,8,1,0
745344,2024-05-11,2024,113,Cincinnati Reds,137,San Francisco Giants,1,5,1
745422,2024-05-11,2024,119,Los Angeles Dodgers,135,San Diego Padres,5,0,0
745505,2024-05-11,2024,112,Chicago Cubs,134,Pittsburgh Pirates,9,10,1
745828,2024-05-11,2024,144,Atlanta Braves,121,New York Mets,4,1,0
745994,2024-05-11,2024,138,St. Louis Cardinals,158,Milwaukee Brewers,3,5,1
746069,2024-05-11,2024,143,Philadelphia Phillies,146,Miami Marlins,8,3,0
746232,2024-05-11,2024,118,Kansas City Royals,108,Los Angeles Angels,3,9,1
746480,2024-05-11,2024,117,Houston Astros,116,Detroit Tigers,2,8,1
746554,2024-05-11,2024,140,Texas Rangers,115,Colorado Rockies,3,8,1
746797,2024-05-11,2024,114,Cleveland Guardians,145,Chicago White Sox,1,3,1
746963,2024-05-11,2024,120,Washington Nationals,111,Boston Red Sox,2,4,1
747041,2024-05-11,2024,109,Arizona Diamondbacks,110,Baltimore Orioles,4,5,1
744941,2024-05-12,2024,142,Minnesota Twins,141,Toronto Blue Jays,5,1,0
745092,2024-05-12,2024,147,New York Yankees,139,Tampa Bay Rays,10,6,0
745255,2024-05-12,2024,133,Oakland Athletics,136,Seattle Mariners,4,8,1
745345,2024-05-12,2024,113,Cincinnati Reds,137,San Francisco Giants,5,6,1
745419,2024-05-12,2024,119,Los Angeles Dodgers,135,San Diego Padres,0,4,1
745499,2024-05-12,2024,112,Chicago Cubs,134,Pittsburgh Pirates,5,4,0
745825,2024-05-12,2024,144,Atlanta Braves,121,New York Mets,3,4,1
745990,2024-05-12,2024,138,St. Louis Cardinals,158,Milwaukee Brewers,4,3,0
746068,2024-05-12,2024,143,Philadelphia Phillies,146,Miami Marlins,6,7,1
746234,2024-05-12,2024,118,Kansas City Royals,108,Los Angeles Angels,4,2,0
746476,2024-05-12,2024,117,Houston Astros,116,Detroit Tigers,9,3,0
746555,2024-05-12,2024,140,Texas Rangers,115,Colorado Rockies,1,3,1
746798,2024-05-12,2024,114,Cleveland Guardians,145,Chicago White Sox,7,0,0
746965,2024-05-12,2024,120,Washington Nationals,111,Boston Red Sox,2,3,1
747042,2024-05-12,2024,109,Arizona Diamondbacks,110,Baltimore Orioles,9,2,0
745019,2024-05-13,2024,114,Cleveland Guardians,140,Texas Rangers,7,0,0
745256,2024-05-13,2024,118,Kansas City Royals,136,Seattle Mariners,2,6,1
745343,2024-05-13,2024,119,Los Angeles Dodgers,137,San Francisco Giants,6,4,0
745420,2024-05-13,2024,115,Colorado Rockies,135,San Diego Padres,5,4,0
745826,2024-05-13,2024,143,Philadelphia Phillies,121,New York Mets,5,4,0
745991,2024-05-13,2024,134,Pittsburgh Pirates,158,Milwaukee Brewers,8,6,0
746233,2024-05-13,2024,138,St. Louis Cardinals,108,Los Angeles Angels,10,5,0
746393,2024-05-13,2024,133,Oakland Athletics,117,Houston Astros,2,9,1
746471,2024-05-13,2024,146,Miami Marlins,116,Detroit Tigers,5,6,1
746961,2024-05-13,2024,139,Tampa Bay Rays,111,Boston Red Sox,5,3,0
747040,2024-05-13,2024,141,Toronto Blue Jays,110,Baltimore Orioles,3,2,0
747128,2024-05-13,2024,112,Chicago Cubs,144,Atlanta Braves,0,2,1
747204,2024-05-13,2024,113,Cincinnati Reds,109,Arizona Diamondbacks,5,6,1
745014,2024-05-14,2024,114,Cleveland Guardians,140,Texas Rangers,7,4,0
745257,2024-05-14,2024,118,Kansas City Royals,136,Seattle Mariners,4,2,0
745342,2024-05-14,2024,119,Los Angeles Dodgers,137,San Francisco Giants,10,2,0
745418,2024-05-14,2024,115,Colorado Rockies,135,San Diego Padres,6,3,0
745821,2024-05-14,2024,143,Philadelphia Phillies,121,New York Mets,4,0,0
745909,2024-05-14,2024,147,New York Yankees,142,Minnesota Twins,5,1,0
745989,2024-05-14,2024,134,Pittsburgh Pirates,158,Milwaukee Brewers,3,4,1
746235,2024-05-14,2024,138,St. Louis Cardinals,108,Los Angeles Angels,7,6,0
746396,2024-05-14,2024,133,Oakland Athletics,117,Houston Astros,1,2,1
746473,2024-05-14,2024,146,Miami Marlins,116,Detroit Tigers,1,0,0
746796,2024-05-14,2024,120,Washington Nationals,145,Chicago White Sox,6,3,0
746799,2024-05-14,2024,120,Washington Nationals,145,Chicago White Sox,0,4,1
746962,2024-05-14,2024,139,Tampa Bay Rays,111,Boston Red Sox,4,5,1
747124,2024-05-14,2024,112,Chicago Cubs,144,Atlanta Braves,0,7,1
747205,2024-05-14,2024,113,Cincinnati Reds,109,Arizona Diamondbacks,6,2,0
745015,2024-05-15,2024,114,Cleveland Guardians,140,Texas Rangers,0,4,1
745259,2024-05-15,2024,118,Kansas City Royals,136,Seattle Mariners,2,4,1
745341,2024-05-15,2024,119,Los Angeles Dodgers,137,San Francisco Giants,1,4,1
745417,2024-05-15,2024,115,Colorado Rockies,135,San Diego Padres,8,0,0
745582,2024-05-15,2024,121,New York Mets,143,Philadelphia Phillies,5,10,1
745908,2024-05-15,2024,147,New York Yankees,142,Minnesota Twins,4,0,0
745992,2024-05-15,2024,134,Pittsburgh Pirates,158,Milwaukee Brewers,2,10,1
746231,2024-05-15,2024,138,St. Louis Cardinals,108,Los Angeles Angels,2,7,1
746397,2024-05-15,2024,133,Oakland Athletics,117,Houston Astros,0,3,1
746472,2024-05-15,2024,146,Miami Marlins,116,Detroit Tigers,2,0,0
746795,2024-05-15,2024,120,Washington Nationals,145,Chicago White Sox,0,2,1
746960,2024-05-15,2024,139,Tampa Bay Rays,111,Boston Red Sox,4,3,0
747038,2024-05-15,2024,141,Toronto Blue Jays,110,Baltimore Orioles,2,3,1
747123,2024-05-15,2024,112,Chicago Cubs,144,Atlanta Braves,7,1,0
747203,2024-05-15,2024,113,Cincinnati Reds,109,Arizona Diamondbacks,1,2,1
745580,2024-05-16,2024,121,New York Mets,143,Philadelphia Phillies,6,5,0
745907,2024-05-16,2024,147,New York Yankees,142,Minnesota Twins,5,0,0
746150,2024-05-16,2024,113,Cincinnati Reds,119,Los Angeles Dodgers,7,2,0
746391,2024-05-16,2024,133,Oakland Athletics,117,Houston Astros,1,8,1
746881,2024-05-16,2024,134,Pittsburgh Pirates,112,Chicago Cubs,5,4,0
746959,2024-05-16,2024,139,Tampa Bay Rays,111,Boston Red Sox,7,5,0
744934,2024-05-17,2024,139,Tampa Bay Rays,141,Toronto Blue Jays,4,3,0
745016,2024-05-17,2024,108,Los Angeles Angels,140,Texas Rangers,9,3,0
745178,2024-05-17,2024,111,Boston Red Sox,138,St. Louis Cardinals,6,10,1
745335,2024-05-17,2024,115,Colorado Rockies,137,San Francisco Giants,5,10,1
745579,2024-05-17,2024,120,Washington Nationals,143,Philadelphia Phillies,2,4,1
745747,2024-05-17,2024,145,Chicago White Sox,147,New York Yankees,2,4,1
746065,2024-05-17,2024,121,New York Mets,146,Miami Marlins,0,8,1
746148,2024-05-17,2024,113,Cincinnati Reds,119,Los Angeles Dodgers,3,7,1
746310,2024-05-17,2024,133,Oakland Athletics,118,Kansas City Royals,2,6,1
746388,2024-05-17,2024,158,Milwaukee Brewers,117,Houston Astros,4,5,1
746641,2024-05-17,2024,142,Minnesota Twins,114,Cleveland Guardians,2,3,1
746878,2024-05-17,2024,134,Pittsburgh Pirates,112,Chicago Cubs,9,3,0
747037,2024-05-17,2024,136,Seattle Mariners,110,Baltimore Orioles,2,9,1
747122,2024-05-17,2024,135,San Diego Padres,144,Atlanta Braves,3,1,0
747201,2024-05-17,2024,116,Detroit Tigers,109,Arizona Diamondbacks,13,0,0
744938,2024-05-18,2024,139,Tampa Bay Rays,141,Toronto Blue Jays,5,4,0
745013,2024-05-18,2024,108,Los Angeles Angels,140,Texas Rangers,2,3,1
745177,2024-05-18,2024,111,Boston Red Sox,138,St. Louis Cardinals,2,7,1
745339,2024-05-18,2024,115,Colorado Rockies,137,San Francisco Giants,4,14,1
745581,2024-05-18,2024,120,Washington Nationals,143,Philadelphia Phillies,3,4,1
745744,2024-05-18,2024,145,Chicago White Sox,147,New York Yankees,1,6,1
746067,2024-05-18,2024,121,New York Mets,146,Miami Marlins,9,10,1
746142,2024-05-18,2024,113,Cincinnati Reds,119,Los Angeles Dodgers,0,4,1
746308,2024-05-18,2024,133,Oakland Athletics,118,Kansas City Royals,3,5,1
746389,2024-05-18,2024,158,Milwaukee Brewers,117,Houston Astros,4,2,0
746642,2024-05-18,2024,142,Minnesota Twins,114,Cleveland Guardians,4,11,1
746882,2024-05-18,2024,134,Pittsburgh Pirates,112,Chicago Cubs,0,1,1
747036,2024-05-18,2024,136,Seattle Mariners,110,Baltimore Orioles,4,3,0
747202,2024-05-18,2024,116,Detroit Tigers,109,Arizona Diamondbacks,8,3,0
744937,2024-05-19,2024,139,Tampa Bay Rays,141,Toronto Blue Jays,2,5,1
745012,2024-05-19,2024,108,Los Angeles Angels,140,Texas Rangers,4,1,0
745179,2024-05-19,2024,111,Boston Red Sox,138,St. Louis Cardinals,11,3,0
745336,2024-05-19,2024,115,Colorado Rockies,137,San Francisco Giants,1,4,1
745577,2024-05-19,2024,120,Washington Nationals,143,Philadelphia Phillies,5,11,1
745745,2024-05-19,2024,145,Chicago White Sox,147,New York Yankees,2,7,1
746064,2024-05-19,2024,121,New York Mets,146,Miami Marlins,7,3,0
746144,2024-05-19,2024,113,Cincinnati Reds,119,Los Angeles Dodgers,2,3,1
746306,2024-05-19,2024,133,Oakland Athletics,118,Kansas City Royals,4,8,1
746392,2024-05-19,2024,158,Milwaukee Brewers,117,Houston Astros,4,9,1
746636,2024-05-19,2024,142,Minnesota Twins,114,Cleveland Guardians,2,5,1
746880,2024-05-19,2024,134,Pittsburgh Pirates,112,Chicago Cubs,3,2,0
747035,2024-05-19,2024,136,Seattle Mariners,110,Baltimore Orioles,3,6,1
747120,2024-05-19,2024,135,San Diego Padres,144,Atlanta Braves,9,1,0
747198,2024-05-19,2024,116,Detroit Tigers,109,Arizona Diamondbacks,4,6,1
744857,2024-05-20,2024,142,Minnesota Twins,120,Washington Nationals,3,12,1
744935,2024-05-20,2024,145,Chicago White Sox,141,Toronto Blue Jays,3,9,1
745093,2024-05-20,2024,111,Boston Red Sox,139,Tampa Bay Rays,5,0,0
745181,2024-05-20,2024,110,Baltimore Orioles,138,St. Louis Cardinals,3,6,1
745746,2024-05-20,2024,136,Seattle Mariners,147,New York Yankees,5,4,0
746066,2024-05-20,2024,158,Milwaukee Brewers,146,Miami Marlins,2,3,1
746146,2024-05-20,2024,109,Arizona Diamondbacks,119,Los Angeles Dodgers,4,6,1
746307,2024-05-20,2024,116,Detroit Tigers,118,Kansas City Royals,3,8,1
746390,2024-05-20,2024,108,Los Angeles Angels,117,Houston Astros,9,7,0
746637,2024-05-20,2024,121,New York Mets,114,Cleveland Guardians,1,3,1
747119,2024-05-20,2024,135,San Diego Padres,144,Atlanta Braves,6,5,0
747121,2024-05-20,2024,135,San Diego Padres,144,Atlanta Braves,0,3,1
744860,2024-05-21,2024,142,Minnesota Twins,120,Washington Nationals,10,0,0
744936,2024-05-21,2024,145,Chicago White Sox,141,Toronto Blue Jays,5,0,0
745090,2024-05-21,2024,111,Boston Red Sox,139,Tampa Bay Rays,5,2,0
745180,2024-05-21,2024,110,Baltimore Orioles,138,St. Louis Cardinals,1,3,1
745180,2024-05-21,2024,110,Baltimore Orioles,138,St. Louis Cardinals,1,3,1
745503,2024-05-21,2024,137,San Francisco Giants,134,Pittsburgh Pirates,6,7,1
745578,2024-05-21,2024,140,Texas Rangers,143,Philadelphia Phillies,2,5,1
745662,2024-05-21,2024,115,Colorado Rockies,133,Oakland Athletics,4,5,1
745742,2024-05-21,2024,136,Seattle Mariners,147,New York Yankees,6,3,0
746058,2024-05-21,2024,158,Milwaukee Brewers,146,Miami Marlins,7,5,0
746145,2024-05-21,2024,109,Arizona Diamondbacks,119,Los Angeles Dodgers,7,3,0
746309,2024-05-21,2024,116,Detroit Tigers,118,Kansas City Royals,3,10,1
746385,2024-05-21,2024,108,Los Angeles Angels,117,Houston Astros,5,6,1
746633,2024-05-21,2024,121,New York Mets,114,Cleveland Guardians,6,7,1
746716,2024-05-21,2024,135,San Diego Padres,113,Cincinnati Reds,0,2,1
746875,2024-05-21,2024,144,Atlanta Braves,112,Chicago Cubs,3,4,1
744856,2024-05-22,2024,142,Minnesota Twins,120,Washington Nationals,3,2,0
744933,2024-05-22,2024,145,Chicago White Sox,141,Toronto Blue Jays,2,9,1
745089,2024-05-22,2024,111,Boston Red Sox,139,Tampa Bay Rays,8,5,0
745173,2024-05-22,2024,110,Baltimore Orioles,138,St. Louis Cardinals,4,5,1
745502,2024-05-22,2024,137,San Francisco Giants,134,Pittsburgh Pirates,9,5,0
745576,2024-05-22,2024,140,Texas Rangers,143,Philadelphia Phillies,4,11,1
745661,2024-05-22,2024,115,Colorado Rockies,133,Oakland Athletics,4,3,0
745743,2024-05-22,2024,136,Seattle Mariners,147,New York Yankees,3,7,1
746063,2024-05-22,2024,158,Milwaukee Brewers,146,Miami Marlins,0,1,1
746143,2024-05-22,2024,109,Arizona Diamondbacks,119,Los Angeles Dodgers,6,0,0
746304,2024-05-22,2024,116,Detroit Tigers,118,Kansas City Royals,3,8,1
746386,2024-05-22,2024,108,Los Angeles Angels,117,Houston Astros,2,1,0
746634,2024-05-22,2024,121,New York Mets,114,Cleveland Guardians,3,6,1
746712,2024-05-22,2024,135,San Diego Padres,113,Cincinnati Reds,7,3,0
746876,2024-05-22,2024,144,Atlanta Braves,112,Chicago Cubs,9,2,0
745500,2024-05-23,2024,137,San Francisco Giants,134,Pittsburgh Pirates,7,6,0
745573,2024-05-23,2024,140,Texas Rangers,143,Philadelphia Phillies,2,5,1
745660,2024-05-23,2024,115,Colorado Rockies,133,Oakland Athletics,9,10,1
745741,2024-05-23,2024,136,Seattle Mariners,147,New York Yankees,0,5,1
746474,2024-05-23,2024,141,Toronto Blue Jays,116,Detroit Tigers,9,1,0
746714,2024-05-23,2024,135,San Diego Padres,113,Cincinnati Reds,6,4,0
746792,2024-05-23,2024,110,Baltimore Orioles,145,Chicago White Sox,8,6,0
746874,2024-05-23,2024,144,Atlanta Braves,112,Chicago Cubs,3,0,0
744853,2024-05-24,2024,136,Seattle Mariners,120,Washington Nationals,1,6,1
745087,2024-05-24,2024,118,Kansas City Royals,139,Tampa Bay Rays,8,1,0
745415,2024-05-24,2024,147,New York Yankees,135,San Diego Padres,8,0,0
745501,2024-05-24,2024,144,Atlanta Braves,134,Pittsburgh Pirates,5,11,1
745663,2024-05-24,2024,117,Houston Astros,133,Oakland Athletics,6,3,0
745822,2024-05-24,2024,137,San Francisco Giants,121,New York Mets,8,7,0
745905,2024-05-24,2024,140,Texas Rangers,142,Minnesota Twins,2,3,1
746227,2024-05-24,2024,114,Cleveland Guardians,108,Los Angeles Angels,10,4,0
746475,2024-05-24,2024,141,Toronto Blue Jays,116,Detroit Tigers,2,6,1
746558,2024-05-24,2024,143,Philadelphia Phillies,115,Colorado Rockies,2,3,1
746713,2024-05-24,2024,119,Los Angeles Dodgers,113,Cincinnati Reds,6,9,1
746793,2024-05-24,2024,110,Baltimore Orioles,145,Chicago White Sox,6,4,0
746956,2024-05-24,2024,158,Milwaukee Brewers,111,Boston Red Sox,7,2,0
747200,2024-05-24,2024,146,Miami Marlins,109,Arizona Diamondbacks,3,0,0
744851,2024-05-25,2024,136,Seattle Mariners,120,Washington Nationals,1,3,1
745086,2024-05-25,2024,118,Kansas City Royals,139,Tampa Bay Rays,7,4,0
745176,2024-05-25,2024,112,Chicago Cubs,138,St. Louis Cardinals,6,7,1
745411,2024-05-25,2024,147,New York Yankees,135,San Diego Padres,4,1,0
745493,2024-05-25,2024,144,Atlanta Braves,134,Pittsburgh Pirates,1,4,1
745658,2024-05-25,2024,117,Houston Astros,133,Oakland Athletics,1,3,1
745823,2024-05-25,2024,137,San Francisco Giants,121,New York Mets,7,2,0
745901,2024-05-25,2024,140,Texas Rangers,142,Minnesota Twins,3,5,1
746226,2024-05-25,2024,114,Cleveland Guardians,108,Los Angeles Angels,4,3,0
746470,2024-05-25,2024,141,Toronto Blue Jays,116,Detroit Tigers,1,2,1
746556,2024-05-25,2024,143,Philadelphia Phillies,115,Colorado Rockies,8,4,0
746710,2024-05-25,2024,119,Los Angeles Dodgers,113,Cincinnati Reds,1,3,1
746794,2024-05-25,2024,110,Baltimore Orioles,145,Chicago White Sox,5,3,0
746958,2024-05-25,2024,158,Milwaukee Brewers,111,Boston Red Sox,6,3,0
747199,2024-05-25,2024,146,Miami Marlins,109,Arizona Diamondbacks,2,3,1
744855,2024-05-26,2024,136,Seattle Mariners,120,Washington Nationals,9,5,0
745088,2024-05-26,2024,118,Kansas City Royals,139,Tampa Bay Rays,1,4,1
745172,2024-05-26,2024,112,Chicago Cubs,138,St. Louis Cardinals,3,4,1
745413,2024-05-26,2024,147,New York Yankees,135,San Diego Padres,2,5,1
745498,2024-05-26,2024,144,Atlanta Braves,134,Pittsburgh Pirates,8,1,0
745653,2024-05-26,2024,117,Houston Astros,133,Oakland Athletics,5,2,0
745824,2024-05-26,2024,137,San Francisco Giants,121,New York Mets,3,4,1
745902,2024-05-26,2024,140,Texas Rangers,142,Minnesota Twins,6,2,0
746230,2024-05-26,2024,114,Cleveland Guardians,108,Los Angeles Angels,5,4,0
746469,2024-05-26,2024,141,Toronto Blue Jays,116,Detroit Tigers,11,14,1
746557,2024-05-26,2024,143,Philadelphia Phillies,115,Colorado Rockies,2,5,1
746711,2024-05-26,2024,119,Los Angeles Dodgers,113,Cincinnati Reds,1,4,1
746789,2024-05-26,2024,110,Baltimore Orioles,145,Chicago White Sox,4,1,0
746957,2024-05-26,2024,158,Milwaukee Brewers,111,Boston Red Sox,1,2,1
747197,2024-05-26,2024,146,Miami Marlins,109,Arizona Diamondbacks,3,1,0
745254,2024-05-27,2024,117,Houston Astros,136,Seattle Mariners,2,3,1
745338,2024-05-27,2024,143,Philadelphia Phillies,137,San Francisco Giants,4,8,1
745416,2024-05-27,2024,146,Miami Marlins,135,San Diego Padres,1,2,1
745904,2024-05-27,2024,118,Kansas City Royals,142,Minnesota Twins,5,6,1
745986,2024-05-27,2024,112,Chicago Cubs,158,Milwaukee Brewers,1,5,1
746549,2024-05-27,2024,114,Cleveland Guardians,115,Colorado Rockies,6,8,1
746708,2024-05-27,2024,138,St. Louis Cardinals,113,Cincinnati Reds,1,3,1
746788,2024-05-27,2024,141,Toronto Blue Jays,145,Chicago White Sox,5,1,0
747034,2024-05-27,2024,111,Boston Red Sox,110,Baltimore Orioles,3,11,1
747118,2024-05-27,2024,120,Washington Nationals,144,Atlanta Braves,8,4,0
745017,2024-05-28,2024,109,Arizona Diamondbacks,140,Texas Rangers,2,4,1
745091,2024-05-28,2024,133,Oakland Athletics,139,Tampa Bay Rays,3,0,0
745258,2024-05-28,2024,117,Houston Astros,136,Seattle Mariners,2,4,1
745337,2024-05-28,2024,143,Philadelphia Phillies,137,San Francisco Giants,0,1,1
745412,2024-05-28,2024,146,Miami Marlins,135,San Diego Padres,0,4,1
745816,2024-05-28,2024,119,Los Angeles Dodgers,121,New York Mets,3,0,0
745818,2024-05-28,2024,119,Los Angeles Dodgers,121,New York Mets,5,2,0
745903,2024-05-28,2024,118,Kansas City Royals,142,Minnesota Twins,2,4,1
745987,2024-05-28,2024,112,Chicago Cubs,158,Milwaukee Brewers,6,3,0
746229,2024-05-28,2024,147,New York Yankees,108,Los Angeles Angels,3,4,1
746552,2024-05-28,2024,114,Cleveland Guardians,115,Colorado Rockies,13,7,0
746709,2024-05-28,2024,138,St. Louis Cardinals,113,Cincinnati Reds,7,1,0
746791,2024-05-28,2024,141,Toronto Blue Jays,145,Chicago White Sox,7,2,0
747033,2024-05-28,2024,111,Boston Red Sox,110,Baltimore Orioles,8,3,0
747115,2024-05-28,2024,120,Washington Nationals,144,Atlanta Braves,0,2,1
745011,2024-05-29,2024,109,Arizona Diamondbacks,140,Texas Rangers,1,6,1
745084,2024-05-29,2024,133,Oakland Athletics,139,Tampa Bay Rays,3,4,1
745250,2024-05-29,2024,117,Houston Astros,136,Seattle Mariners,1,2,1
745333,2024-05-29,2024,143,Philadelphia Phillies,137,San Francisco Giants,6,1,0
745414,2024-05-29,2024,146,Miami Marlins,135,San Diego Padres,9,1,0
745817,2024-05-29,2024,119,Los Angeles Dodgers,121,New York Mets,10,3,0
745900,2024-05-29,2024,118,Kansas City Royals,142,Minnesota Twins,6,1,0
745988,2024-05-29,2024,112,Chicago Cubs,158,Milwaukee Brewers,6,10,1
746228,2024-05-29,2024,147,New York Yankees,108,Los Angeles Angels,2,1,0
746467,2024-05-29,2024,134,Pittsburgh Pirates,116,Detroit Tigers,0,8,1
746468,2024-05-29,2024,134,Pittsburgh Pirates,116,Detroit Tigers,10,2,0
746551,2024-05-29,2024,114,Cleveland Guardians,115,Colorado Rockies,4,7,1
746706,2024-05-29,2024,138,St. Louis Cardinals,113,Cincinnati Reds,5,3,0
746790,2024-05-29,2024,141,Toronto Blue Jays,145,Chicago White Sox,3,1,0
747031,2024-05-29,2024,111,Boston Red Sox,110,Baltimore Orioles,1,6,1
747117,2024-05-29,2024,120,Washington Nationals,144,Atlanta Braves,7,2,0
745081,2024-05-30,2024,133,Oakland Athletics,139,Tampa Bay Rays,5,6,1
745249,2024-05-30,2024,117,Houston Astros,136,Seattle Mariners,4,0,0
745819,2024-05-30,2024,109,Arizona Diamondbacks,121,New York Mets,2,3,1
745898,2024-05-30,2024,118,Kansas City Royals,142,Minnesota Twins,6,7,1
745985,2024-05-30,2024,112,Chicago Cubs,158,Milwaukee Brewers,4,6,1
746225,2024-05-30,2024,147,New York Yankees,108,Los Angeles Angels,8,3,0
746954,2024-05-30,2024,116,Detroit Tigers,111,Boston Red Sox,5,0,0
747114,2024-05-30,2024,120,Washington Nationals,144,Atlanta Braves,3,1,0
744928,2024-05-31,2024,134,Pittsburgh Pirates,141,Toronto Blue Jays,3,5,1
745253,2024-05-31,2024,108,Los Angeles Angels,136,Seattle Mariners,4,5,1
745331,2024-05-31,2024,147,New York Yankees,137,San Francisco Giants,6,2,0
745574,2024-05-31,2024,138,St. Louis Cardinals,143,Philadelphia Phillies,2,4,1
745820,2024-05-31,2024,109,Arizona Diamondbacks,121,New York Mets,9,10,1
745983,2024-05-31,2024,145,Chicago White Sox,158,Milwaukee Brewers,5,12,1
746059,2024-05-31,2024,140,Texas Rangers,146,Miami Marlins,2,8,1
746140,2024-05-31,2024,115,Colorado Rockies,119,Los Angeles Dodgers,4,1,0
746303,2024-05-31,2024,135,San Diego Padres,118,Kansas City Royals,11,8,0
746387,2024-05-31,2024,142,Minnesota Twins,117,Houston Astros,6,1,0
746635,2024-05-31,2024,120,Washington Nationals,114,Cleveland Guardians,1,7,1
746877,2024-05-31,2024,113,Cincinnati Reds,112,Chicago Cubs,5,4,0
746955,2024-05-31,2024,116,Detroit Tigers,111,Boston Red Sox,3,7,1
747032,2024-05-31,2024,139,Tampa Bay Rays,110,Baltimore Orioles,1,3,1
747116,2024-05-31,2024,133,Oakland Athletics,144,Atlanta Braves,2,4,1
744932,2024-06-01,2024,134,Pittsburgh Pirates,141,Toronto Blue Jays,8,1,0
745251,2024-06-01,2024,108,Los Angeles Angels,136,Seattle Mariners,0,9,1
745332,2024-06-01,2024,147,New York Yankees,137,San Francisco Giants,7,3,0
745575,2024-06-01,2024,138,St. Louis Cardinals,143,Philadelphia Phillies,1,6,1
745812,2024-06-01,2024,109,Arizona Diamondbacks,121,New York Mets,10,5,0
745980,2024-06-01,2024,145,Chicago White Sox,158,Milwaukee Brewers,3,4,1
746062,2024-06-01,2024,140,Texas Rangers,146,Miami Marlins,7,0,0
746138,2024-06-01,2024,115,Colorado Rockies,119,Los Angeles Dodgers,1,4,1
746305,2024-06-01,2024,135,San Diego Padres,118,Kansas City Royals,7,3,0
746384,2024-06-01,2024,142,Minnesota Twins,117,Houston Astros,2,5,1
746629,2024-06-01,2024,120,Washington Nationals,114,Cleveland Guardians,2,3,1
746870,2024-06-01,2024,113,Cincinnati Reds,112,Chicago Cubs,5,7,1
746952,2024-06-01,2024,116,Detroit Tigers,111,Boston Red Sox,3,6,1
747029,2024-06-01,2024,139,Tampa Bay Rays,110,Baltimore Orioles,5,9,1
747111,2024-06-01,2024,133,Oakland Athletics,144,Atlanta Braves,11,9,0
744929,2024-06-02,2024,134,Pittsburgh Pirates,141,Toronto Blue Jays,4,5,1
745252,2024-06-02,2024,108,Los Angeles Angels,136,Seattle Mariners,1,5,1
745330,2024-06-02,2024,147,New York Yankees,137,San Francisco Giants,7,5,0
745572,2024-06-02,2024,138,St. Louis Cardinals,143,Philadelphia Phillies,5,4,0
745813,2024-06-02,2024,109,Arizona Diamondbacks,121,New York Mets,5,4,0
745984,2024-06-02,2024,145,Chicago White Sox,158,Milwaukee Brewers,3,6,1
746061,2024-06-02,2024,140,Texas Rangers,146,Miami Marlins,6,0,0
746141,2024-06-02,2024,115,Colorado Rockies,119,Los Angeles Dodgers,0,4,1
746301,2024-06-02,2024,135,San Diego Padres,118,Kansas City Royals,3,4,1
746383,2024-06-02,2024,142,Minnesota Twins,117,Houston Astros,4,3,0
746632,2024-06-02,2024,120,Washington Nationals,114,Cleveland Guardians,5,2,0
746871,2024-06-02,2024,113,Cincinnati Reds,112,Chicago Cubs,5,2,0
746953,2024-06-02,2024,116,Detroit Tigers,111,Boston Red Sox,8,4,0
747030,2024-06-02,2024,139,Tampa Bay Rays,110,Baltimore Orioles,4,3,0
747110,2024-06-02,2024,133,Oakland Athletics,144,Atlanta Braves,1,3,1
744854,2024-06-03,2024,121,New York Mets,120,Washington Nationals,8,7,0
744930,2024-06-03,2024,110,Baltimore Orioles,141,Toronto Blue Jays,7,2,0
745009,2024-06-03,2024,116,Detroit Tigers,140,Texas Rangers,2,1,0
745569,2024-06-03,2024,158,Milwaukee Brewers,143,Philadelphia Phillies,1,3,1
746224,2024-06-03,2024,135,San Diego Padres,108,Los Angeles Angels,1,2,1
746382,2024-06-03,2024,138,St. Louis Cardinals,117,Houston Astros,4,7,1
746548,2024-06-03,2024,113,Cincinnati Reds,115,Colorado Rockies,13,3,0
747194,2024-06-03,2024,137,San Francisco Giants,109,Arizona Diamondbacks,2,4,1
744850,2024-06-04,2024,121,New York Mets,120,Washington Nationals,6,3,0
744931,2024-06-04,2024,110,Baltimore Orioles,141,Toronto Blue Jays,10,1,0
745010,2024-06-04,2024,116,Detroit Tigers,140,Texas Rangers,3,1,0
745497,2024-06-04,2024,119,Los Angeles Dodgers,134,Pittsburgh Pirates,0,1,1
745568,2024-06-04,2024,158,Milwaukee Brewers,143,Philadelphia Phillies,1,2,1
745656,2024-06-04,2024,136,Seattle Mariners,133,Oakland Athletics,4,3,0
745739,2024-06-04,2024,142,Minnesota Twins,147,New York Yankees,1,5,1
746060,2024-06-04,2024,139,Tampa Bay Rays,146,Miami Marlins,9,5,0
746222,2024-06-04,2024,135,San Diego Padres,108,Los Angeles Angels,2,4,1
746380,2024-06-04,2024,138,St. Louis Cardinals,117,Houston Astros,5,8,1
746550,2024-06-04,2024,113,Cincinnati Reds,115,Colorado Rockies,4,1,0
746630,2024-06-04,2024,118,Kansas City Royals,114,Cleveland Guardians,5,8,1
746872,2024-06-04,2024,145,Chicago White Sox,112,Chicago Cubs,6,7,1
746949,2024-06-04,2024,144,Atlanta Braves,111,Boston Red Sox,8,3,0
747196,2024-06-04,2024,137,San Francisco Giants,109,Arizona Diamondbacks,5,8,1
744852,2024-06-05,2024,121,New York Mets,120,Washington Nationals,9,1,0
744927,2024-06-05,2024,110,Baltimore Orioles,141,Toronto Blue Jays,2,3,1
745007,2024-06-05,2024,116,Detroit Tigers,140,Texas Rangers,1,9,1
745494,2024-06-05,2024,119,Los Angeles Dodgers,134,Pittsburgh Pirates,6,10,1
745570,2024-06-05,2024,158,Milwaukee Brewers,143,Philadelphia Phillies,0,2,1
745654,2024-06-05,2024,136,Seattle Mariners,133,Oakland Athletics,1,2,1
745740,2024-06-05,2024,142,Minnesota Twins,147,New York Yankees,5,9,1
746056,2024-06-05,2024,139,Tampa Bay Rays,146,Miami Marlins,5,3,0
746221,2024-06-05,2024,135,San Diego Padres,108,Los Angeles Angels,2,3,1
746379,2024-06-05,2024,138,St. Louis Cardinals,117,Houston Astros,4,2,0
746544,2024-06-05,2024,113,Cincinnati Reds,115,Colorado Rockies,12,7,0
746873,2024-06-05,2024,145,Chicago White Sox,112,Chicago Cubs,6,7,1
746950,2024-06-05,2024,144,Atlanta Braves,111,Boston Red Sox,0,9,1
747195,2024-06-05,2024,137,San Francisco Giants,109,Arizona Diamondbacks,9,3,0
744844,2024-06-06,2024,144,Atlanta Braves,120,Washington Nationals,5,2,0
744923,2024-06-06,2024,110,Baltimore Orioles,141,Toronto Blue Jays,5,6,1
745174,2024-06-06,2024,115,Colorado Rockies,138,St. Louis Cardinals,3,2,0
745408,2024-06-06,2024,109,Arizona Diamondbacks,135,San Diego Padres,4,3,0
745495,2024-06-06,2024,119,Los Angeles Dodgers,134,Pittsburgh Pirates,11,7,0
745657,2024-06-06,2024,136,Seattle Mariners,133,Oakland Athletics,3,0,0
745738,2024-06-06,2024,142,Minnesota Twins,147,New York Yankees,5,8,1
746631,2024-06-06,2024,118,Kansas City Royals,114,Cleveland Guardians,4,3,0
746707,2024-06-06,2024,112,Chicago Cubs,113,Cincinnati Reds,4,8,1
746784,2024-06-06,2024,111,Boston Red Sox,145,Chicago White Sox,14,2,0
744845,2024-06-07,2024,144,Atlanta Braves,120,Washington Nationals,1,2,1
745008,2024-06-07,2024,137,San Francisco Giants,140,Texas Rangers,5,2,0
745083,2024-06-07,2024,110,Baltimore Orioles,139,Tampa Bay Rays,6,3,0
745169,2024-06-07,2024,115,Colorado Rockies,138,St. Louis Cardinals,5,8,1
745406,2024-06-07,2024,109,Arizona Diamondbacks,135,San Diego Padres,3,10,1
745496,2024-06-07,2024,142,Minnesota Twins,134,Pittsburgh Pirates,0,3,1
745655,2024-06-07,2024,141,Toronto Blue Jays,133,Oakland Athletics,1,2,1
745737,2024-06-07,2024,119,Los Angeles Dodgers,147,New York Yankees,2,1,0
746053,2024-06-07,2024,114,Cleveland Guardians,146,Miami Marlins,2,3,1
746220,2024-06-07,2024,117,Houston Astros,108,Los Angeles Angels,7,1,0
746302,2024-06-07,2024,136,Seattle Mariners,118,Kansas City Royals,9,10,1
746466,2024-06-07,2024,158,Milwaukee Brewers,116,Detroit Tigers,10,0,0
746704,2024-06-07,2024,112,Chicago Cubs,113,Cincinnati Reds,2,3,1
746785,2024-06-07,2024,111,Boston Red Sox,145,Chicago White Sox,2,7,1
744848,2024-06-08,2024,144,Atlanta Braves,120,Washington Nationals,3,7,1
745001,2024-06-08,2024,137,San Francisco Giants,140,Texas Rangers,3,1,0
745082,2024-06-08,2024,110,Baltimore Orioles,139,Tampa Bay Rays,5,0,0
745166,2024-06-08,2024,115,Colorado Rockies,138,St. Louis Cardinals,6,5,0
745410,2024-06-08,2024,109,Arizona Diamondbacks,135,San Diego Padres,1,13,1
745492,2024-06-08,2024,142,Minnesota Twins,134,Pittsburgh Pirates,0,4,1
745652,2024-06-08,2024,141,Toronto Blue Jays,133,Oakland Athletics,7,0,0
745735,2024-06-08,2024,119,Los Angeles Dodgers,147,New York Yankees,11,3,0
745814,2024-06-08,2024,143,Philadelphia Phillies,121,New York Mets,7,2,0
746057,2024-06-08,2024,114,Cleveland Guardians,146,Miami Marlins,8,0,0
746223,2024-06-08,2024,117,Houston Astros,108,Los Angeles Angels,6,1,0
746300,2024-06-08,2024,136,Seattle Mariners,118,Kansas City Royals,4,8,1
746461,2024-06-08,2024,158,Milwaukee Brewers,116,Detroit Tigers,5,4,0
746703,2024-06-08,2024,112,Chicago Cubs,113,Cincinnati Reds,3,4,1
746786,2024-06-08,2024,111,Boston Red Sox,145,Chicago White Sox,1,6,1
744849,2024-06-09,2024,144,Atlanta Braves,120,Washington Nationals,5,8,1
745003,2024-06-09,2024,137,San Francisco Giants,140,Texas Rangers,2,7,1
745085,2024-06-09,2024,110,Baltimore Orioles,139,Tampa Bay Rays,9,2,0
745167,2024-06-09,2024,115,Colorado Rockies,138,St. Louis Cardinals,1,5,1
745407,2024-06-09,2024,109,Arizona Diamondbacks,135,San Diego Padres,9,3,0
745491,2024-06-09,2024,142,Minnesota Twins,134,Pittsburgh Pirates,11,5,0
745571,2024-06-09,2024,121,New York Mets,143,Philadelphia Phillies,6,5,0
745651,2024-06-09,2024,141,Toronto Blue Jays,133,Oakland Athletics,6,4,0
745736,2024-06-09,2024,119,Los Angeles Dodgers,147,New York Yankees,4,6,1
746054,2024-06-09,2024,114,Cleveland Guardians,146,Miami Marlins,6,3,0
746216,2024-06-09,2024,117,Houston Astros,108,Los Angeles Angels,7,9,1
746297,2024-06-09,2024,136,Seattle Mariners,118,Kansas City Royals,6,5,0
746463,2024-06-09,2024,158,Milwaukee Brewers,116,Detroit Tigers,2,10,1
746705,2024-06-09,2024,112,Chicago Cubs,113,Cincinnati Reds,4,2,0
746787,2024-06-09,2024,111,Boston Red Sox,145,Chicago White Sox,6,4,0
745080,2024-06-10,2024,110,Baltimore Orioles,139,Tampa Bay Rays,5,2,0
745248,2024-06-10,2024,145,Chicago White Sox,136,Seattle Mariners,4,8,1
745334,2024-06-10,2024,117,Houston Astros,137,San Francisco Giants,3,4,1
745409,2024-06-10,2024,133,Oakland Athletics,135,San Diego Padres,1,6,1
745897,2024-06-10,2024,115,Colorado Rockies,142,Minnesota Twins,0,5,1
745982,2024-06-10,2024,141,Toronto Blue Jays,158,Milwaukee Brewers,1,3,1
746295,2024-06-10,2024,147,New York Yankees,118,Kansas City Royals,4,2,0
745077,2024-06-11,2024,112,Chicago Cubs,139,Tampa Bay Rays,2,5,1
745170,2024-06-11,2024,134,Pittsburgh Pirates,138,St. Louis Cardinals,2,1,0
745244,2024-06-11,2024,145,Chicago White Sox,136,Seattle Mariners,3,4,1
745327,2024-06-11,2024,117,Houston Astros,137,San Francisco Giants,3,1,0
745404,2024-06-11,2024,133,Oakland Athletics,135,San Diego Padres,3,4,1
745815,2024-06-11,2024,146,Miami Marlins,121,New York Mets,4,2,0
745899,2024-06-11,2024,115,Colorado Rockies,142,Minnesota Twins,5,4,0
745981,2024-06-11,2024,141,Toronto Blue Jays,158,Milwaukee Brewers,3,0,0
746139,2024-06-11,2024,140,Texas Rangers,119,Los Angeles Dodgers,2,15,1
746296,2024-06-11,2024,147,New York Yankees,118,Kansas City Royals,10,1,0
746464,2024-06-11,2024,120,Washington Nationals,116,Detroit Tigers,5,4,0
746702,2024-06-11,2024,114,Cleveland Guardians,113,Cincinnati Reds,5,3,0
746951,2024-06-11,2024,143,Philadelphia Phillies,111,Boston Red Sox,4,1,0
747027,2024-06-11,2024,144,Atlanta Braves,110,Baltimore Orioles,0,4,1
747190,2024-06-11,2024,108,Los Angeles Angels,109,Arizona Diamondbacks,4,9,1
745079,2024-06-12,2024,112,Chicago Cubs,139,Tampa Bay Rays,4,3,0
745171,2024-06-12,2024,134,Pittsburgh Pirates,138,St. Louis Cardinals,2,4,1
745246,2024-06-12,2024,145,Chicago White Sox,136,Seattle Mariners,1,2,1
745328,2024-06-12,2024,117,Houston Astros,137,San Francisco Giants,3,5,1
745405,2024-06-12,2024,133,Oakland Athletics,135,San Diego Padres,4,5,1
745811,2024-06-12,2024,146,Miami Marlins,121,New York Mets,4,10,1
745896,2024-06-12,2024,115,Colorado Rockies,142,Minnesota Twins,9,17,1
745978,2024-06-12,2024,141,Toronto Blue Jays,158,Milwaukee Brewers,4,5,1
746137,2024-06-12,2024,140,Texas Rangers,119,Los Angeles Dodgers,3,2,0
746294,2024-06-12,2024,147,New York Yankees,118,Kansas City Royals,11,5,0
746462,2024-06-12,2024,120,Washington Nationals,116,Detroit Tigers,7,5,0
746701,2024-06-12,2024,114,Cleveland Guardians,113,Cincinnati Reds,2,4,1
746948,2024-06-12,2024,143,Philadelphia Phillies,111,Boston Red Sox,6,8,1
747028,2024-06-12,2024,144,Atlanta Braves,110,Baltimore Orioles,2,4,1
747193,2024-06-12,2024,108,Los Angeles Angels,109,Arizona Diamondbacks,8,3,0
745075,2024-06-13,2024,112,Chicago Cubs,139,Tampa Bay Rays,2,3,1
745168,2024-06-13,2024,134,Pittsburgh Pirates,138,St. Louis Cardinals,3,4,1
745245,2024-06-13,2024,145,Chicago White Sox,136,Seattle Mariners,3,2,0
745809,2024-06-13,2024,146,Miami Marlins,121,New York Mets,2,3,1
745894,2024-06-13,2024,133,Oakland Athletics,142,Minnesota Twins,2,6,1
746136,2024-06-13,2024,140,Texas Rangers,119,Los Angeles Dodgers,3,1,0
746299,2024-06-13,2024,147,New York Yankees,118,Kansas City Royals,3,4,1
746465,2024-06-13,2024,120,Washington Nationals,116,Detroit Tigers,2,7,1
746944,2024-06-13,2024,143,Philadelphia Phillies,111,Boston Red Sox,3,9,1
747026,2024-06-13,2024,144,Atlanta Braves,110,Baltimore Orioles,6,3,0
747192,2024-06-13,2024,108,Los Angeles Angels,109,Arizona Diamondbacks,1,11,1
744847,2024-06-14,2024,146,Miami Marlins,120,Washington Nationals,1,8,1
744924,2024-06-14,2024,114,Cleveland Guardians,141,Toronto Blue Jays,3,1,0
745247,2024-06-14,2024,140,Texas Rangers,136,Seattle Mariners,2,3,1
745326,2024-06-14,2024,108,Los Angeles Angels,137,San Francisco Giants,8,6,0
745810,2024-06-14,2024,135,San Diego Padres,121,New York Mets,1,2,1
745892,2024-06-14,2024,133,Oakland Athletics,142,Minnesota Twins,5,6,1
745979,2024-06-14,2024,113,Cincinnati Reds,158,Milwaukee Brewers,6,5,0
746134,2024-06-14,2024,118,Kansas City Royals,119,Los Angeles Dodgers,3,4,1
746378,2024-06-14,2024,116,Detroit Tigers,117,Houston Astros,0,4,1
746545,2024-06-14,2024,134,Pittsburgh Pirates,115,Colorado Rockies,5,2,0
746869,2024-06-14,2024,138,St. Louis Cardinals,112,Chicago Cubs,3,0,0
746947,2024-06-14,2024,147,New York Yankees,111,Boston Red Sox,8,1,0
747025,2024-06-14,2024,143,Philadelphia Phillies,110,Baltimore Orioles,5,3,0
747112,2024-06-14,2024,139,Tampa Bay Rays,144,Atlanta Braves,3,7,1
747191,2024-06-14,2024,145,Chicago White Sox,109,Arizona Diamondbacks,1,7,1
744846,2024-06-15,2024,146,Miami Marlins,120,Washington Nationals,0,4,1
744925,2024-06-15,2024,114,Cleveland Guardians,141,Toronto Blue Jays,0,5,1
745241,2024-06-15,2024,140,Texas Rangers,136,Seattle Mariners,5,7,1
745329,2024-06-15,2024,108,Los Angeles Angels,137,San Francisco Giants,4,3,0
745805,2024-06-15,2024,135,San Diego Padres,121,New York Mets,1,5,1
745976,2024-06-15,2024,113,Cincinnati Reds,158,Milwaukee Brewers,1,3,1
746135,2024-06-15,2024,118,Kansas City Royals,119,Los Angeles Dodgers,7,2,0
746381,2024-06-15,2024,116,Detroit Tigers,117,Houston Astros,13,5,0
746547,2024-06-15,2024,134,Pittsburgh Pirates,115,Colorado Rockies,4,16,1
746865,2024-06-15,2024,138,St. Louis Cardinals,112,Chicago Cubs,1,5,1
746946,2024-06-15,2024,147,New York Yankees,111,Boston Red Sox,4,8,1
747024,2024-06-15,2024,143,Philadelphia Phillies,110,Baltimore Orioles,2,6,1
747113,2024-06-15,2024,139,Tampa Bay Rays,144,Atlanta Braves,2,9,1
747187,2024-06-15,2024,145,Chicago White Sox,109,Arizona Diamondbacks,9,2,0
744839,2024-06-16,2024,146,Miami Marlins,120,Washington Nationals,1,3,1
744926,2024-06-16,2024,114,Cleveland Guardians,141,Toronto Blue Jays,6,7,1
745242,2024-06-16,2024,140,Texas Rangers,136,Seattle Mariners,0,5,1
745321,2024-06-16,2024,108,Los Angeles Angels,137,San Francisco Giants,6,13,1
745807,2024-06-16,2024,135,San Diego Padres,121,New York Mets,6,11,1
745891,2024-06-16,2024,133,Oakland Athletics,142,Minnesota Twins,7,8,1
745895,2024-06-16,2024,133,Oakland Athletics,142,Minnesota Twins,2,6,1
745977,2024-06-16,2024,113,Cincinnati Reds,158,Milwaukee Brewers,4,5,1
746130,2024-06-16,2024,118,Kansas City Royals,119,Los Angeles Dodgers,0,3,1
746377,2024-06-16,2024,116,Detroit Tigers,117,Houston Astros,1,4,1
746546,2024-06-16,2024,134,Pittsburgh Pirates,115,Colorado Rockies,8,2,0
746866,2024-06-16,2024,138,St. Louis Cardinals,112,Chicago Cubs,2,1,0
746945,2024-06-16,2024,147,New York Yankees,111,Boston Red Sox,3,9,1
747023,2024-06-16,2024,143,Philadelphia Phillies,110,Baltimore Orioles,3,8,1
747109,2024-06-16,2024,139,Tampa Bay Rays,144,Atlanta Braves,8,6,0
747189,2024-06-16,2024,145,Chicago White Sox,109,Arizona Diamondbacks,5,12,1
744918,2024-06-17,2024,111,Boston Red Sox,141,Toronto Blue Jays,7,3,0
745005,2024-06-17,2024,121,New York Mets,140,Texas Rangers,14,2,0
745490,2024-06-17,2024,113,Cincinnati Reds,134,Pittsburgh Pirates,1,4,1
745567,2024-06-17,2024,135,San Diego Padres,143,Philadelphia Phillies,2,9,1
746055,2024-06-17,2024,138,St. Louis Cardinals,146,Miami Marlins,7,6,0
746215,2024-06-17,2024,158,Milwaukee Brewers,108,Los Angeles Angels,3,5,1
746543,2024-06-17,2024,119,Los Angeles Dodgers,115,Colorado Rockies,9,5,0
746868,2024-06-17,2024,137,San Francisco Giants,112,Chicago Cubs,7,6,0
747108,2024-06-17,2024,116,Detroit Tigers,144,Atlanta Braves,1,2,1
744843,2024-06-18,2024,109,Arizona Diamondbacks,120,Washington Nationals,5,0,0
744917,2024-06-18,2024,111,Boston Red Sox,141,Toronto Blue Jays,4,3,0
745004,2024-06-18,2024,121,New York Mets,140,Texas Rangers,7,6,0
745488,2024-06-18,2024,113,Cincinnati Reds,134,Pittsburgh Pirates,2,1,0
745563,2024-06-18,2024,135,San Diego Padres,143,Philadelphia Phillies,3,4,1
745650,2024-06-18,2024,118,Kansas City Royals,133,Oakland Athletics,5,7,1
745733,2024-06-18,2024,110,Baltimore Orioles,147,New York Yankees,2,4,1
745893,2024-06-18,2024,139,Tampa Bay Rays,142,Minnesota Twins,6,7,1
746049,2024-06-18,2024,138,St. Louis Cardinals,146,Miami Marlins,8,9,1
746217,2024-06-18,2024,158,Milwaukee Brewers,108,Los Angeles Angels,6,3,0
746542,2024-06-18,2024,119,Los Angeles Dodgers,115,Colorado Rockies,11,9,0
746627,2024-06-18,2024,136,Seattle Mariners,114,Cleveland Guardians,8,5,0
746783,2024-06-18,2024,117,Houston Astros,145,Chicago White Sox,0,2,1
746867,2024-06-18,2024,137,San Francisco Giants,112,Chicago Cubs,2,5,1
747107,2024-06-18,2024,116,Detroit Tigers,144,Atlanta Braves,1,2,1
744842,2024-06-19,2024,109,Arizona Diamondbacks,120,Washington Nationals,1,3,1
744920,2024-06-19,2024,111,Boston Red Sox,141,Toronto Blue Jays,7,3,0
745002,2024-06-19,2024,121,New York Mets,140,Texas Rangers,3,5,1
745489,2024-06-19,2024,113,Cincinnati Reds,134,Pittsburgh Pirates,0,1,1
745561,2024-06-19,2024,135,San Diego Padres,143,Philadelphia Phillies,5,2,0
745646,2024-06-19,2024,118,Kansas City Royals,133,Oakland Athletics,1,5,1
745732,2024-06-19,2024,110,Baltimore Orioles,147,New York Yankees,7,6,0
745887,2024-06-19,2024,139,Tampa Bay Rays,142,Minnesota Twins,3,2,0
746050,2024-06-19,2024,138,St. Louis Cardinals,146,Miami Marlins,3,4,1
746219,2024-06-19,2024,158,Milwaukee Brewers,108,Los Angeles Angels,2,0,0
746538,2024-06-19,2024,119,Los Angeles Dodgers,115,Colorado Rockies,6,7,1
746625,2024-06-19,2024,136,Seattle Mariners,114,Cleveland Guardians,0,8,1
746781,2024-06-19,2024,117,Houston Astros,145,Chicago White Sox,4,1,0
746864,2024-06-19,2024,137,San Francisco Giants,112,Chicago Cubs,5,6,1
747106,2024-06-19,2024,116,Detroit Tigers,144,Atlanta Braves,0,7,1
744841,2024-06-20,2024,109,Arizona Diamondbacks,120,Washington Nationals,5,2,0
745164,2024-06-20,2024,137,San Francisco Giants,138,St. Louis Cardinals,5,6,1
745401,2024-06-20,2024,158,Milwaukee Brewers,135,San Diego Padres,6,7,1
745645,2024-06-20,2024,118,Kansas City Royals,133,Oakland Athletics,3,2,0
745734,2024-06-20,2024,110,Baltimore Orioles,147,New York Yankees,17,5,0
745889,2024-06-20,2024,139,Tampa Bay Rays,142,Minnesota Twins,7,6,0
746539,2024-06-20,2024,119,Los Angeles Dodgers,115,Colorado Rockies,5,3,0
746626,2024-06-20,2024,136,Seattle Mariners,114,Cleveland Guardians,3,6,1
746782,2024-06-20,2024,117,Houston Astros,145,Chicago White Sox,5,3,0
745006,2024-06-21,2024,118,Kansas City Royals,140,Texas Rangers,2,6,1
745403,2024-06-21,2024,158,Milwaukee Brewers,135,San Diego Padres,5,9,1
745483,2024-06-21,2024,139,Tampa Bay Rays,134,Pittsburgh Pirates,10,3,0
745562,2024-06-21,2024,109,Arizona Diamondbacks,143,Philadelphia Phillies,5,4,0
745649,2024-06-21,2024,142,Minnesota Twins,133,Oakland Athletics,5,6,1
745729,2024-06-21,2024,144,Atlanta Braves,147,New York Yankees,8,1,0
746052,2024-06-21,2024,136,Seattle Mariners,146,Miami Marlins,2,3,1
746131,2024-06-21,2024,108,Los Angeles Angels,119,Los Angeles Dodgers,3,2,0
746375,2024-06-21,2024,110,Baltimore Orioles,117,Houston Astros,11,14,1
746460,2024-06-21,2024,145,Chicago White Sox,116,Detroit Tigers,1,2,1
746540,2024-06-21,2024,120,Washington Nationals,115,Colorado Rockies,11,5,0
746624,2024-06-21,2024,141,Toronto Blue Jays,114,Cleveland Guardians,1,7,1
746698,2024-06-21,2024,111,Boston Red Sox,113,Cincinnati Reds,2,5,1
746861,2024-06-21,2024,121,New York Mets,112,Chicago Cubs,11,1,0
744997,2024-06-22,2024,118,Kansas City Royals,140,Texas Rangers,0,6,1
745163,2024-06-22,2024,137,San Francisco Giants,138,St. Louis Cardinals,4,9,1
745402,2024-06-22,2024,158,Milwaukee Brewers,135,San Diego Padres,4,6,1
745486,2024-06-22,2024,139,Tampa Bay Rays,134,Pittsburgh Pirates,3,4,1
745564,2024-06-22,2024,109,Arizona Diamondbacks,143,Philadelphia Phillies,1,12,1
745644,2024-06-22,2024,142,Minnesota Twins,133,Oakland Athletics,10,2,0
745731,2024-06-22,2024,144,Atlanta Braves,147,New York Yankees,3,8,1
746048,2024-06-22,2024,136,Seattle Mariners,146,Miami Marlins,9,0,0
746132,2024-06-22,2024,108,Los Angeles Angels,119,Los Angeles Dodgers,2,7,1
746376,2024-06-22,2024,110,Baltimore Orioles,117,Houston Astros,1,5,1
746459,2024-06-22,2024,145,Chicago White Sox,116,Detroit Tigers,5,1,0
746541,2024-06-22,2024,120,Washington Nationals,115,Colorado Rockies,7,8,1
746622,2024-06-22,2024,141,Toronto Blue Jays,114,Cleveland Guardians,3,6,1
746700,2024-06-22,2024,111,Boston Red Sox,113,Cincinnati Reds,4,3,0
746863,2024-06-22,2024,121,New York Mets,112,Chicago Cubs,1,8,1
745000,2024-06-23,2024,118,Kansas City Royals,140,Texas Rangers,0,4,1
745165,2024-06-23,2024,137,San Francisco Giants,138,St. Louis Cardinals,3,5,1
745396,2024-06-23,2024,158,Milwaukee Brewers,135,San Diego Padres,6,2,0
745485,2024-06-23,2024,139,Tampa Bay Rays,134,Pittsburgh Pirates,3,1,0
745566,2024-06-23,2024,109,Arizona Diamondbacks,143,Philadelphia Phillies,1,4,1
745648,2024-06-23,2024,142,Minnesota Twins,133,Oakland Athletics,3,0,0
745727,2024-06-23,2024,144,Atlanta Braves,147,New York Yankees,3,1,0
746051,2024-06-23,2024,136,Seattle Mariners,146,Miami Marlins,4,6,1
746373,2024-06-23,2024,110,Baltimore Orioles,117,Houston Astros,1,8,1
746457,2024-06-23,2024,145,Chicago White Sox,116,Detroit Tigers,2,11,1
746536,2024-06-23,2024,120,Washington Nationals,115,Colorado Rockies,2,1,0
746621,2024-06-23,2024,141,Toronto Blue Jays,114,Cleveland Guardians,5,6,1
746699,2024-06-23,2024,111,Boston Red Sox,113,Cincinnati Reds,7,4,0
746862,2024-06-23,2024,121,New York Mets,112,Chicago Cubs,5,2,0
745078,2024-06-24,2024,136,Seattle Mariners,139,Tampa Bay Rays,3,4,1
745160,2024-06-24,2024,144,Atlanta Braves,138,St. Louis Cardinals,3,4,1
745323,2024-06-24,2024,112,Chicago Cubs,137,San Francisco Giants,4,5,1
745397,2024-06-24,2024,120,Washington Nationals,135,San Diego Padres,6,7,1
745974,2024-06-24,2024,140,Texas Rangers,158,Milwaukee Brewers,3,6,1
746218,2024-06-24,2024,133,Oakland Athletics,108,Los Angeles Angels,1,5,1
746298,2024-06-24,2024,146,Miami Marlins,118,Kansas City Royals,1,4,1
746458,2024-06-24,2024,143,Philadelphia Phillies,116,Detroit Tigers,8,1,0
746696,2024-06-24,2024,134,Pittsburgh Pirates,113,Cincinnati Reds,5,11,1
746780,2024-06-24,2024,119,Los Angeles Dodgers,145,Chicago White Sox,3,0,0
746941,2024-06-24,2024,141,Toronto Blue Jays,111,Boston Red Sox,6,7,1
747021,2024-06-24,2024,114,Cleveland Guardians,110,Baltimore Orioles,3,2,0
745076,2024-06-25,2024,136,Seattle Mariners,139,Tampa Bay Rays,3,11,1
745322,2024-06-25,2024,112,Chicago Cubs,137,San Francisco Giants,1,5,1
745399,2024-06-25,2024,120,Washington Nationals,135,San Diego Padres,7,9,1
745806,2024-06-25,2024,147,New York Yankees,121,New York Mets,7,9,1
745973,2024-06-25,2024,140,Texas Rangers,158,Milwaukee Brewers,1,3,1
746213,2024-06-25,2024,133,Oakland Athletics,108,Los Angeles Angels,5,7,1
746293,2024-06-25,2024,146,Miami Marlins,118,Kansas City Royals,2,1,0
746372,2024-06-25,2024,115,Colorado Rockies,117,Houston Astros,2,5,1
746454,2024-06-25,2024,143,Philadelphia Phillies,116,Detroit Tigers,1,4,1
746697,2024-06-25,2024,134,Pittsburgh Pirates,113,Cincinnati Reds,9,5,0
746775,2024-06-25,2024,119,Los Angeles Dodgers,145,Chicago White Sox,4,3,0
746943,2024-06-25,2024,141,Toronto Blue Jays,111,Boston Red Sox,9,4,0
747022,2024-06-25,2024,114,Cleveland Guardians,110,Baltimore Orioles,10,8,0
747188,2024-06-25,2024,142,Minnesota Twins,109,Arizona Diamondbacks,4,5,1
745073,2024-06-26,2024,136,Seattle Mariners,139,Tampa Bay Rays,5,2,0
745157,2024-06-26,2024,144,Atlanta Braves,138,St. Louis Cardinals,6,2,0
745158,2024-06-26,2024,144,Atlanta Braves,138,St. Louis Cardinals,1,4,1
745325,2024-06-26,2024,112,Chicago Cubs,137,San Francisco Giants,3,4,1
745400,2024-06-26,2024,120,Washington Nationals,135,San Diego Padres,5,8,1
745808,2024-06-26,2024,147,New York Yankees,121,New York Mets,2,12,1
745975,2024-06-26,2024,140,Texas Rangers,158,Milwaukee Brewers,5,6,1
746212,2024-06-26,2024,133,Oakland Athletics,108,Los Angeles Angels,2,5,1
746291,2024-06-26,2024,146,Miami Marlins,118,Kansas City Royals,1,5,1
746374,2024-06-26,2024,115,Colorado Rockies,117,Houston Astros,1,7,1
746456,2024-06-26,2024,143,Philadelphia Phillies,116,Detroit Tigers,6,2,0
746695,2024-06-26,2024,134,Pittsburgh Pirates,113,Cincinnati Reds,6,1,0
746777,2024-06-26,2024,119,Los Angeles Dodgers,145,Chicago White Sox,4,0,0
746942,2024-06-26,2024,141,Toronto Blue Jays,111,Boston Red Sox,4,1,0
746942,2024-06-26,2024,141,Toronto Blue Jays,111,Boston Red Sox,4,1,0
747019,2024-06-26,2024,114,Cleveland Guardians,110,Baltimore Orioles,2,4,1
747184,2024-06-26,2024,142,Minnesota Twins,109,Arizona Diamondbacks,8,3,0
744919,2024-06-27,2024,147,New York Yankees,141,Toronto Blue Jays,2,9,1
745162,2024-06-27,2024,113,Cincinnati Reds,138,St. Louis Cardinals,11,4,0
745324,2024-06-27,2024,112,Chicago Cubs,137,San Francisco Giants,5,3,0
745565,2024-06-27,2024,146,Miami Marlins,143,Philadelphia Phillies,7,4,0
746210,2024-06-27,2024,116,Detroit Tigers,108,Los Angeles Angels,0,5,1
746288,2024-06-27,2024,114,Cleveland Guardians,118,Kansas City Royals,1,2,1
746816,2024-06-27,2024,144,Atlanta Braves,145,Chicago White Sox,0,1,1
747020,2024-06-27,2024,140,Texas Rangers,110,Baltimore Orioles,2,11,1
747185,2024-06-27,2024,142,Minnesota Twins,109,Arizona Diamondbacks,13,6,0
744922,2024-06-28,2024,147,New York Yankees,141,Toronto Blue Jays,16,5,0
745070,2024-06-28,2024,120,Washington Nationals,139,Tampa Bay Rays,1,3,1
745161,2024-06-28,2024,113,Cincinnati Reds,138,St. Louis Cardinals,0,1,1
745238,2024-06-28,2024,142,Minnesota Twins,136,Seattle Mariners,2,3,1
745319,2024-06-28,2024,119,Los Angeles Dodgers,137,San Francisco Giants,3,5,1
745560,2024-06-28,2024,146,Miami Marlins,143,Philadelphia Phillies,0,2,1
745804,2024-06-28,2024,117,Houston Astros,121,New York Mets,2,7,1
745970,2024-06-28,2024,112,Chicago Cubs,158,Milwaukee Brewers,2,4,1
746214,2024-06-28,2024,116,Detroit Tigers,108,Los Angeles Angels,2,5,1
746292,2024-06-28,2024,114,Cleveland Guardians,118,Kansas City Royals,3,10,1
746776,2024-06-28,2024,115,Colorado Rockies,145,Chicago White Sox,3,5,1
746939,2024-06-28,2024,135,San Diego Padres,111,Boston Red Sox,9,2,0
747017,2024-06-28,2024,140,Texas Rangers,110,Baltimore Orioles,1,2,1
747105,2024-06-28,2024,134,Pittsburgh Pirates,144,Atlanta Braves,1,6,1
747183,2024-06-28,2024,133,Oakland Athletics,109,Arizona Diamondbacks,9,4,0
744921,2024-06-29,2024,147,New York Yankees,141,Toronto Blue Jays,3,9,1
745071,2024-06-29,2024,120,Washington Nationals,139,Tampa Bay Rays,8,1,0
745159,2024-06-29,2024,113,Cincinnati Reds,138,St. Louis Cardinals,9,4,0
745239,2024-06-29,2024,142,Minnesota Twins,136,Seattle Mariners,5,1,0
745317,2024-06-29,2024,119,Los Angeles Dodgers,137,San Francisco Giants,14,7,0
745559,2024-06-29,2024,146,Miami Marlins,143,Philadelphia Phillies,3,2,0
745801,2024-06-29,2024,117,Houston Astros,121,New York Mets,9,6,0
745972,2024-06-29,2024,112,Chicago Cubs,158,Milwaukee Brewers,5,3,0
746211,2024-06-29,2024,116,Detroit Tigers,108,Los Angeles Angels,5,6,1
746289,2024-06-29,2024,114,Cleveland Guardians,118,Kansas City Royals,7,2,0
746778,2024-06-29,2024,115,Colorado Rockies,145,Chicago White Sox,3,11,1
746940,2024-06-29,2024,135,San Diego Padres,111,Boston Red Sox,11,1,0
747018,2024-06-29,2024,140,Texas Rangers,110,Baltimore Orioles,5,6,1
747104,2024-06-29,2024,134,Pittsburgh Pirates,144,Atlanta Braves,1,2,1
747186,2024-06-29,2024,133,Oakland Athletics,109,Arizona Diamondbacks,0,3,1
744916,2024-06-30,2024,147,New York Yankees,141,Toronto Blue Jays,8,1,0
745072,2024-06-30,2024,120,Washington Nationals,139,Tampa Bay Rays,0,5,1
745154,2024-06-30,2024,113,Cincinnati Reds,138,St. Louis Cardinals,0,2,1
745243,2024-06-30,2024,142,Minnesota Twins,136,Seattle Mariners,5,3,0
745320,2024-06-30,2024,119,Los Angeles Dodgers,137,San Francisco Giants,4,10,1
745555,2024-06-30,2024,146,Miami Marlins,143,Philadelphia Phillies,6,7,1
745802,2024-06-30,2024,117,Houston Astros,121,New York Mets,10,5,0
745971,2024-06-30,2024,112,Chicago Cubs,158,Milwaukee Brewers,1,7,1
746209,2024-06-30,2024,116,Detroit Tigers,108,Los Angeles Angels,7,6,0
746290,2024-06-30,2024,114,Cleveland Guardians,118,Kansas City Royals,2,6,1
746779,2024-06-30,2024,115,Colorado Rockies,145,Chicago White Sox,5,4,0
746938,2024-06-30,2024,135,San Diego Padres,111,Boston Red Sox,1,4,1
747016,2024-06-30,2024,140,Texas Rangers,110,Baltimore Orioles,11,2,0
747101,2024-06-30,2024,134,Pittsburgh Pirates,144,Atlanta Braves,4,2,0
747182,2024-06-30,2024,133,Oakland Athletics,109,Arizona Diamondbacks,1,5,1
744840,2024-07-01,2024,121,New York Mets,120,Washington Nationals,9,7,0
744914,2024-07-01,2024,117,Houston Astros,141,Toronto Blue Jays,3,1,0
746535,2024-07-01,2024,158,Milwaukee Brewers,115,Colorado Rockies,7,8,1
744838,2024-07-02,2024,121,New York Mets,120,Washington Nationals,7,2,0
744913,2024-07-02,2024,117,Houston Astros,141,Toronto Blue Jays,6,7,1
744999,2024-07-02,2024,135,San Diego Padres,140,Texas Rangers,0,7,1
745240,2024-07-02,2024,110,Baltimore Orioles,136,Seattle Mariners,2,0,0
745482,2024-07-02,2024,138,St. Louis Cardinals,134,Pittsburgh Pirates,7,4,0
745647,2024-07-02,2024,108,Los Angeles Angels,133,Oakland Athletics,5,7,1
745730,2024-07-02,2024,113,Cincinnati Reds,147,New York Yankees,5,4,0
745886,2024-07-02,2024,116,Detroit Tigers,142,Minnesota Twins,3,5,1
746047,2024-07-02,2024,111,Boston Red Sox,146,Miami Marlins,8,3,0
746133,2024-07-02,2024,109,Arizona Diamondbacks,119,Los Angeles Dodgers,5,6,1
746282,2024-07-02,2024,139,Tampa Bay Rays,118,Kansas City Royals,5,1,0
746537,2024-07-02,2024,158,Milwaukee Brewers,115,Colorado Rockies,4,3,0
746623,2024-07-02,2024,145,Chicago White Sox,114,Cleveland Guardians,6,7,1
746860,2024-07-02,2024,143,Philadelphia Phillies,112,Chicago Cubs,6,4,0
747102,2024-07-02,2024,137,San Francisco Giants,144,Atlanta Braves,5,3,0
744837,2024-07-03,2024,121,New York Mets,120,Washington Nationals,5,7,1
744915,2024-07-03,2024,117,Houston Astros,141,Toronto Blue Jays,9,2,0
744998,2024-07-03,2024,135,San Diego Padres,140,Texas Rangers,6,4,0
745234,2024-07-03,2024,110,Baltimore Orioles,136,Seattle Mariners,4,1,0
745487,2024-07-03,2024,138,St. Louis Cardinals,134,Pittsburgh Pirates,4,5,1
745643,2024-07-03,2024,108,Los Angeles Angels,133,Oakland Athletics,0,5,1
745728,2024-07-03,2024,113,Cincinnati Reds,147,New York Yankees,3,2,0
745888,2024-07-03,2024,116,Detroit Tigers,142,Minnesota Twins,9,2,0
746045,2024-07-03,2024,111,Boston Red Sox,146,Miami Marlins,7,2,0
746128,2024-07-03,2024,109,Arizona Diamondbacks,119,Los Angeles Dodgers,12,4,0
746283,2024-07-03,2024,139,Tampa Bay Rays,118,Kansas City Royals,2,4,1
746534,2024-07-03,2024,158,Milwaukee Brewers,115,Colorado Rockies,3,0,0
746617,2024-07-03,2024,145,Chicago White Sox,114,Cleveland Guardians,8,2,0
746858,2024-07-03,2024,143,Philadelphia Phillies,112,Chicago Cubs,5,3,0
747100,2024-07-03,2024,137,San Francisco Giants,144,Atlanta Braves,1,3,1
744834,2024-07-04,2024,121,New York Mets,120,Washington Nationals,0,1,1
744912,2024-07-04,2024,117,Houston Astros,141,Toronto Blue Jays,5,3,0
744996,2024-07-04,2024,135,San Diego Padres,140,Texas Rangers,3,1,0
745236,2024-07-04,2024,110,Baltimore Orioles,136,Seattle Mariners,3,7,1
745484,2024-07-04,2024,138,St. Louis Cardinals,134,Pittsburgh Pirates,3,2,0
745641,2024-07-04,2024,108,Los Angeles Angels,133,Oakland Athletics,0,5,1
745726,2024-07-04,2024,113,Cincinnati Reds,147,New York Yankees,8,4,0
745890,2024-07-04,2024,116,Detroit Tigers,142,Minnesota Twins,3,12,1
746043,2024-07-04,2024,111,Boston Red Sox,146,Miami Marlins,6,5,0
746126,2024-07-04,2024,109,Arizona Diamondbacks,119,Los Angeles Dodgers,9,3,0
746285,2024-07-04,2024,139,Tampa Bay Rays,118,Kansas City Royals,10,8,0
746532,2024-07-04,2024,158,Milwaukee Brewers,115,Colorado Rockies,3,4,1
746619,2024-07-04,2024,145,Chicago White Sox,114,Cleveland Guardians,4,8,1
746857,2024-07-04,2024,143,Philadelphia Phillies,112,Chicago Cubs,2,10,1
747103,2024-07-04,2024,137,San Francisco Giants,144,Atlanta Braves,4,2,0
744836,2024-07-05,2024,138,St. Louis Cardinals,120,Washington Nationals,7,6,0
744992,2024-07-05,2024,139,Tampa Bay Rays,140,Texas Rangers,0,3,1
745237,2024-07-05,2024,141,Toronto Blue Jays,136,Seattle Mariners,1,2,1
745398,2024-07-05,2024,109,Arizona Diamondbacks,135,San Diego Padres,8,10,1
745479,2024-07-05,2024,121,New York Mets,134,Pittsburgh Pirates,2,14,1
745639,2024-07-05,2024,110,Baltimore Orioles,133,Oakland Athletics,3,2,0
745725,2024-07-05,2024,111,Boston Red Sox,147,New York Yankees,5,3,0
745884,2024-07-05,2024,117,Houston Astros,142,Minnesota Twins,13,12,0
746046,2024-07-05,2024,145,Chicago White Sox,146,Miami Marlins,3,2,0
746127,2024-07-05,2024,158,Milwaukee Brewers,119,Los Angeles Dodgers,5,8,1
746533,2024-07-05,2024,118,Kansas City Royals,115,Colorado Rockies,2,4,1
746620,2024-07-05,2024,137,San Francisco Giants,114,Cleveland Guardians,4,2,0
746693,2024-07-05,2024,116,Detroit Tigers,113,Cincinnati Reds,5,4,0
746859,2024-07-05,2024,108,Los Angeles Angels,112,Chicago Cubs,1,5,1
747097,2024-07-05,2024,143,Philadelphia Phillies,144,Atlanta Braves,8,6,0
744835,2024-07-06,2024,138,St. Louis Cardinals,120,Washington Nationals,6,14,1
744995,2024-07-06,2024,139,Tampa Bay Rays,140,Texas Rangers,3,4,1
745235,2024-07-06,2024,141,Toronto Blue Jays,136,Seattle Mariners,5,4,0
745395,2024-07-06,2024,109,Arizona Diamondbacks,135,San Diego Padres,7,5,0
745476,2024-07-06,2024,121,New York Mets,134,Pittsburgh Pirates,5,2,0
745642,2024-07-06,2024,110,Baltimore Orioles,133,Oakland Athletics,8,19,1
745724,2024-07-06,2024,111,Boston Red Sox,147,New York Yankees,4,14,1
745885,2024-07-06,2024,117,Houston Astros,142,Minnesota Twins,3,9,1
746044,2024-07-06,2024,145,Chicago White Sox,146,Miami Marlins,3,4,1
746129,2024-07-06,2024,158,Milwaukee Brewers,119,Los Angeles Dodgers,3,5,1
746529,2024-07-06,2024,118,Kansas City Royals,115,Colorado Rockies,1,3,1
746615,2024-07-06,2024,137,San Francisco Giants,114,Cleveland Guardians,4,5,1
746694,2024-07-06,2024,116,Detroit Tigers,113,Cincinnati Reds,5,3,0
746856,2024-07-06,2024,108,Los Angeles Angels,112,Chicago Cubs,7,0,0
747099,2024-07-06,2024,143,Philadelphia Phillies,144,Atlanta Braves,1,5,1
744832,2024-07-07,2024,138,St. Louis Cardinals,120,Washington Nationals,8,3,0
744993,2024-07-07,2024,139,Tampa Bay Rays,140,Texas Rangers,2,13,1
745233,2024-07-07,2024,141,Toronto Blue Jays,136,Seattle Mariners,5,4,0
745391,2024-07-07,2024,109,Arizona Diamondbacks,135,San Diego Padres,9,1,0
745477,2024-07-07,2024,121,New York Mets,134,Pittsburgh Pirates,3,2,0
745637,2024-07-07,2024,110,Baltimore Orioles,133,Oakland Athletics,6,3,0
745723,2024-07-07,2024,111,Boston Red Sox,147,New York Yankees,3,0,0
745883,2024-07-07,2024,117,Houston Astros,142,Minnesota Twins,2,3,1
746039,2024-07-07,2024,145,Chicago White Sox,146,Miami Marlins,4,7,1
746122,2024-07-07,2024,158,Milwaukee Brewers,119,Los Angeles Dodgers,9,2,0
746530,2024-07-07,2024,118,Kansas City Royals,115,Colorado Rockies,10,1,0
746616,2024-07-07,2024,137,San Francisco Giants,114,Cleveland Guardians,4,5,1
746691,2024-07-07,2024,116,Detroit Tigers,113,Cincinnati Reds,5,1,0
746855,2024-07-07,2024,108,Los Angeles Angels,112,Chicago Cubs,0,5,1
747098,2024-07-07,2024,143,Philadelphia Phillies,144,Atlanta Braves,0,6,1
744833,2024-07-08,2024,138,St. Louis Cardinals,120,Washington Nationals,6,0,0
745480,2024-07-08,2024,121,New York Mets,134,Pittsburgh Pirates,2,8,1
746208,2024-07-08,2024,140,Texas Rangers,108,Los Angeles Angels,9,4,0
746455,2024-07-08,2024,114,Cleveland Guardians,116,Detroit Tigers,0,1,1
746692,2024-07-08,2024,115,Colorado Rockies,113,Cincinnati Reds,0,6,1
746771,2024-07-08,2024,142,Minnesota Twins,145,Chicago White Sox,8,6,0
747181,2024-07-08,2024,144,Atlanta Braves,109,Arizona Diamondbacks,5,4,0
745074,2024-07-09,2024,147,New York Yankees,139,Tampa Bay Rays,3,5,1
745316,2024-07-09,2024,141,Toronto Blue Jays,137,San Francisco Giants,3,4,1
745393,2024-07-09,2024,136,Seattle Mariners,135,San Diego Padres,8,3,0
745557,2024-07-09,2024,119,Los Angeles Dodgers,143,Philadelphia Phillies,1,10,1
745803,2024-07-09,2024,120,Washington Nationals,121,New York Mets,5,7,1
745968,2024-07-09,2024,134,Pittsburgh Pirates,158,Milwaukee Brewers,12,2,0
746206,2024-07-09,2024,140,Texas Rangers,108,Los Angeles Angels,5,4,0
746368,2024-07-09,2024,146,Miami Marlins,117,Houston Astros,3,4,1
746451,2024-07-09,2024,114,Cleveland Guardians,116,Detroit Tigers,9,8,0
746690,2024-07-09,2024,115,Colorado Rockies,113,Cincinnati Reds,6,12,1
746937,2024-07-09,2024,133,Oakland Athletics,111,Boston Red Sox,9,12,1
747014,2024-07-09,2024,112,Chicago Cubs,110,Baltimore Orioles,9,2,0
747180,2024-07-09,2024,144,Atlanta Braves,109,Arizona Diamondbacks,6,2,0
745069,2024-07-10,2024,147,New York Yankees,139,Tampa Bay Rays,2,1,0
745155,2024-07-10,2024,118,Kansas City Royals,138,St. Louis Cardinals,6,4,0
745156,2024-07-10,2024,118,Kansas City Royals,138,St. Louis Cardinals,8,5,0
745318,2024-07-10,2024,141,Toronto Blue Jays,137,San Francisco Giants,10,6,0
745394,2024-07-10,2024,136,Seattle Mariners,135,San Diego Padres,2,0,0
745556,2024-07-10,2024,119,Los Angeles Dodgers,143,Philadelphia Phillies,3,4,1
745796,2024-07-10,2024,120,Washington Nationals,121,New York Mets,2,6,1
745969,2024-07-10,2024,134,Pittsburgh Pirates,158,Milwaukee Brewers,0,9,1
746205,2024-07-10,2024,140,Texas Rangers,108,Los Angeles Angels,2,7,1
746366,2024-07-10,2024,146,Miami Marlins,117,Houston Astros,1,9,1
746453,2024-07-10,2024,114,Cleveland Guardians,116,Detroit Tigers,4,5,1
746689,2024-07-10,2024,115,Colorado Rockies,113,Cincinnati Reds,6,5,0
746772,2024-07-10,2024,142,Minnesota Twins,145,Chicago White Sox,1,3,1
746773,2024-07-10,2024,142,Minnesota Twins,145,Chicago White Sox,3,2,0
746934,2024-07-10,2024,133,Oakland Athletics,111,Boston Red Sox,5,2,0
747015,2024-07-10,2024,112,Chicago Cubs,110,Baltimore Orioles,4,0,0
747179,2024-07-10,2024,144,Atlanta Braves,109,Arizona Diamondbacks,5,7,1
745065,2024-07-11,2024,147,New York Yankees,139,Tampa Bay Rays,4,5,1
745313,2024-07-11,2024,141,Toronto Blue Jays,137,San Francisco Giants,5,3,0
745558,2024-07-11,2024,119,Los Angeles Dodgers,143,Philadelphia Phillies,1,5,1
745799,2024-07-11,2024,120,Washington Nationals,121,New York Mets,0,7,1
745967,2024-07-11,2024,134,Pittsburgh Pirates,158,Milwaukee Brewers,1,0,0
746204,2024-07-11,2024,136,Seattle Mariners,108,Los Angeles Angels,11,0,0
746367,2024-07-11,2024,146,Miami Marlins,117,Houston Astros,3,6,1
746452,2024-07-11,2024,114,Cleveland Guardians,116,Detroit Tigers,1,10,1
746688,2024-07-11,2024,115,Colorado Rockies,113,Cincinnati Reds,1,8,1
746935,2024-07-11,2024,133,Oakland Athletics,111,Boston Red Sox,0,7,1
747011,2024-07-11,2024,112,Chicago Cubs,110,Baltimore Orioles,8,0,0
747178,2024-07-11,2024,144,Atlanta Braves,109,Arizona Diamondbacks,0,1,1
745064,2024-07-12,2024,114,Cleveland Guardians,139,Tampa Bay Rays,0,2,1
745153,2024-07-12,2024,112,Chicago Cubs,138,St. Louis Cardinals,5,1,0
745312,2024-07-12,2024,142,Minnesota Twins,137,San Francisco Giants,1,7,1
745390,2024-07-12,2024,144,Atlanta Braves,135,San Diego Padres,6,1,0
745552,2024-07-12,2024,133,Oakland Athletics,143,Philadelphia Phillies,6,2,0
745800,2024-07-12,2024,115,Colorado Rockies,121,New York Mets,6,7,1
745965,2024-07-12,2024,120,Washington Nationals,158,Milwaukee Brewers,5,2,0
746207,2024-07-12,2024,136,Seattle Mariners,108,Los Angeles Angels,5,6,1
746371,2024-07-12,2024,140,Texas Rangers,117,Houston Astros,3,6,1
746450,2024-07-12,2024,119,Los Angeles Dodgers,116,Detroit Tigers,4,3,0
746685,2024-07-12,2024,146,Miami Marlins,113,Cincinnati Reds,4,7,1
746774,2024-07-12,2024,134,Pittsburgh Pirates,145,Chicago White Sox,4,1,0
746936,2024-07-12,2024,118,Kansas City Royals,111,Boston Red Sox,6,1,0
747012,2024-07-12,2024,147,New York Yankees,110,Baltimore Orioles,4,1,0
747175,2024-07-12,2024,141,Toronto Blue Jays,109,Arizona Diamondbacks,4,5,1
745067,2024-07-13,2024,114,Cleveland Guardians,139,Tampa Bay Rays,4,2,0
745152,2024-07-13,2024,112,Chicago Cubs,138,St. Louis Cardinals,3,11,1
745175,2024-07-13,2024,112,Chicago Cubs,138,St. Louis Cardinals,4,5,1
745311,2024-07-13,2024,142,Minnesota Twins,137,San Francisco Giants,4,2,0
745392,2024-07-13,2024,144,Atlanta Braves,135,San Diego Padres,0,4,1
745549,2024-07-13,2024,133,Oakland Athletics,143,Philadelphia Phillies,5,11,1
745798,2024-07-13,2024,115,Colorado Rockies,121,New York Mets,3,7,1
745963,2024-07-13,2024,120,Washington Nationals,158,Milwaukee Brewers,6,5,0
746202,2024-07-13,2024,136,Seattle Mariners,108,Los Angeles Angels,1,2,1
746369,2024-07-13,2024,140,Texas Rangers,117,Houston Astros,2,1,0
746447,2024-07-13,2024,119,Los Angeles Dodgers,116,Detroit Tigers,9,11,1
746687,2024-07-13,2024,146,Miami Marlins,113,Cincinnati Reds,6,10,1
746766,2024-07-13,2024,134,Pittsburgh Pirates,145,Chicago White Sox,6,2,0
746930,2024-07-13,2024,118,Kansas City Royals,111,Boston Red Sox,0,5,1
747013,2024-07-13,2024,147,New York Yankees,110,Baltimore Orioles,6,1,0
747177,2024-07-13,2024,141,Toronto Blue Jays,109,Arizona Diamondbacks,1,12,1
745066,2024-07-14,2024,114,Cleveland Guardians,139,Tampa Bay Rays,0,2,1
745151,2024-07-14,2024,112,Chicago Cubs,138,St. Louis Cardinals,8,3,0
745314,2024-07-14,2024,142,Minnesota Twins,137,San Francisco Giants,2,3,1
745385,2024-07-14,2024,144,Atlanta Braves,135,San Diego Padres,6,3,0
745551,2024-07-14,2024,133,Oakland Athletics,143,Philadelphia Phillies,18,3,0
745797,2024-07-14,2024,115,Colorado Rockies,121,New York Mets,8,5,0
745962,2024-07-14,2024,120,Washington Nationals,158,Milwaukee Brewers,3,9,1
746201,2024-07-14,2024,136,Seattle Mariners,108,Los Angeles Angels,2,3,1
746370,2024-07-14,2024,140,Texas Rangers,117,Houston Astros,4,2,0
746449,2024-07-14,2024,119,Los Angeles Dodgers,116,Detroit Tigers,3,4,1
746686,2024-07-14,2024,146,Miami Marlins,113,Cincinnati Reds,3,2,0
746769,2024-07-14,2024,134,Pittsburgh Pirates,145,Chicago White Sox,9,4,0
746932,2024-07-14,2024,118,Kansas City Royals,111,Boston Red Sox,4,5,1
747009,2024-07-14,2024,147,New York Yankees,110,Baltimore Orioles,5,6,1
747176,2024-07-14,2024,141,Toronto Blue Jays,109,Arizona Diamondbacks,8,7,0
744829,2024-07-19,2024,113,Cincinnati Reds,120,Washington Nationals,5,8,1
744911,2024-07-19,2024,116,Detroit Tigers,141,Toronto Blue Jays,5,4,0
744990,2024-07-19,2024,110,Baltimore Orioles,140,Texas Rangers,9,1,0
745228,2024-07-19,2024,117,Houston Astros,136,Seattle Mariners,3,0,0
745481,2024-07-19,2024,143,Philadelphia Phillies,134,Pittsburgh Pirates,7,8,1
745640,2024-07-19,2024,108,Los Angeles Angels,133,Oakland Athletics,3,13,1
745721,2024-07-19,2024,139,Tampa Bay Rays,147,New York Yankees,1,6,1
746040,2024-07-19,2024,121,New York Mets,146,Miami Marlins,4,6,1
746123,2024-07-19,2024,111,Boston Red Sox,119,Los Angeles Dodgers,1,4,1
746284,2024-07-19,2024,145,Chicago White Sox,118,Kansas City Royals,1,7,1
746531,2024-07-19,2024,137,San Francisco Giants,115,Colorado Rockies,3,7,1
746618,2024-07-19,2024,135,San Diego Padres,114,Cleveland Guardians,0,7,1
746854,2024-07-19,2024,109,Arizona Diamondbacks,112,Chicago Cubs,5,2,0
744830,2024-07-20,2024,113,Cincinnati Reds,120,Washington Nationals,4,5,1
744910,2024-07-20,2024,116,Detroit Tigers,141,Toronto Blue Jays,7,3,0
744994,2024-07-20,2024,110,Baltimore Orioles,140,Texas Rangers,8,4,0
745229,2024-07-20,2024,117,Houston Astros,136,Seattle Mariners,4,2,0
745478,2024-07-20,2024,143,Philadelphia Phillies,134,Pittsburgh Pirates,1,4,1
745638,2024-07-20,2024,108,Los Angeles Angels,133,Oakland Athletics,2,8,1
745720,2024-07-20,2024,139,Tampa Bay Rays,147,New York Yankees,9,1,0
745880,2024-07-20,2024,158,Milwaukee Brewers,142,Minnesota Twins,8,4,0
746041,2024-07-20,2024,121,New York Mets,146,Miami Marlins,1,0,0
746121,2024-07-20,2024,111,Boston Red Sox,119,Los Angeles Dodgers,6,7,1
746286,2024-07-20,2024,145,Chicago White Sox,118,Kansas City Royals,1,6,1
746527,2024-07-20,2024,137,San Francisco Giants,115,Colorado Rockies,3,4,1
746613,2024-07-20,2024,135,San Diego Padres,114,Cleveland Guardians,7,0,0
746852,2024-07-20,2024,109,Arizona Diamondbacks,112,Chicago Cubs,3,0,0
747093,2024-07-20,2024,138,St. Louis Cardinals,144,Atlanta Braves,2,3,1
747096,2024-07-20,2024,138,St. Louis Cardinals,144,Atlanta Braves,9,5,0
744831,2024-07-21,2024,113,Cincinnati Reds,120,Washington Nationals,2,5,1
744909,2024-07-21,2024,116,Detroit Tigers,141,Toronto Blue Jays,4,5,1
744991,2024-07-21,2024,110,Baltimore Orioles,140,Texas Rangers,2,3,1
745230,2024-07-21,2024,117,Houston Astros,136,Seattle Mariners,4,6,1
745470,2024-07-21,2024,143,Philadelphia Phillies,134,Pittsburgh Pirates,6,0,0
745633,2024-07-21,2024,108,Los Angeles Angels,133,Oakland Athletics,8,5,0
745722,2024-07-21,2024,139,Tampa Bay Rays,147,New York Yankees,6,4,0
745882,2024-07-21,2024,158,Milwaukee Brewers,142,Minnesota Twins,8,7,0
746042,2024-07-21,2024,121,New York Mets,146,Miami Marlins,2,4,1
746125,2024-07-21,2024,111,Boston Red Sox,119,Los Angeles Dodgers,6,9,1
746287,2024-07-21,2024,145,Chicago White Sox,118,Kansas City Royals,1,4,1
746528,2024-07-21,2024,137,San Francisco Giants,115,Colorado Rockies,3,2,0
746610,2024-07-21,2024,135,San Diego Padres,114,Cleveland Guardians,2,1,0
746853,2024-07-21,2024,109,Arizona Diamondbacks,112,Chicago Cubs,1,2,1
747094,2024-07-21,2024,138,St. Louis Cardinals,144,Atlanta Braves,6,2,0
744988,2024-07-22,2024,145,Chicago White Sox,140,Texas Rangers,3,4,1
745232,2024-07-22,2024,108,Los Angeles Angels,136,Seattle Mariners,3,1,0
745473,2024-07-22,2024,138,St. Louis Cardinals,134,Pittsburgh Pirates,1,2,1
745635,2024-07-22,2024,117,Houston Astros,133,Oakland Athletics,0,4,1
745717,2024-07-22,2024,139,Tampa Bay Rays,147,New York Yankees,1,9,1
745881,2024-07-22,2024,143,Philadelphia Phillies,142,Minnesota Twins,2,7,1
746034,2024-07-22,2024,121,New York Mets,146,Miami Marlins,6,4,0
746124,2024-07-22,2024,137,San Francisco Giants,119,Los Angeles Dodgers,2,3,1
746280,2024-07-22,2024,109,Arizona Diamondbacks,118,Kansas City Royals,4,10,1
746526,2024-07-22,2024,111,Boston Red Sox,115,Colorado Rockies,8,9,1
746612,2024-07-22,2024,116,Detroit Tigers,114,Cleveland Guardians,8,2,0
746850,2024-07-22,2024,158,Milwaukee Brewers,112,Chicago Cubs,1,3,1
747095,2024-07-22,2024,113,Cincinnati Reds,144,Atlanta Braves,4,1,0
744828,2024-07-23,2024,135,San Diego Padres,120,Washington Nationals,4,0,0
744904,2024-07-23,2024,139,Tampa Bay Rays,141,Toronto Blue Jays,4,2,0
744985,2024-07-23,2024,145,Chicago White Sox,140,Texas Rangers,2,3,1
745227,2024-07-23,2024,108,Los Angeles Angels,136,Seattle Mariners,5,1,0
745475,2024-07-23,2024,138,St. Louis Cardinals,134,Pittsburgh Pirates,2,1,0
745632,2024-07-23,2024,117,Houston Astros,133,Oakland Athletics,2,8,1
745715,2024-07-23,2024,121,New York Mets,147,New York Yankees,3,2,0
745878,2024-07-23,2024,143,Philadelphia Phillies,142,Minnesota Twins,3,0,0
746036,2024-07-23,2024,110,Baltimore Orioles,146,Miami Marlins,3,6,1
746118,2024-07-23,2024,137,San Francisco Giants,119,Los Angeles Dodgers,2,5,1
746281,2024-07-23,2024,109,Arizona Diamondbacks,118,Kansas City Royals,6,2,0
746524,2024-07-23,2024,111,Boston Red Sox,115,Colorado Rockies,6,0,0
746614,2024-07-23,2024,116,Detroit Tigers,114,Cleveland Guardians,4,5,1
746848,2024-07-23,2024,158,Milwaukee Brewers,112,Chicago Cubs,1,0,0
744824,2024-07-24,2024,135,San Diego Padres,120,Washington Nationals,12,3,0
744905,2024-07-24,2024,139,Tampa Bay Rays,141,Toronto Blue Jays,3,6,1
744989,2024-07-24,2024,145,Chicago White Sox,140,Texas Rangers,2,10,1
745231,2024-07-24,2024,108,Los Angeles Angels,136,Seattle Mariners,2,1,0
745472,2024-07-24,2024,138,St. Louis Cardinals,134,Pittsburgh Pirates,0,5,1
745634,2024-07-24,2024,117,Houston Astros,133,Oakland Athletics,8,1,0
745716,2024-07-24,2024,121,New York Mets,147,New York Yankees,12,3,0
745877,2024-07-24,2024,143,Philadelphia Phillies,142,Minnesota Twins,4,5,1
746035,2024-07-24,2024,110,Baltimore Orioles,146,Miami Marlins,3,6,1
746119,2024-07-24,2024,137,San Francisco Giants,119,Los Angeles Dodgers,8,3,0
746279,2024-07-24,2024,109,Arizona Diamondbacks,118,Kansas City Royals,8,6,0
746525,2024-07-24,2024,111,Boston Red Sox,115,Colorado Rockies,7,20,1
746611,2024-07-24,2024,116,Detroit Tigers,114,Cleveland Guardians,1,2,1
746851,2024-07-24,2024,158,Milwaukee Brewers,112,Chicago Cubs,3,2,0
747091,2024-07-24,2024,113,Cincinnati Reds,144,Atlanta Braves,9,4,0
744827,2024-07-25,2024,135,San Diego Padres,120,Washington Nationals,3,0,0
744907,2024-07-25,2024,139,Tampa Bay Rays,141,Toronto Blue Jays,13,0,0
744984,2024-07-25,2024,145,Chicago White Sox,140,Texas Rangers,1,2,1
745794,2024-07-25,2024,144,Atlanta Braves,121,New York Mets,2,3,1
746037,2024-07-25,2024,110,Baltimore Orioles,146,Miami Marlins,7,6,0
746117,2024-07-25,2024,137,San Francisco Giants,119,Los Angeles Dodgers,4,6,1
746199,2024-07-25,2024,133,Oakland Athletics,108,Los Angeles Angels,6,5,0
746609,2024-07-25,2024,116,Detroit Tigers,114,Cleveland Guardians,3,0,0
744906,2024-07-26,2024,140,Texas Rangers,141,Toronto Blue Jays,5,6,1
745068,2024-07-26,2024,113,Cincinnati Reds,139,Tampa Bay Rays,3,2,0
745146,2024-07-26,2024,120,Washington Nationals,138,St. Louis Cardinals,10,8,0
745315,2024-07-26,2024,115,Colorado Rockies,137,San Francisco Giants,4,11,1
745554,2024-07-26,2024,114,Cleveland Guardians,143,Philadelphia Phillies,3,1,0
745792,2024-07-26,2024,144,Atlanta Braves,121,New York Mets,4,8,1
745964,2024-07-26,2024,146,Miami Marlins,158,Milwaukee Brewers,6,2,0
746200,2024-07-26,2024,133,Oakland Athletics,108,Los Angeles Angels,5,4,0
746277,2024-07-26,2024,112,Chicago Cubs,118,Kansas City Royals,0,6,1
746361,2024-07-26,2024,119,Los Angeles Dodgers,117,Houston Astros,0,5,1
746448,2024-07-26,2024,142,Minnesota Twins,116,Detroit Tigers,9,3,0
746767,2024-07-26,2024,136,Seattle Mariners,145,Chicago White Sox,10,0,0
746933,2024-07-26,2024,147,New York Yankees,111,Boston Red Sox,7,9,1
747010,2024-07-26,2024,135,San Diego Padres,110,Baltimore Orioles,6,4,0
747174,2024-07-26,2024,134,Pittsburgh Pirates,109,Arizona Diamondbacks,3,4,1
744908,2024-07-27,2024,140,Texas Rangers,141,Toronto Blue Jays,3,7,1
745059,2024-07-27,2024,113,Cincinnati Reds,139,Tampa Bay Rays,0,4,1
745150,2024-07-27,2024,120,Washington Nationals,138,St. Louis Cardinals,14,3,0
745307,2024-07-27,2024,115,Colorado Rockies,137,San Francisco Giants,1,4,1
745310,2024-07-27,2024,115,Colorado Rockies,137,San Francisco Giants,0,5,1
745553,2024-07-27,2024,114,Cleveland Guardians,143,Philadelphia Phillies,0,8,1
745793,2024-07-27,2024,144,Atlanta Braves,121,New York Mets,4,0,0
745966,2024-07-27,2024,146,Miami Marlins,158,Milwaukee Brewers,7,3,0
746203,2024-07-27,2024,133,Oakland Athletics,108,Los Angeles Angels,3,1,0
746278,2024-07-27,2024,112,Chicago Cubs,118,Kansas City Royals,9,4,0
746362,2024-07-27,2024,119,Los Angeles Dodgers,117,Houston Astros,6,7,1
746446,2024-07-27,2024,142,Minnesota Twins,116,Detroit Tigers,2,7,1
746768,2024-07-27,2024,136,Seattle Mariners,145,Chicago White Sox,6,3,0
746931,2024-07-27,2024,147,New York Yankees,111,Boston Red Sox,11,8,0
747006,2024-07-27,2024,135,San Diego Padres,110,Baltimore Orioles,9,4,0
747171,2024-07-27,2024,134,Pittsburgh Pirates,109,Arizona Diamondbacks,5,9,1
744902,2024-07-28,2024,140,Texas Rangers,141,Toronto Blue Jays,3,7,1
745063,2024-07-28,2024,113,Cincinnati Reds,139,Tampa Bay Rays,1,2,1
745145,2024-07-28,2024,120,Washington Nationals,138,St. Louis Cardinals,3,4,1
745305,2024-07-28,2024,115,Colorado Rockies,137,San Francisco Giants,4,5,1
745550,2024-07-28,2024,114,Cleveland Guardians,143,Philadelphia Phillies,4,3,0
745795,2024-07-28,2024,144,Atlanta Braves,121,New York Mets,9,2,0
745961,2024-07-28,2024,146,Miami Marlins,158,Milwaukee Brewers,2,6,1
746195,2024-07-28,2024,133,Oakland Athletics,108,Los Angeles Angels,6,8,1
746274,2024-07-28,2024,112,Chicago Cubs,118,Kansas City Royals,7,3,0
746364,2024-07-28,2024,119,Los Angeles Dodgers,117,Houston Astros,6,2,0
746445,2024-07-28,2024,142,Minnesota Twins,116,Detroit Tigers,5,0,0
746770,2024-07-28,2024,136,Seattle Mariners,145,Chicago White Sox,6,3,0
746929,2024-07-28,2024,147,New York Yankees,111,Boston Red Sox,8,2,0
747008,2024-07-28,2024,135,San Diego Padres,110,Baltimore Orioles,6,8,1
747173,2024-07-28,2024,134,Pittsburgh Pirates,109,Arizona Diamondbacks,6,5,0
745147,2024-07-29,2024,140,Texas Rangers,138,St. Louis Cardinals,6,3,0
745547,2024-07-29,2024,147,New York Yankees,143,Philadelphia Phillies,14,4,0
745791,2024-07-29,2024,142,Minnesota Twins,121,New York Mets,2,15,1
745959,2024-07-29,2024,144,Atlanta Braves,158,Milwaukee Brewers,3,8,1
746360,2024-07-29,2024,134,Pittsburgh Pirates,117,Houston Astros,5,3,0
746444,2024-07-29,2024,114,Cleveland Guardians,116,Detroit Tigers,8,4,0
746684,2024-07-29,2024,112,Chicago Cubs,113,Cincinnati Reds,1,7,1
746765,2024-07-29,2024,118,Kansas City Royals,145,Chicago White Sox,8,5,0
746928,2024-07-29,2024,136,Seattle Mariners,111,Boston Red Sox,7,14,1
747007,2024-07-29,2024,141,Toronto Blue Jays,110,Baltimore Orioles,5,11,1
747039,2024-07-29,2024,141,Toronto Blue Jays,110,Baltimore Orioles,8,4,0
747172,2024-07-29,2024,120,Washington Nationals,109,Arizona Diamondbacks,8,9,1
745060,2024-07-30,2024,146,Miami Marlins,139,Tampa Bay Rays,3,9,1
745149,2024-07-30,2024,140,Texas Rangers,138,St. Louis Cardinals,1,8,1
745309,2024-07-30,2024,133,Oakland Athletics,137,San Francisco Giants,5,2,0
745389,2024-07-30,2024,119,Los Angeles Dodgers,135,San Diego Padres,5,6,1
745546,2024-07-30,2024,147,New York Yankees,143,Philadelphia Phillies,7,6,0
745787,2024-07-30,2024,142,Minnesota Twins,121,New York Mets,0,2,1
745958,2024-07-30,2024,144,Atlanta Braves,158,Milwaukee Brewers,5,1,0
746197,2024-07-30,2024,115,Colorado Rockies,108,Los Angeles Angels,7,10,1
746365,2024-07-30,2024,134,Pittsburgh Pirates,117,Houston Astros,6,2,0
746441,2024-07-30,2024,114,Cleveland Guardians,116,Detroit Tigers,5,0,0
746683,2024-07-30,2024,112,Chicago Cubs,113,Cincinnati Reds,3,6,1
746763,2024-07-30,2024,118,Kansas City Royals,145,Chicago White Sox,4,3,0
746926,2024-07-30,2024,136,Seattle Mariners,111,Boston Red Sox,10,6,0
747005,2024-07-30,2024,141,Toronto Blue Jays,110,Baltimore Orioles,2,6,1
747167,2024-07-30,2024,120,Washington Nationals,109,Arizona Diamondbacks,0,17,1
745061,2024-07-31,2024,146,Miami Marlins,139,Tampa Bay Rays,6,2,0
745148,2024-07-31,2024,140,Texas Rangers,138,St. Louis Cardinals,1,10,1
745306,2024-07-31,2024,133,Oakland Athletics,137,San Francisco Giants,0,1,1
745386,2024-07-31,2024,119,Los Angeles Dodgers,135,San Diego Padres,1,8,1
745543,2024-07-31,2024,147,New York Yankees,143,Philadelphia Phillies,6,5,0
745789,2024-07-31,2024,142,Minnesota Twins,121,New York Mets,8,3,0
745960,2024-07-31,2024,144,Atlanta Braves,158,Milwaukee Brewers,6,2,0
746198,2024-07-31,2024,115,Colorado Rockies,108,Los Angeles Angels,2,1,0
746363,2024-07-31,2024,134,Pittsburgh Pirates,117,Houston Astros,4,5,1
746678,2024-07-31,2024,112,Chicago Cubs,113,Cincinnati Reds,13,4,0
746764,2024-07-31,2024,118,Kansas City Royals,145,Chicago White Sox,10,3,0
746925,2024-07-31,2024,136,Seattle Mariners,111,Boston Red Sox,2,3,1
747003,2024-07-31,2024,141,Toronto Blue Jays,110,Baltimore Orioles,4,10,1
747170,2024-07-31,2024,120,Washington Nationals,109,Arizona Diamondbacks,4,5,1
746196,2024-08-01,2024,115,Colorado Rockies,108,Los Angeles Angels,5,4,0
746442,2024-08-01,2024,118,Kansas City Royals,116,Detroit Tigers,7,1,0
746607,2024-08-01,2024,110,Baltimore Orioles,114,Cleveland Guardians,3,10,1
746849,2024-08-01,2024,138,St. Louis Cardinals,112,Chicago Cubs,4,5,1
747092,2024-08-01,2024,146,Miami Marlins,144,Atlanta Braves,2,4,1
744825,2024-08-02,2024,158,Milwaukee Brewers,120,Washington Nationals,8,3,0
744986,2024-08-02,2024,111,Boston Red Sox,140,Texas Rangers,11,6,0
745224,2024-08-02,2024,143,Philadelphia Phillies,136,Seattle Mariners,2,10,1
745387,2024-08-02,2024,115,Colorado Rockies,135,San Diego Padres,5,2,0
745471,2024-08-02,2024,109,Arizona Diamondbacks,134,Pittsburgh Pirates,9,8,0
745631,2024-08-02,2024,119,Los Angeles Dodgers,133,Oakland Athletics,5,6,1
745719,2024-08-02,2024,141,Toronto Blue Jays,147,New York Yankees,8,5,0
745875,2024-08-02,2024,145,Chicago White Sox,142,Minnesota Twins,2,10,1
746193,2024-08-02,2024,121,New York Mets,108,Los Angeles Angels,5,1,0
746354,2024-08-02,2024,139,Tampa Bay Rays,117,Houston Astros,2,3,1
746443,2024-08-02,2024,118,Kansas City Royals,116,Detroit Tigers,9,2,0
746605,2024-08-02,2024,110,Baltimore Orioles,114,Cleveland Guardians,4,8,1
746679,2024-08-02,2024,137,San Francisco Giants,113,Cincinnati Reds,3,0,0
746845,2024-08-02,2024,138,St. Louis Cardinals,112,Chicago Cubs,3,6,1
747089,2024-08-02,2024,146,Miami Marlins,144,Atlanta Braves,3,5,1
744823,2024-08-03,2024,158,Milwaukee Brewers,120,Washington Nationals,4,6,1
744987,2024-08-03,2024,111,Boston Red Sox,140,Texas Rangers,4,7,1
745225,2024-08-03,2024,143,Philadelphia Phillies,136,Seattle Mariners,5,6,1
745388,2024-08-03,2024,115,Colorado Rockies,135,San Diego Padres,2,3,1
745474,2024-08-03,2024,109,Arizona Diamondbacks,134,Pittsburgh Pirates,2,4,1
745636,2024-08-03,2024,119,Los Angeles Dodgers,133,Oakland Athletics,10,0,0
745714,2024-08-03,2024,141,Toronto Blue Jays,147,New York Yankees,3,8,1
745876,2024-08-03,2024,145,Chicago White Sox,142,Minnesota Twins,2,6,1
746194,2024-08-03,2024,121,New York Mets,108,Los Angeles Angels,4,5,1
746358,2024-08-03,2024,139,Tampa Bay Rays,117,Houston Astros,6,1,0
746440,2024-08-03,2024,118,Kansas City Royals,116,Detroit Tigers,5,6,1
746608,2024-08-03,2024,110,Baltimore Orioles,114,Cleveland Guardians,7,4,0
746681,2024-08-03,2024,137,San Francisco Giants,113,Cincinnati Reds,4,6,1
746846,2024-08-03,2024,138,St. Louis Cardinals,112,Chicago Cubs,5,4,0
747087,2024-08-03,2024,146,Miami Marlins,144,Atlanta Braves,4,3,0
744826,2024-08-04,2024,158,Milwaukee Brewers,120,Washington Nationals,3,4,1
744979,2024-08-04,2024,111,Boston Red Sox,140,Texas Rangers,7,2,0
745222,2024-08-04,2024,143,Philadelphia Phillies,136,Seattle Mariners,6,0,0
745384,2024-08-04,2024,115,Colorado Rockies,135,San Diego Padres,2,10,1
745468,2024-08-04,2024,109,Arizona Diamondbacks,134,Pittsburgh Pirates,6,5,0
745627,2024-08-04,2024,119,Los Angeles Dodgers,133,Oakland Athletics,3,2,0
745718,2024-08-04,2024,141,Toronto Blue Jays,147,New York Yankees,3,4,1
745879,2024-08-04,2024,145,Chicago White Sox,142,Minnesota Twins,7,13,1
746191,2024-08-04,2024,121,New York Mets,108,Los Angeles Angels,2,3,1
746356,2024-08-04,2024,139,Tampa Bay Rays,117,Houston Astros,1,0,0
746439,2024-08-04,2024,118,Kansas City Royals,116,Detroit Tigers,3,2,0
746606,2024-08-04,2024,110,Baltimore Orioles,114,Cleveland Guardians,9,5,0
746680,2024-08-04,2024,137,San Francisco Giants,113,Cincinnati Reds,8,2,0
746844,2024-08-04,2024,138,St. Louis Cardinals,112,Chicago Cubs,2,6,1
747088,2024-08-04,2024,146,Miami Marlins,144,Atlanta Braves,7,0,0
744821,2024-08-05,2024,137,San Francisco Giants,120,Washington Nationals,4,1,0
744982,2024-08-05,2024,117,Houston Astros,140,Texas Rangers,3,4,1
745184,2024-08-05,2024,121,New York Mets,138,St. Louis Cardinals,6,0,0
745628,2024-08-05,2024,145,Chicago White Sox,133,Oakland Athletics,1,5,1
746038,2024-08-05,2024,113,Cincinnati Reds,146,Miami Marlins,10,3,0
746116,2024-08-05,2024,143,Philadelphia Phillies,119,Los Angeles Dodgers,3,5,1
746276,2024-08-05,2024,111,Boston Red Sox,118,Kansas City Royals,9,5,0
746600,2024-08-05,2024,109,Arizona Diamondbacks,114,Cleveland Guardians,7,6,0
746847,2024-08-05,2024,142,Minnesota Twins,112,Chicago Cubs,3,0,0
744817,2024-08-06,2024,137,San Francisco Giants,120,Washington Nationals,5,11,1
744901,2024-08-06,2024,110,Baltimore Orioles,141,Toronto Blue Jays,2,5,1
744983,2024-08-06,2024,117,Houston Astros,140,Texas Rangers,4,2,0
745141,2024-08-06,2024,139,Tampa Bay Rays,138,St. Louis Cardinals,3,4,1
745221,2024-08-06,2024,116,Detroit Tigers,136,Seattle Mariners,4,2,0
745467,2024-08-06,2024,135,San Diego Padres,134,Pittsburgh Pirates,6,0,0
745629,2024-08-06,2024,145,Chicago White Sox,133,Oakland Athletics,5,1,0
746033,2024-08-06,2024,113,Cincinnati Reds,146,Miami Marlins,8,2,0
746120,2024-08-06,2024,143,Philadelphia Phillies,119,Los Angeles Dodgers,6,2,0
746273,2024-08-06,2024,111,Boston Red Sox,118,Kansas City Royals,6,5,0
746519,2024-08-06,2024,121,New York Mets,115,Colorado Rockies,3,6,1
746840,2024-08-06,2024,142,Minnesota Twins,112,Chicago Cubs,3,7,1
747086,2024-08-06,2024,158,Milwaukee Brewers,144,Atlanta Braves,10,0,0
744822,2024-08-07,2024,137,San Francisco Giants,120,Washington Nationals,7,4,0
744903,2024-08-07,2024,110,Baltimore Orioles,141,Toronto Blue Jays,7,3,0
744981,2024-08-07,2024,117,Houston Astros,140,Texas Rangers,6,4,0
745142,2024-08-07,2024,139,Tampa Bay Rays,138,St. Louis Cardinals,2,5,1
745223,2024-08-07,2024,116,Detroit Tigers,136,Seattle Mariners,6,2,0
745469,2024-08-07,2024,135,San Diego Padres,134,Pittsburgh Pirates,9,8,0
745630,2024-08-07,2024,145,Chicago White Sox,133,Oakland Athletics,2,3,1
745709,2024-08-07,2024,108,Los Angeles Angels,147,New York Yankees,2,5,1
745713,2024-08-07,2024,108,Los Angeles Angels,147,New York Yankees,8,2,0
746031,2024-08-07,2024,113,Cincinnati Reds,146,Miami Marlins,4,6,1
746115,2024-08-07,2024,143,Philadelphia Phillies,119,Los Angeles Dodgers,9,4,0
746272,2024-08-07,2024,111,Boston Red Sox,118,Kansas City Royals,4,8,1
746521,2024-08-07,2024,121,New York Mets,115,Colorado Rockies,5,3,0
746602,2024-08-07,2024,109,Arizona Diamondbacks,114,Cleveland Guardians,5,3,0
746604,2024-08-07,2024,109,Arizona Diamondbacks,114,Cleveland Guardians,7,3,0
746842,2024-08-07,2024,142,Minnesota Twins,112,Chicago Cubs,2,8,1
747085,2024-08-07,2024,158,Milwaukee Brewers,144,Atlanta Braves,8,5,0
744819,2024-08-08,2024,137,San Francisco Giants,120,Washington Nationals,9,5,0
744899,2024-08-08,2024,110,Baltimore Orioles,141,Toronto Blue Jays,6,7,1
745143,2024-08-08,2024,139,Tampa Bay Rays,138,St. Louis Cardinals,6,4,0
745226,2024-08-08,2024,116,Detroit Tigers,136,Seattle Mariners,3,4,1
745466,2024-08-08,2024,135,San Diego Padres,134,Pittsburgh Pirates,7,6,0
745710,2024-08-08,2024,108,Los Angeles Angels,147,New York Yankees,9,4,0
746030,2024-08-08,2024,113,Cincinnati Reds,146,Miami Marlins,10,4,0
746522,2024-08-08,2024,121,New York Mets,115,Colorado Rockies,9,1,0
747081,2024-08-08,2024,158,Milwaukee Brewers,144,Atlanta Braves,16,7,0
747169,2024-08-08,2024,143,Philadelphia Phillies,109,Arizona Diamondbacks,6,4,0
744818,2024-08-09,2024,108,Los Angeles Angels,120,Washington Nationals,2,3,1
744900,2024-08-09,2024,133,Oakland Athletics,141,Toronto Blue Jays,1,3,1
745062,2024-08-09,2024,110,Baltimore Orioles,139,Tampa Bay Rays,4,1,0
745220,2024-08-09,2024,121,New York Mets,136,Seattle Mariners,0,6,1
745308,2024-08-09,2024,116,Detroit Tigers,137,San Francisco Giants,2,3,1
745871,2024-08-09,2024,114,Cleveland Guardians,142,Minnesota Twins,3,6,1
745927,2024-08-09,2024,114,Cleveland Guardians,142,Minnesota Twins,2,4,1
745957,2024-08-09,2024,113,Cincinnati Reds,158,Milwaukee Brewers,3,8,1
746032,2024-08-09,2024,135,San Diego Padres,146,Miami Marlins,6,2,0
746113,2024-08-09,2024,134,Pittsburgh Pirates,119,Los Angeles Dodgers,5,9,1
746275,2024-08-09,2024,138,St. Louis Cardinals,118,Kansas City Royals,8,5,0
746523,2024-08-09,2024,144,Atlanta Braves,115,Colorado Rockies,5,6,1
746760,2024-08-09,2024,112,Chicago Cubs,145,Chicago White Sox,7,6,0
746927,2024-08-09,2024,117,Houston Astros,111,Boston Red Sox,8,4,0
747168,2024-08-09,2024,143,Philadelphia Phillies,109,Arizona Diamondbacks,2,3,1
744820,2024-08-10,2024,108,Los Angeles Angels,120,Washington Nationals,4,5,1
744897,2024-08-10,2024,133,Oakland Athletics,141,Toronto Blue Jays,1,0,0
745056,2024-08-10,2024,110,Baltimore Orioles,139,Tampa Bay Rays,7,5,0
745219,2024-08-10,2024,121,New York Mets,136,Seattle Mariners,0,4,1
745304,2024-08-10,2024,116,Detroit Tigers,137,San Francisco Giants,1,3,1
745708,2024-08-10,2024,140,Texas Rangers,147,New York Yankees,9,4,0
745712,2024-08-10,2024,140,Texas Rangers,147,New York Yankees,0,8,1
745873,2024-08-10,2024,114,Cleveland Guardians,142,Minnesota Twins,2,1,0
745955,2024-08-10,2024,113,Cincinnati Reds,158,Milwaukee Brewers,0,1,1
746026,2024-08-10,2024,135,San Diego Padres,146,Miami Marlins,9,8,0
746112,2024-08-10,2024,134,Pittsburgh Pirates,119,Los Angeles Dodgers,1,4,1
746269,2024-08-10,2024,138,St. Louis Cardinals,118,Kansas City Royals,3,8,1
746520,2024-08-10,2024,144,Atlanta Braves,115,Colorado Rockies,11,8,0
746761,2024-08-10,2024,112,Chicago Cubs,145,Chicago White Sox,3,1,0
746922,2024-08-10,2024,117,Houston Astros,111,Boston Red Sox,5,4,0
747164,2024-08-10,2024,143,Philadelphia Phillies,109,Arizona Diamondbacks,1,11,1
744816,2024-08-11,2024,108,Los Angeles Angels,120,Washington Nationals,6,4,0
744895,2024-08-11,2024,133,Oakland Athletics,141,Toronto Blue Jays,8,4,0
745057,2024-08-11,2024,110,Baltimore Orioles,139,Tampa Bay Rays,1,2,1
745216,2024-08-11,2024,121,New York Mets,136,Seattle Mariners,1,12,1
745303,2024-08-11,2024,116,Detroit Tigers,137,San Francisco Giants,5,4,0
745711,2024-08-11,2024,140,Texas Rangers,147,New York Yankees,7,8,1
745872,2024-08-11,2024,114,Cleveland Guardians,142,Minnesota Twins,5,3,0
745956,2024-08-11,2024,113,Cincinnati Reds,158,Milwaukee Brewers,4,3,0
746025,2024-08-11,2024,135,San Diego Padres,146,Miami Marlins,6,7,1
746114,2024-08-11,2024,134,Pittsburgh Pirates,119,Los Angeles Dodgers,5,6,1
746517,2024-08-11,2024,144,Atlanta Braves,115,Colorado Rockies,8,9,1
746923,2024-08-11,2024,117,Houston Astros,111,Boston Red Sox,10,2,0
747166,2024-08-11,2024,143,Philadelphia Phillies,109,Arizona Diamondbacks,5,12,1
745058,2024-08-12,2024,117,Houston Astros,139,Tampa Bay Rays,6,1,0
745300,2024-08-12,2024,144,Atlanta Braves,137,San Francisco Giants,1,0,0
745383,2024-08-12,2024,134,Pittsburgh Pirates,135,San Diego Padres,1,2,1
745874,2024-08-12,2024,118,Kansas City Royals,142,Minnesota Twins,3,8,1
745953,2024-08-12,2024,119,Los Angeles Dodgers,158,Milwaukee Brewers,5,2,0
746192,2024-08-12,2024,141,Toronto Blue Jays,108,Los Angeles Angels,4,2,0
746603,2024-08-12,2024,112,Chicago Cubs,114,Cleveland Guardians,8,9,1
746682,2024-08-12,2024,138,St. Louis Cardinals,113,Cincinnati Reds,1,6,1
746762,2024-08-12,2024,147,New York Yankees,145,Chicago White Sox,2,12,1
746921,2024-08-12,2024,140,Texas Rangers,111,Boston Red Sox,4,5,1
747165,2024-08-12,2024,115,Colorado Rockies,109,Arizona Diamondbacks,4,5,1
745055,2024-08-13,2024,117,Houston Astros,139,Tampa Bay Rays,3,2,0
745302,2024-08-13,2024,144,Atlanta Braves,137,San Francisco Giants,4,3,0
745382,2024-08-13,2024,134,Pittsburgh Pirates,135,San Diego Padres,0,3,1
745548,2024-08-13,2024,146,Miami Marlins,143,Philadelphia Phillies,5,0,0
745788,2024-08-13,2024,133,Oakland Athletics,121,New York Mets,9,4,0
745867,2024-08-13,2024,118,Kansas City Royals,142,Minnesota Twins,3,13,1
745954,2024-08-13,2024,119,Los Angeles Dodgers,158,Milwaukee Brewers,7,2,0
746187,2024-08-13,2024,141,Toronto Blue Jays,108,Los Angeles Angels,6,1,0
746435,2024-08-13,2024,136,Seattle Mariners,116,Detroit Tigers,1,15,1
746601,2024-08-13,2024,112,Chicago Cubs,114,Cleveland Guardians,1,2,1
746673,2024-08-13,2024,138,St. Louis Cardinals,113,Cincinnati Reds,1,4,1
746757,2024-08-13,2024,147,New York Yankees,145,Chicago White Sox,4,1,0
746924,2024-08-13,2024,140,Texas Rangers,111,Boston Red Sox,4,9,1
747004,2024-08-13,2024,120,Washington Nationals,110,Baltimore Orioles,9,3,0
747160,2024-08-13,2024,115,Colorado Rockies,109,Arizona Diamondbacks,3,4,1
745053,2024-08-14,2024,117,Houston Astros,139,Tampa Bay Rays,2,1,0
745301,2024-08-14,2024,144,Atlanta Braves,137,San Francisco Giants,13,2,0
745381,2024-08-14,2024,134,Pittsburgh Pirates,135,San Diego Padres,2,8,1
745544,2024-08-14,2024,146,Miami Marlins,143,Philadelphia Phillies,5,9,1
745790,2024-08-14,2024,133,Oakland Athletics,121,New York Mets,1,9,1
745869,2024-08-14,2024,118,Kansas City Royals,142,Minnesota Twins,4,1,0
745951,2024-08-14,2024,119,Los Angeles Dodgers,158,Milwaukee Brewers,4,5,1
746188,2024-08-14,2024,141,Toronto Blue Jays,108,Los Angeles Angels,9,2,0
746436,2024-08-14,2024,136,Seattle Mariners,116,Detroit Tigers,2,3,1
746598,2024-08-14,2024,112,Chicago Cubs,114,Cleveland Guardians,1,6,1
746677,2024-08-14,2024,138,St. Louis Cardinals,113,Cincinnati Reds,2,9,1
746759,2024-08-14,2024,147,New York Yankees,145,Chicago White Sox,10,2,0
746919,2024-08-14,2024,140,Texas Rangers,111,Boston Red Sox,9,7,0
747000,2024-08-14,2024,120,Washington Nationals,110,Baltimore Orioles,1,4,1
747163,2024-08-14,2024,115,Colorado Rockies,109,Arizona Diamondbacks,4,11,1
744980,2024-08-15,2024,142,Minnesota Twins,140,Texas Rangers,3,2,0
745298,2024-08-15,2024,144,Atlanta Braves,137,San Francisco Giants,0,6,1
745545,2024-08-15,2024,120,Washington Nationals,143,Philadelphia Phillies,3,13,1
745783,2024-08-15,2024,133,Oakland Athletics,121,New York Mets,7,6,0
745950,2024-08-15,2024,119,Los Angeles Dodgers,158,Milwaukee Brewers,4,6,1
746437,2024-08-15,2024,136,Seattle Mariners,116,Detroit Tigers,1,2,1
747002,2024-08-15,2024,111,Boston Red Sox,110,Baltimore Orioles,1,5,1
744974,2024-08-16,2024,142,Minnesota Twins,140,Texas Rangers,4,3,0
745054,2024-08-16,2024,109,Arizona Diamondbacks,139,Tampa Bay Rays,4,5,1
745144,2024-08-16,2024,119,Los Angeles Dodgers,138,St. Louis Cardinals,7,6,0
745462,2024-08-16,2024,136,Seattle Mariners,134,Pittsburgh Pirates,3,5,1
745542,2024-08-16,2024,120,Washington Nationals,143,Philadelphia Phillies,2,3,1
745784,2024-08-16,2024,146,Miami Marlins,121,New York Mets,3,7,1
745949,2024-08-16,2024,114,Cleveland Guardians,158,Milwaukee Brewers,3,5,1
746189,2024-08-16,2024,144,Atlanta Braves,108,Los Angeles Angels,2,3,1
746357,2024-08-16,2024,145,Chicago White Sox,117,Houston Astros,5,4,0
746438,2024-08-16,2024,147,New York Yankees,116,Detroit Tigers,3,0,0
746518,2024-08-16,2024,135,San Diego Padres,115,Colorado Rockies,3,7,1
746674,2024-08-16,2024,118,Kansas City Royals,113,Cincinnati Reds,7,1,0
746843,2024-08-16,2024,141,Toronto Blue Jays,112,Chicago Cubs,5,6,1
747001,2024-08-16,2024,111,Boston Red Sox,110,Baltimore Orioles,12,10,0
744977,2024-08-17,2024,142,Minnesota Twins,140,Texas Rangers,5,2,0
745049,2024-08-17,2024,109,Arizona Diamondbacks,139,Tampa Bay Rays,1,6,1
745140,2024-08-17,2024,119,Los Angeles Dodgers,138,St. Louis Cardinals,2,5,1
745463,2024-08-17,2024,136,Seattle Mariners,134,Pittsburgh Pirates,2,7,1
745537,2024-08-17,2024,120,Washington Nationals,143,Philadelphia Phillies,1,5,1
745626,2024-08-17,2024,137,San Francisco Giants,133,Oakland Athletics,0,2,1
745785,2024-08-17,2024,146,Miami Marlins,121,New York Mets,0,4,1
745952,2024-08-17,2024,114,Cleveland Guardians,158,Milwaukee Brewers,1,2,1
746190,2024-08-17,2024,144,Atlanta Braves,108,Los Angeles Angels,11,3,0
746355,2024-08-17,2024,145,Chicago White Sox,117,Houston Astros,1,6,1
746434,2024-08-17,2024,147,New York Yankees,116,Detroit Tigers,0,4,1
746515,2024-08-17,2024,135,San Diego Padres,115,Colorado Rockies,8,3,0
746675,2024-08-17,2024,118,Kansas City Royals,113,Cincinnati Reds,13,1,0
746841,2024-08-17,2024,141,Toronto Blue Jays,112,Chicago Cubs,2,3,1
746997,2024-08-17,2024,111,Boston Red Sox,110,Baltimore Orioles,5,1,0
744975,2024-08-18,2024,142,Minnesota Twins,140,Texas Rangers,5,6,1
745051,2024-08-18,2024,109,Arizona Diamondbacks,139,Tampa Bay Rays,7,8,1
745139,2024-08-18,2024,119,Los Angeles Dodgers,138,St. Louis Cardinals,2,1,0
745464,2024-08-18,2024,136,Seattle Mariners,134,Pittsburgh Pirates,10,3,0
745539,2024-08-18,2024,120,Washington Nationals,143,Philadelphia Phillies,6,4,0
745621,2024-08-18,2024,137,San Francisco Giants,133,Oakland Athletics,4,2,0
745786,2024-08-18,2024,146,Miami Marlins,121,New York Mets,3,2,0
745948,2024-08-18,2024,114,Cleveland Guardians,158,Milwaukee Brewers,0,2,1
746186,2024-08-18,2024,144,Atlanta Braves,108,Los Angeles Angels,3,1,0
746359,2024-08-18,2024,145,Chicago White Sox,117,Houston Astros,0,2,1
746431,2024-08-18,2024,147,New York Yankees,116,Detroit Tigers,2,3,1
746516,2024-08-18,2024,135,San Diego Padres,115,Colorado Rockies,2,3,1
746676,2024-08-18,2024,118,Kansas City Royals,113,Cincinnati Reds,8,1,0
746838,2024-08-18,2024,141,Toronto Blue Jays,112,Chicago Cubs,1,0,0
746999,2024-08-18,2024,111,Boston Red Sox,110,Baltimore Orioles,2,4,1
744898,2024-08-19,2024,113,Cincinnati Reds,141,Toronto Blue Jays,6,3,0
744976,2024-08-19,2024,134,Pittsburgh Pirates,140,Texas Rangers,3,4,1
745294,2024-08-19,2024,145,Chicago White Sox,137,San Francisco Giants,3,5,1
745380,2024-08-19,2024,142,Minnesota Twins,135,San Diego Padres,3,5,1
745620,2024-08-19,2024,139,Tampa Bay Rays,133,Oakland Athletics,0,3,1
745780,2024-08-19,2024,110,Baltimore Orioles,121,New York Mets,3,4,1
746027,2024-08-19,2024,109,Arizona Diamondbacks,146,Miami Marlins,9,6,0
746109,2024-08-19,2024,136,Seattle Mariners,119,Los Angeles Dodgers,0,3,1
746270,2024-08-19,2024,108,Los Angeles Angels,118,Kansas City Royals,3,5,1
746351,2024-08-19,2024,111,Boston Red Sox,117,Houston Astros,4,5,1
744814,2024-08-20,2024,115,Colorado Rockies,120,Washington Nationals,3,1,0
744896,2024-08-20,2024,113,Cincinnati Reds,141,Toronto Blue Jays,3,10,1
744978,2024-08-20,2024,134,Pittsburgh Pirates,140,Texas Rangers,4,0,0
745136,2024-08-20,2024,158,Milwaukee Brewers,138,St. Louis Cardinals,3,2,0
745295,2024-08-20,2024,145,Chicago White Sox,137,San Francisco Giants,1,4,1
745374,2024-08-20,2024,142,Minnesota Twins,135,San Diego Padres,5,7,1
745624,2024-08-20,2024,139,Tampa Bay Rays,133,Oakland Athletics,1,0,0
745707,2024-08-20,2024,114,Cleveland Guardians,147,New York Yankees,9,5,0
745782,2024-08-20,2024,110,Baltimore Orioles,121,New York Mets,9,5,0
746029,2024-08-20,2024,109,Arizona Diamondbacks,146,Miami Marlins,3,1,0
746107,2024-08-20,2024,136,Seattle Mariners,119,Los Angeles Dodgers,3,6,1
746266,2024-08-20,2024,108,Los Angeles Angels,118,Kansas City Royals,9,5,0
746349,2024-08-20,2024,111,Boston Red Sox,117,Houston Astros,6,5,0
746839,2024-08-20,2024,116,Detroit Tigers,112,Chicago Cubs,1,3,1
747083,2024-08-20,2024,143,Philadelphia Phillies,144,Atlanta Braves,1,3,1
744812,2024-08-21,2024,115,Colorado Rockies,120,Washington Nationals,1,6,1
744893,2024-08-21,2024,113,Cincinnati Reds,141,Toronto Blue Jays,11,7,0
744973,2024-08-21,2024,134,Pittsburgh Pirates,140,Texas Rangers,0,1,1
745138,2024-08-21,2024,158,Milwaukee Brewers,138,St. Louis Cardinals,6,10,1
745297,2024-08-21,2024,145,Chicago White Sox,137,San Francisco Giants,6,2,0
745375,2024-08-21,2024,142,Minnesota Twins,135,San Diego Padres,11,4,0
745622,2024-08-21,2024,139,Tampa Bay Rays,133,Oakland Athletics,4,2,0
745704,2024-08-21,2024,114,Cleveland Guardians,147,New York Yankees,1,8,1
745781,2024-08-21,2024,110,Baltimore Orioles,121,New York Mets,3,4,1
746028,2024-08-21,2024,109,Arizona Diamondbacks,146,Miami Marlins,10,8,0
746110,2024-08-21,2024,136,Seattle Mariners,119,Los Angeles Dodgers,4,8,1
746267,2024-08-21,2024,108,Los Angeles Angels,118,Kansas City Royals,0,3,1
746350,2024-08-21,2024,111,Boston Red Sox,117,Houston Astros,4,1,0
746837,2024-08-21,2024,116,Detroit Tigers,112,Chicago Cubs,8,2,0
747084,2024-08-21,2024,143,Philadelphia Phillies,144,Atlanta Braves,3,2,0
744815,2024-08-22,2024,115,Colorado Rockies,120,Washington Nationals,3,8,1
744894,2024-08-22,2024,108,Los Angeles Angels,141,Toronto Blue Jays,3,5,1
745137,2024-08-22,2024,158,Milwaukee Brewers,138,St. Louis Cardinals,0,3,1
745379,2024-08-22,2024,121,New York Mets,135,San Diego Padres,8,3,0
745465,2024-08-22,2024,113,Cincinnati Reds,134,Pittsburgh Pirates,0,7,1
745623,2024-08-22,2024,139,Tampa Bay Rays,133,Oakland Athletics,1,3,1
745705,2024-08-22,2024,114,Cleveland Guardians,147,New York Yankees,0,6,1
746836,2024-08-22,2024,116,Detroit Tigers,112,Chicago Cubs,2,10,1
746998,2024-08-22,2024,117,Houston Astros,110,Baltimore Orioles,6,0,0
747082,2024-08-22,2024,143,Philadelphia Phillies,144,Atlanta Braves,2,3,1
744889,2024-08-23,2024,108,Los Angeles Angels,141,Toronto Blue Jays,4,5,1
745217,2024-08-23,2024,137,San Francisco Giants,136,Seattle Mariners,5,6,1
745378,2024-08-23,2024,121,New York Mets,135,San Diego Padres,0,7,1
745460,2024-08-23,2024,113,Cincinnati Reds,134,Pittsburgh Pirates,5,6,1
745625,2024-08-23,2024,158,Milwaukee Brewers,133,Oakland Athletics,11,3,0
745702,2024-08-23,2024,115,Colorado Rockies,147,New York Yankees,0,3,1
745870,2024-08-23,2024,138,St. Louis Cardinals,142,Minnesota Twins,6,1,0
746024,2024-08-23,2024,112,Chicago Cubs,146,Miami Marlins,6,3,0
746111,2024-08-23,2024,139,Tampa Bay Rays,119,Los Angeles Dodgers,3,7,1
746268,2024-08-23,2024,143,Philadelphia Phillies,118,Kansas City Royals,4,7,1
746597,2024-08-23,2024,140,Texas Rangers,114,Cleveland Guardians,5,3,0
746758,2024-08-23,2024,116,Detroit Tigers,145,Chicago White Sox,5,2,0
746920,2024-08-23,2024,109,Arizona Diamondbacks,111,Boston Red Sox,12,2,0
746995,2024-08-23,2024,117,Houston Astros,110,Baltimore Orioles,5,7,1
747080,2024-08-23,2024,120,Washington Nationals,144,Atlanta Braves,2,3,1
744890,2024-08-24,2024,108,Los Angeles Angels,141,Toronto Blue Jays,1,3,1
745218,2024-08-24,2024,137,San Francisco Giants,136,Seattle Mariners,4,3,0
745377,2024-08-24,2024,121,New York Mets,135,San Diego Padres,7,1,0
745457,2024-08-24,2024,113,Cincinnati Reds,134,Pittsburgh Pirates,10,2,0
745617,2024-08-24,2024,158,Milwaukee Brewers,133,Oakland Athletics,9,5,0
745703,2024-08-24,2024,115,Colorado Rockies,147,New York Yankees,9,2,0
745868,2024-08-24,2024,138,St. Louis Cardinals,142,Minnesota Twins,0,6,1
746022,2024-08-24,2024,112,Chicago Cubs,146,Miami Marlins,14,2,0
746108,2024-08-24,2024,139,Tampa Bay Rays,119,Los Angeles Dodgers,9,8,0
746271,2024-08-24,2024,143,Philadelphia Phillies,118,Kansas City Royals,11,2,0
746599,2024-08-24,2024,140,Texas Rangers,114,Cleveland Guardians,5,13,1
746756,2024-08-24,2024,116,Detroit Tigers,145,Chicago White Sox,13,4,0
746917,2024-08-24,2024,109,Arizona Diamondbacks,111,Boston Red Sox,4,1,0
746996,2024-08-24,2024,117,Houston Astros,110,Baltimore Orioles,2,3,1
747077,2024-08-24,2024,120,Washington Nationals,144,Atlanta Braves,2,4,1
744892,2024-08-25,2024,108,Los Angeles Angels,141,Toronto Blue Jays,2,8,1
745212,2024-08-25,2024,137,San Francisco Giants,136,Seattle Mariners,3,4,1
745376,2024-08-25,2024,121,New York Mets,135,San Diego Padres,2,3,1
745459,2024-08-25,2024,113,Cincinnati Reds,134,Pittsburgh Pirates,3,4,1
745618,2024-08-25,2024,158,Milwaukee Brewers,133,Oakland Athletics,3,4,1
745706,2024-08-25,2024,115,Colorado Rockies,147,New York Yankees,3,10,1
745863,2024-08-25,2024,138,St. Louis Cardinals,142,Minnesota Twins,3,2,0
746023,2024-08-25,2024,112,Chicago Cubs,146,Miami Marlins,2,7,1
746106,2024-08-25,2024,139,Tampa Bay Rays,119,Los Angeles Dodgers,1,3,1
746263,2024-08-25,2024,143,Philadelphia Phillies,118,Kansas City Royals,11,3,0
746595,2024-08-25,2024,140,Texas Rangers,114,Cleveland Guardians,2,4,1
746754,2024-08-25,2024,116,Detroit Tigers,145,Chicago White Sox,9,4,0
746918,2024-08-25,2024,109,Arizona Diamondbacks,111,Boston Red Sox,7,5,0
746994,2024-08-25,2024,117,Houston Astros,110,Baltimore Orioles,6,3,0
747078,2024-08-25,2024,120,Washington Nationals,144,Atlanta Braves,5,1,0
744813,2024-08-26,2024,147,New York Yankees,120,Washington Nationals,5,2,0
745133,2024-08-26,2024,135,San Diego Padres,138,St. Louis Cardinals,7,4,0
745215,2024-08-26,2024,139,Tampa Bay Rays,136,Seattle Mariners,1,5,1
745458,2024-08-26,2024,112,Chicago Cubs,134,Pittsburgh Pirates,18,8,0
745538,2024-08-26,2024,117,Houston Astros,143,Philadelphia Phillies,2,3,1
745865,2024-08-26,2024,144,Atlanta Braves,142,Minnesota Twins,10,6,0
746513,2024-08-26,2024,146,Miami Marlins,115,Colorado Rockies,2,3,1
746596,2024-08-26,2024,118,Kansas City Royals,114,Cleveland Guardians,9,4,0
746628,2024-08-26,2024,118,Kansas City Royals,114,Cleveland Guardians,4,3,0
746753,2024-08-26,2024,116,Detroit Tigers,145,Chicago White Sox,6,3,0
746915,2024-08-26,2024,141,Toronto Blue Jays,111,Boston Red Sox,7,3,0
744811,2024-08-27,2024,147,New York Yankees,120,Washington Nationals,2,4,1
745132,2024-08-27,2024,135,San Diego Padres,138,St. Louis Cardinals,7,5,0
745213,2024-08-27,2024,139,Tampa Bay Rays,136,Seattle Mariners,3,2,0
745461,2024-08-27,2024,112,Chicago Cubs,134,Pittsburgh Pirates,9,5,0
745540,2024-08-27,2024,117,Houston Astros,143,Philadelphia Phillies,0,5,1
745864,2024-08-27,2024,144,Atlanta Braves,142,Minnesota Twins,8,6,0
745946,2024-08-27,2024,137,San Francisco Giants,158,Milwaukee Brewers,5,4,0
746105,2024-08-27,2024,110,Baltimore Orioles,119,Los Angeles Dodgers,3,2,0
746429,2024-08-27,2024,108,Los Angeles Angels,116,Detroit Tigers,2,6,1
746510,2024-08-27,2024,146,Miami Marlins,115,Colorado Rockies,9,8,0
746594,2024-08-27,2024,118,Kansas City Royals,114,Cleveland Guardians,6,1,0
746671,2024-08-27,2024,133,Oakland Athletics,113,Cincinnati Reds,5,4,0
746755,2024-08-27,2024,140,Texas Rangers,145,Chicago White Sox,3,1,0
746755,2024-08-27,2024,140,Texas Rangers,145,Chicago White Sox,3,1,0
746916,2024-08-27,2024,141,Toronto Blue Jays,111,Boston Red Sox,3,6,1
747162,2024-08-27,2024,121,New York Mets,109,Arizona Diamondbacks,8,3,0
744809,2024-08-28,2024,147,New York Yankees,120,Washington Nationals,2,5,1
745134,2024-08-28,2024,135,San Diego Padres,138,St. Louis Cardinals,3,4,1
745211,2024-08-28,2024,139,Tampa Bay Rays,136,Seattle Mariners,2,6,1
745452,2024-08-28,2024,112,Chicago Cubs,134,Pittsburgh Pirates,14,10,0
745541,2024-08-28,2024,117,Houston Astros,143,Philadelphia Phillies,10,0,0
745866,2024-08-28,2024,144,Atlanta Braves,142,Minnesota Twins,5,1,0
745943,2024-08-28,2024,137,San Francisco Giants,158,Milwaukee Brewers,3,5,1
746103,2024-08-28,2024,110,Baltimore Orioles,119,Los Angeles Dodgers,4,6,1
746430,2024-08-28,2024,108,Los Angeles Angels,116,Detroit Tigers,2,3,1
746512,2024-08-28,2024,146,Miami Marlins,115,Colorado Rockies,2,8,1
746589,2024-08-28,2024,118,Kansas City Royals,114,Cleveland Guardians,5,7,1
746672,2024-08-28,2024,133,Oakland Athletics,113,Cincinnati Reds,9,6,0
746752,2024-08-28,2024,140,Texas Rangers,145,Chicago White Sox,4,3,0
746913,2024-08-28,2024,141,Toronto Blue Jays,111,Boston Red Sox,0,3,1
747161,2024-08-28,2024,121,New York Mets,109,Arizona Diamondbacks,5,8,1
745135,2024-08-29,2024,135,San Diego Padres,138,St. Louis Cardinals,1,4,1
745531,2024-08-29,2024,144,Atlanta Braves,143,Philadelphia Phillies,4,5,1
745945,2024-08-29,2024,137,San Francisco Giants,158,Milwaukee Brewers,0,6,1
746102,2024-08-29,2024,110,Baltimore Orioles,119,Los Angeles Dodgers,3,6,1
746352,2024-08-29,2024,118,Kansas City Royals,117,Houston Astros,3,6,1
746432,2024-08-29,2024,108,Los Angeles Angels,116,Detroit Tigers,3,0,0
746514,2024-08-29,2024,146,Miami Marlins,115,Colorado Rockies,12,8,0
746670,2024-08-29,2024,133,Oakland Athletics,113,Cincinnati Reds,9,10,1
746748,2024-08-29,2024,140,Texas Rangers,145,Chicago White Sox,2,1,0
746914,2024-08-29,2024,141,Toronto Blue Jays,111,Boston Red Sox,2,0,0
747159,2024-08-29,2024,121,New York Mets,109,Arizona Diamondbacks,3,2,0
744810,2024-08-30,2024,112,Chicago Cubs,120,Washington Nationals,7,6,0
744969,2024-08-30,2024,133,Oakland Athletics,140,Texas Rangers,9,2,0
745052,2024-08-30,2024,135,San Diego Padres,139,Tampa Bay Rays,13,5,0
745299,2024-08-30,2024,146,Miami Marlins,137,San Francisco Giants,1,3,1
745533,2024-08-30,2024,144,Atlanta Braves,143,Philadelphia Phillies,7,2,0
745700,2024-08-30,2024,138,St. Louis Cardinals,147,New York Yankees,3,6,1
745862,2024-08-30,2024,141,Toronto Blue Jays,142,Minnesota Twins,0,2,1
746184,2024-08-30,2024,136,Seattle Mariners,108,Los Angeles Angels,9,5,0
746353,2024-08-30,2024,118,Kansas City Royals,117,Houston Astros,2,3,1
746433,2024-08-30,2024,111,Boston Red Sox,116,Detroit Tigers,7,5,0
746511,2024-08-30,2024,110,Baltimore Orioles,115,Colorado Rockies,5,3,0
746593,2024-08-30,2024,134,Pittsburgh Pirates,114,Cleveland Guardians,8,10,1
746665,2024-08-30,2024,158,Milwaukee Brewers,113,Cincinnati Reds,14,0,0
746730,2024-08-30,2024,158,Milwaukee Brewers,113,Cincinnati Reds,5,4,0
746749,2024-08-30,2024,121,New York Mets,145,Chicago White Sox,5,1,0
747156,2024-08-30,2024,119,Los Angeles Dodgers,109,Arizona Diamondbacks,10,9,0
744808,2024-08-31,2024,112,Chicago Cubs,120,Washington Nationals,5,3,0
744971,2024-08-31,2024,133,Oakland Athletics,140,Texas Rangers,2,3,1
745050,2024-08-31,2024,135,San Diego Padres,139,Tampa Bay Rays,4,11,1
745296,2024-08-31,2024,146,Miami Marlins,137,San Francisco Giants,4,3,0
745532,2024-08-31,2024,144,Atlanta Braves,143,Philadelphia Phillies,0,3,1
745699,2024-08-31,2024,138,St. Louis Cardinals,147,New York Yankees,6,5,0
745859,2024-08-31,2024,141,Toronto Blue Jays,142,Minnesota Twins,15,0,0
746182,2024-08-31,2024,136,Seattle Mariners,108,Los Angeles Angels,4,5,1
746348,2024-08-31,2024,118,Kansas City Royals,117,Houston Astros,2,5,1
746424,2024-08-31,2024,111,Boston Red Sox,116,Detroit Tigers,1,2,1
746507,2024-08-31,2024,110,Baltimore Orioles,115,Colorado Rockies,5,7,1
746590,2024-08-31,2024,134,Pittsburgh Pirates,114,Cleveland Guardians,3,0,0
746667,2024-08-31,2024,158,Milwaukee Brewers,113,Cincinnati Reds,5,4,0
746751,2024-08-31,2024,121,New York Mets,145,Chicago White Sox,5,3,0
747158,2024-08-31,2024,119,Los Angeles Dodgers,109,Arizona Diamondbacks,8,6,0
744806,2024-09-01,2024,112,Chicago Cubs,120,Washington Nationals,14,1,0
744970,2024-09-01,2024,133,Oakland Athletics,140,Texas Rangers,4,6,1
745048,2024-09-01,2024,135,San Diego Padres,139,Tampa Bay Rays,4,3,0
745292,2024-09-01,2024,146,Miami Marlins,137,San Francisco Giants,7,5,0
745536,2024-09-01,2024,144,Atlanta Braves,143,Philadelphia Phillies,2,3,1
745701,2024-09-01,2024,138,St. Louis Cardinals,147,New York Yankees,14,7,0
745861,2024-09-01,2024,141,Toronto Blue Jays,142,Minnesota Twins,3,4,1
746183,2024-09-01,2024,136,Seattle Mariners,108,Los Angeles Angels,2,3,1
746347,2024-09-01,2024,118,Kansas City Royals,117,Houston Astros,2,7,1
746426,2024-09-01,2024,111,Boston Red Sox,116,Detroit Tigers,1,4,1
746505,2024-09-01,2024,110,Baltimore Orioles,115,Colorado Rockies,6,1,0
746592,2024-09-01,2024,134,Pittsburgh Pirates,114,Cleveland Guardians,1,6,1
746669,2024-09-01,2024,158,Milwaukee Brewers,113,Cincinnati Reds,3,4,1
746750,2024-09-01,2024,121,New York Mets,145,Chicago White Sox,2,0,0
747157,2024-09-01,2024,119,Los Angeles Dodgers,109,Arizona Diamondbacks,3,14,1
744972,2024-09-02,2024,147,New York Yankees,140,Texas Rangers,8,4,0
745046,2024-09-02,2024,142,Minnesota Twins,139,Tampa Bay Rays,5,4,0
745373,2024-09-02,2024,116,Detroit Tigers,135,San Diego Padres,0,3,1
745619,2024-09-02,2024,136,Seattle Mariners,133,Oakland Athletics,4,5,1
745779,2024-09-02,2024,111,Boston Red Sox,121,New York Mets,1,4,1
745947,2024-09-02,2024,138,St. Louis Cardinals,158,Milwaukee Brewers,3,9,1
746265,2024-09-02,2024,114,Cleveland Guardians,118,Kansas City Royals,4,2,0
746668,2024-09-02,2024,117,Houston Astros,113,Cincinnati Reds,3,5,1
746833,2024-09-02,2024,134,Pittsburgh Pirates,112,Chicago Cubs,5,3,0
746992,2024-09-02,2024,145,Chicago White Sox,110,Baltimore Orioles,3,13,1
747155,2024-09-02,2024,119,Los Angeles Dodgers,109,Arizona Diamondbacks,11,6,0
744891,2024-09-03,2024,143,Philadelphia Phillies,141,Toronto Blue Jays,10,9,0
744968,2024-09-03,2024,147,New York Yankees,140,Texas Rangers,4,7,1
745047,2024-09-03,2024,142,Minnesota Twins,139,Tampa Bay Rays,1,2,1
745293,2024-09-03,2024,109,Arizona Diamondbacks,137,San Francisco Giants,8,7,0
745615,2024-09-03,2024,136,Seattle Mariners,133,Oakland Athletics,2,3,1
745778,2024-09-03,2024,111,Boston Red Sox,121,New York Mets,2,7,1
745944,2024-09-03,2024,138,St. Louis Cardinals,158,Milwaukee Brewers,7,4,0
746020,2024-09-03,2024,120,Washington Nationals,146,Miami Marlins,6,2,0
746185,2024-09-03,2024,119,Los Angeles Dodgers,108,Los Angeles Angels,6,2,0
746264,2024-09-03,2024,114,Cleveland Guardians,118,Kansas City Royals,7,1,0
746834,2024-09-03,2024,134,Pittsburgh Pirates,112,Chicago Cubs,5,0,0
746991,2024-09-03,2024,145,Chicago White Sox,110,Baltimore Orioles,0,9,1
747079,2024-09-03,2024,115,Colorado Rockies,144,Atlanta Braves,0,3,1
744887,2024-09-04,2024,143,Philadelphia Phillies,141,Toronto Blue Jays,4,2,0
744964,2024-09-04,2024,147,New York Yankees,140,Texas Rangers,6,10,1
745045,2024-09-04,2024,142,Minnesota Twins,139,Tampa Bay Rays,4,9,1
745290,2024-09-04,2024,109,Arizona Diamondbacks,137,San Francisco Giants,6,4,0
745370,2024-09-04,2024,116,Detroit Tigers,135,San Diego Padres,5,6,1
745614,2024-09-04,2024,136,Seattle Mariners,133,Oakland Athletics,16,3,0
745776,2024-09-04,2024,111,Boston Red Sox,121,New York Mets,3,8,1
745938,2024-09-04,2024,138,St. Louis Cardinals,158,Milwaukee Brewers,3,2,0
746019,2024-09-04,2024,120,Washington Nationals,146,Miami Marlins,3,4,1
746178,2024-09-04,2024,119,Los Angeles Dodgers,108,Los Angeles Angels,1,10,1
746262,2024-09-04,2024,114,Cleveland Guardians,118,Kansas City Royals,1,4,1
746666,2024-09-04,2024,117,Houston Astros,113,Cincinnati Reds,5,12,1
746835,2024-09-04,2024,134,Pittsburgh Pirates,112,Chicago Cubs,0,12,1
746990,2024-09-04,2024,145,Chicago White Sox,110,Baltimore Orioles,8,1,0
747075,2024-09-04,2024,115,Colorado Rockies,144,Atlanta Braves,2,5,1
744966,2024-09-05,2024,108,Los Angeles Angels,140,Texas Rangers,1,3,1
745042,2024-09-05,2024,142,Minnesota Twins,139,Tampa Bay Rays,4,3,0
745289,2024-09-05,2024,109,Arizona Diamondbacks,137,San Francisco Giants,2,3,1
745369,2024-09-05,2024,116,Detroit Tigers,135,San Diego Padres,4,3,0
745451,2024-09-05,2024,120,Washington Nationals,134,Pittsburgh Pirates,4,9,1
745612,2024-09-05,2024,136,Seattle Mariners,133,Oakland Athletics,6,4,0
746021,2024-09-05,2024,143,Philadelphia Phillies,146,Miami Marlins,5,2,0
746664,2024-09-05,2024,117,Houston Astros,113,Cincinnati Reds,0,1,1
747073,2024-09-05,2024,115,Colorado Rockies,144,Atlanta Braves,3,1,0
744967,2024-09-06,2024,108,Los Angeles Angels,140,Texas Rangers,5,1,0
745131,2024-09-06,2024,136,Seattle Mariners,138,St. Louis Cardinals,6,1,0
745371,2024-09-06,2024,137,San Francisco Giants,135,San Diego Padres,1,5,1
745611,2024-09-06,2024,116,Detroit Tigers,133,Oakland Athletics,6,7,1
745777,2024-09-06,2024,113,Cincinnati Reds,121,New York Mets,4,6,1
745941,2024-09-06,2024,115,Colorado Rockies,158,Milwaukee Brewers,3,2,0
746016,2024-09-06,2024,143,Philadelphia Phillies,146,Miami Marlins,16,2,0
746104,2024-09-06,2024,114,Cleveland Guardians,119,Los Angeles Dodgers,3,1,0
746257,2024-09-06,2024,142,Minnesota Twins,118,Kansas City Royals,0,5,1
746343,2024-09-06,2024,109,Arizona Diamondbacks,117,Houston Astros,0,8,1
746832,2024-09-06,2024,147,New York Yankees,112,Chicago Cubs,3,0,0
746912,2024-09-06,2024,145,Chicago White Sox,111,Boston Red Sox,1,3,1
746993,2024-09-06,2024,139,Tampa Bay Rays,110,Baltimore Orioles,0,2,1
747074,2024-09-06,2024,141,Toronto Blue Jays,144,Atlanta Braves,1,3,1
744963,2024-09-07,2024,108,Los Angeles Angels,140,Texas Rangers,4,6,1
745125,2024-09-07,2024,136,Seattle Mariners,138,St. Louis Cardinals,0,2,1
745372,2024-09-07,2024,137,San Francisco Giants,135,San Diego Padres,6,3,0
745455,2024-09-07,2024,120,Washington Nationals,134,Pittsburgh Pirates,5,3,0
745456,2024-09-07,2024,120,Washington Nationals,134,Pittsburgh Pirates,8,6,0
745613,2024-09-07,2024,116,Detroit Tigers,133,Oakland Athletics,2,1,0
745775,2024-09-07,2024,113,Cincinnati Reds,121,New York Mets,0,4,1
745942,2024-09-07,2024,115,Colorado Rockies,158,Milwaukee Brewers,2,5,1
746018,2024-09-07,2024,143,Philadelphia Phillies,146,Miami Marlins,5,9,1
746099,2024-09-07,2024,114,Cleveland Guardians,119,Los Angeles Dodgers,2,7,1
746259,2024-09-07,2024,142,Minnesota Twins,118,Kansas City Royals,2,4,1
746344,2024-09-07,2024,109,Arizona Diamondbacks,117,Houston Astros,5,11,1
746829,2024-09-07,2024,147,New York Yankees,112,Chicago Cubs,2,0,0
746911,2024-09-07,2024,145,Chicago White Sox,111,Boston Red Sox,5,7,1
746986,2024-09-07,2024,139,Tampa Bay Rays,110,Baltimore Orioles,7,1,0
747076,2024-09-07,2024,141,Toronto Blue Jays,144,Atlanta Braves,9,5,0
744965,2024-09-08,2024,108,Los Angeles Angels,140,Texas Rangers,4,7,1
745128,2024-09-08,2024,136,Seattle Mariners,138,St. Louis Cardinals,10,4,0
745368,2024-09-08,2024,137,San Francisco Giants,135,San Diego Padres,7,6,0
745453,2024-09-08,2024,120,Washington Nationals,134,Pittsburgh Pirates,3,7,1
745616,2024-09-08,2024,116,Detroit Tigers,133,Oakland Athletics,9,1,0
745774,2024-09-08,2024,113,Cincinnati Reds,121,New York Mets,3,1,0
745940,2024-09-08,2024,115,Colorado Rockies,158,Milwaukee Brewers,4,1,0
746017,2024-09-08,2024,143,Philadelphia Phillies,146,Miami Marlins,1,10,1
746098,2024-09-08,2024,114,Cleveland Guardians,119,Los Angeles Dodgers,0,4,1
746258,2024-09-08,2024,142,Minnesota Twins,118,Kansas City Royals,0,2,1
746345,2024-09-08,2024,109,Arizona Diamondbacks,117,Houston Astros,12,6,0
746827,2024-09-08,2024,147,New York Yankees,112,Chicago Cubs,1,2,1
746910,2024-09-08,2024,145,Chicago White Sox,111,Boston Red Sox,7,2,0
746989,2024-09-08,2024,139,Tampa Bay Rays,110,Baltimore Orioles,2,0,0
747072,2024-09-08,2024,141,Toronto Blue Jays,144,Atlanta Braves,3,4,1
744888,2024-09-09,2024,121,New York Mets,141,Toronto Blue Jays,3,2,0
745454,2024-09-09,2024,146,Miami Marlins,134,Pittsburgh Pirates,2,3,1
745534,2024-09-09,2024,139,Tampa Bay Rays,143,Philadelphia Phillies,1,2,1
745698,2024-09-09,2024,118,Kansas City Royals,147,New York Yankees,4,10,1
745860,2024-09-09,2024,108,Los Angeles Angels,142,Minnesota Twins,6,2,0
746101,2024-09-09,2024,112,Chicago Cubs,119,Los Angeles Dodgers,10,4,0
746746,2024-09-09,2024,114,Cleveland Guardians,145,Chicago White Sox,5,3,0
746909,2024-09-09,2024,110,Baltimore Orioles,111,Boston Red Sox,3,12,1
747090,2024-09-09,2024,113,Cincinnati Reds,144,Atlanta Braves,1,0,0
744807,2024-09-10,2024,144,Atlanta Braves,120,Washington Nationals,12,0,0
744886,2024-09-10,2024,121,New York Mets,141,Toronto Blue Jays,2,6,1
745126,2024-09-10,2024,113,Cincinnati Reds,138,St. Louis Cardinals,3,0,0
745210,2024-09-10,2024,135,San Diego Padres,136,Seattle Mariners,7,3,0
745291,2024-09-10,2024,158,Milwaukee Brewers,137,San Francisco Giants,3,2,0
745446,2024-09-10,2024,146,Miami Marlins,134,Pittsburgh Pirates,4,6,1
745535,2024-09-10,2024,139,Tampa Bay Rays,143,Philadelphia Phillies,4,9,1
745694,2024-09-10,2024,118,Kansas City Royals,147,New York Yankees,5,0,0
745856,2024-09-10,2024,108,Los Angeles Angels,142,Minnesota Twins,5,10,1
746097,2024-09-10,2024,112,Chicago Cubs,119,Los Angeles Dodgers,6,3,0
746346,2024-09-10,2024,133,Oakland Athletics,117,Houston Astros,4,3,0
746428,2024-09-10,2024,115,Colorado Rockies,116,Detroit Tigers,0,11,1
746747,2024-09-10,2024,114,Cleveland Guardians,145,Chicago White Sox,5,0,0
746907,2024-09-10,2024,110,Baltimore Orioles,111,Boston Red Sox,5,3,0
747152,2024-09-10,2024,140,Texas Rangers,109,Arizona Diamondbacks,0,6,1
744804,2024-09-11,2024,144,Atlanta Braves,120,Washington Nationals,1,5,1
744881,2024-09-11,2024,121,New York Mets,141,Toronto Blue Jays,6,2,0
745127,2024-09-11,2024,113,Cincinnati Reds,138,St. Louis Cardinals,1,2,1
745214,2024-09-11,2024,135,San Diego Padres,136,Seattle Mariners,2,5,1
745285,2024-09-11,2024,158,Milwaukee Brewers,137,San Francisco Giants,2,13,1
745450,2024-09-11,2024,146,Miami Marlins,134,Pittsburgh Pirates,1,3,1
745525,2024-09-11,2024,139,Tampa Bay Rays,143,Philadelphia Phillies,2,3,1
745697,2024-09-11,2024,118,Kansas City Royals,147,New York Yankees,3,4,1
745857,2024-09-11,2024,108,Los Angeles Angels,142,Minnesota Twins,4,6,1
746100,2024-09-11,2024,112,Chicago Cubs,119,Los Angeles Dodgers,8,10,1
746342,2024-09-11,2024,133,Oakland Athletics,117,Houston Astros,5,4,0
746425,2024-09-11,2024,115,Colorado Rockies,116,Detroit Tigers,4,7,1
746745,2024-09-11,2024,114,Cleveland Guardians,145,Chicago White Sox,6,4,0
746908,2024-09-11,2024,110,Baltimore Orioles,111,Boston Red Sox,3,5,1
747154,2024-09-11,2024,140,Texas Rangers,109,Arizona Diamondbacks,4,14,1
744805,2024-09-12,2024,146,Miami Marlins,120,Washington Nationals,6,3,0
745129,2024-09-12,2024,113,Cincinnati Reds,138,St. Louis Cardinals,1,6,1
745208,2024-09-12,2024,140,Texas Rangers,136,Seattle Mariners,5,4,0
745288,2024-09-12,2024,158,Milwaukee Brewers,137,San Francisco Giants,3,0,0
745695,2024-09-12,2024,111,Boston Red Sox,147,New York Yankees,1,2,1
746337,2024-09-12,2024,133,Oakland Athletics,117,Houston Astros,3,6,1
746427,2024-09-12,2024,115,Colorado Rockies,116,Detroit Tigers,4,2,0
746591,2024-09-12,2024,139,Tampa Bay Rays,114,Cleveland Guardians,5,2,0
744800,2024-09-13,2024,146,Miami Marlins,120,Washington Nationals,1,4,1
744882,2024-09-13,2024,138,St. Louis Cardinals,141,Toronto Blue Jays,3,4,1
745207,2024-09-13,2024,140,Texas Rangers,136,Seattle Mariners,4,5,1
745286,2024-09-13,2024,135,San Diego Padres,137,San Francisco Giants,5,0,0
745447,2024-09-13,2024,118,Kansas City Royals,134,Pittsburgh Pirates,8,3,0
745529,2024-09-13,2024,121,New York Mets,143,Philadelphia Phillies,11,3,0
745696,2024-09-13,2024,111,Boston Red Sox,147,New York Yankees,4,5,1
745855,2024-09-13,2024,113,Cincinnati Reds,142,Minnesota Twins,8,4,0
746181,2024-09-13,2024,117,Houston Astros,108,Los Angeles Angels,5,3,0
746423,2024-09-13,2024,110,Baltimore Orioles,116,Detroit Tigers,0,1,1
746509,2024-09-13,2024,112,Chicago Cubs,115,Colorado Rockies,5,9,1
746586,2024-09-13,2024,139,Tampa Bay Rays,114,Cleveland Guardians,3,1,0
746744,2024-09-13,2024,133,Oakland Athletics,145,Chicago White Sox,2,0,0
747069,2024-09-13,2024,119,Los Angeles Dodgers,144,Atlanta Braves,2,6,1
747153,2024-09-13,2024,158,Milwaukee Brewers,109,Arizona Diamondbacks,2,1,0
744803,2024-09-14,2024,146,Miami Marlins,120,Washington Nationals,1,4,1
744884,2024-09-14,2024,138,St. Louis Cardinals,141,Toronto Blue Jays,2,7,1
745209,2024-09-14,2024,140,Texas Rangers,136,Seattle Mariners,4,5,1
745284,2024-09-14,2024,135,San Diego Padres,137,San Francisco Giants,8,0,0
745448,2024-09-14,2024,118,Kansas City Royals,134,Pittsburgh Pirates,5,1,0
745528,2024-09-14,2024,121,New York Mets,143,Philadelphia Phillies,4,6,1
745689,2024-09-14,2024,111,Boston Red Sox,147,New York Yankees,7,1,0
745858,2024-09-14,2024,113,Cincinnati Reds,142,Minnesota Twins,11,1,0
746177,2024-09-14,2024,117,Houston Astros,108,Los Angeles Angels,5,3,0
746422,2024-09-14,2024,110,Baltimore Orioles,116,Detroit Tigers,4,2,0
746508,2024-09-14,2024,112,Chicago Cubs,115,Colorado Rockies,5,6,1
746584,2024-09-14,2024,139,Tampa Bay Rays,114,Cleveland Guardians,1,6,1
746740,2024-09-14,2024,133,Oakland Athletics,145,Chicago White Sox,6,7,1
747070,2024-09-14,2024,119,Los Angeles Dodgers,144,Atlanta Braves,1,10,1
747148,2024-09-14,2024,158,Milwaukee Brewers,109,Arizona Diamondbacks,15,8,0
744801,2024-09-15,2024,146,Miami Marlins,120,Washington Nationals,3,4,1
744883,2024-09-15,2024,138,St. Louis Cardinals,141,Toronto Blue Jays,2,3,1
745206,2024-09-15,2024,140,Texas Rangers,136,Seattle Mariners,0,7,1
745287,2024-09-15,2024,135,San Diego Padres,137,San Francisco Giants,4,3,0
745449,2024-09-15,2024,118,Kansas City Royals,134,Pittsburgh Pirates,3,4,1
745530,2024-09-15,2024,121,New York Mets,143,Philadelphia Phillies,1,2,1
745693,2024-09-15,2024,111,Boston Red Sox,147,New York Yankees,2,5,1
745852,2024-09-15,2024,113,Cincinnati Reds,142,Minnesota Twins,2,9,1
746180,2024-09-15,2024,117,Houston Astros,108,Los Angeles Angels,6,4,0
746419,2024-09-15,2024,110,Baltimore Orioles,116,Detroit Tigers,2,4,1
746506,2024-09-15,2024,112,Chicago Cubs,115,Colorado Rockies,6,2,0
746585,2024-09-15,2024,139,Tampa Bay Rays,114,Cleveland Guardians,0,2,1
746741,2024-09-15,2024,133,Oakland Athletics,145,Chicago White Sox,3,4,1
747071,2024-09-15,2024,119,Los Angeles Dodgers,144,Atlanta Braves,9,2,0
747151,2024-09-15,2024,158,Milwaukee Brewers,109,Arizona Diamondbacks,10,11,1
745130,2024-09-16,2024,134,Pittsburgh Pirates,138,St. Louis Cardinals,0,4,1
745367,2024-09-16,2024,117,Houston Astros,135,San Diego Padres,1,3,1
745773,2024-09-16,2024,120,Washington Nationals,121,New York Mets,1,2,1
745939,2024-09-16,2024,143,Philadelphia Phillies,158,Milwaukee Brewers,2,6,1
746179,2024-09-16,2024,145,Chicago White Sox,108,Los Angeles Angels,8,4,0
746260,2024-09-16,2024,116,Detroit Tigers,118,Kansas City Royals,7,6,0
746502,2024-09-16,2024,109,Arizona Diamondbacks,115,Colorado Rockies,2,3,1
746588,2024-09-16,2024,142,Minnesota Twins,114,Cleveland Guardians,3,4,1
746828,2024-09-16,2024,133,Oakland Athletics,112,Chicago Cubs,2,9,1
747067,2024-09-16,2024,119,Los Angeles Dodgers,144,Atlanta Braves,9,0,0
744961,2024-09-17,2024,141,Toronto Blue Jays,140,Texas Rangers,8,13,1
745044,2024-09-17,2024,111,Boston Red Sox,139,Tampa Bay Rays,3,8,1
745122,2024-09-17,2024,134,Pittsburgh Pirates,138,St. Louis Cardinals,1,3,1
745205,2024-09-17,2024,147,New York Yankees,136,Seattle Mariners,11,2,0
745366,2024-09-17,2024,117,Houston Astros,135,San Diego Padres,4,3,0
745772,2024-09-17,2024,120,Washington Nationals,121,New York Mets,1,10,1
745935,2024-09-17,2024,143,Philadelphia Phillies,158,Milwaukee Brewers,5,1,0
746015,2024-09-17,2024,119,Los Angeles Dodgers,146,Miami Marlins,9,11,1
746176,2024-09-17,2024,145,Chicago White Sox,108,Los Angeles Angels,0,5,1
746261,2024-09-17,2024,116,Detroit Tigers,118,Kansas City Royals,3,1,0
746503,2024-09-17,2024,109,Arizona Diamondbacks,115,Colorado Rockies,2,8,1
746587,2024-09-17,2024,142,Minnesota Twins,114,Cleveland Guardians,4,1,0
746659,2024-09-17,2024,144,Atlanta Braves,113,Cincinnati Reds,5,6,1
746830,2024-09-17,2024,133,Oakland Athletics,112,Chicago Cubs,4,3,0
746987,2024-09-17,2024,137,San Francisco Giants,110,Baltimore Orioles,10,0,0
744959,2024-09-18,2024,141,Toronto Blue Jays,140,Texas Rangers,0,2,1
745040,2024-09-18,2024,111,Boston Red Sox,139,Tampa Bay Rays,2,1,0
745121,2024-09-18,2024,134,Pittsburgh Pirates,138,St. Louis Cardinals,5,10,1
745199,2024-09-18,2024,147,New York Yankees,136,Seattle Mariners,2,1,0
745365,2024-09-18,2024,117,Houston Astros,135,San Diego Padres,0,4,1
745771,2024-09-18,2024,120,Washington Nationals,121,New York Mets,0,10,1
745933,2024-09-18,2024,143,Philadelphia Phillies,158,Milwaukee Brewers,1,2,1
746014,2024-09-18,2024,119,Los Angeles Dodgers,146,Miami Marlins,8,4,0
746172,2024-09-18,2024,145,Chicago White Sox,108,Los Angeles Angels,3,4,1
746254,2024-09-18,2024,116,Detroit Tigers,118,Kansas City Royals,4,2,0
746500,2024-09-18,2024,109,Arizona Diamondbacks,115,Colorado Rockies,9,4,0
746582,2024-09-18,2024,142,Minnesota Twins,114,Cleveland Guardians,4,5,1
746662,2024-09-18,2024,144,Atlanta Braves,113,Cincinnati Reds,7,1,0
746831,2024-09-18,2024,133,Oakland Athletics,112,Chicago Cubs,5,3,0
746988,2024-09-18,2024,137,San Francisco Giants,110,Baltimore Orioles,5,3,0
744962,2024-09-19,2024,141,Toronto Blue Jays,140,Texas Rangers,4,0,0
745041,2024-09-19,2024,111,Boston Red Sox,139,Tampa Bay Rays,0,2,1
745120,2024-09-19,2024,134,Pittsburgh Pirates,138,St. Louis Cardinals,3,2,0
745204,2024-09-19,2024,147,New York Yankees,136,Seattle Mariners,2,3,1
745769,2024-09-19,2024,143,Philadelphia Phillies,121,New York Mets,6,10,1
745937,2024-09-19,2024,109,Arizona Diamondbacks,158,Milwaukee Brewers,5,1,0
746011,2024-09-19,2024,119,Los Angeles Dodgers,146,Miami Marlins,20,4,0
746341,2024-09-19,2024,108,Los Angeles Angels,117,Houston Astros,1,3,1
746579,2024-09-19,2024,142,Minnesota Twins,114,Cleveland Guardians,2,3,1
746663,2024-09-19,2024,144,Atlanta Braves,113,Cincinnati Reds,15,3,0
746823,2024-09-19,2024,120,Washington Nationals,112,Chicago Cubs,6,7,1
746985,2024-09-19,2024,137,San Francisco Giants,110,Baltimore Orioles,3,5,1
744960,2024-09-20,2024,136,Seattle Mariners,140,Texas Rangers,8,2,0
745043,2024-09-20,2024,141,Toronto Blue Jays,139,Tampa Bay Rays,0,1,1
745123,2024-09-20,2024,114,Cleveland Guardians,138,St. Louis Cardinals,5,1,0
745364,2024-09-20,2024,145,Chicago White Sox,135,San Diego Padres,2,3,1
745606,2024-09-20,2024,147,New York Yankees,133,Oakland Athletics,4,2,0
745770,2024-09-20,2024,143,Philadelphia Phillies,121,New York Mets,12,2,0
745934,2024-09-20,2024,109,Arizona Diamondbacks,158,Milwaukee Brewers,7,4,0
746013,2024-09-20,2024,144,Atlanta Braves,146,Miami Marlins,3,4,1
746094,2024-09-20,2024,115,Colorado Rockies,119,Los Angeles Dodgers,4,6,1
746256,2024-09-20,2024,137,San Francisco Giants,118,Kansas City Royals,2,1,0
746340,2024-09-20,2024,108,Los Angeles Angels,117,Houston Astros,7,9,1
746661,2024-09-20,2024,134,Pittsburgh Pirates,113,Cincinnati Reds,3,8,1
746824,2024-09-20,2024,120,Washington Nationals,112,Chicago Cubs,1,3,1
746905,2024-09-20,2024,142,Minnesota Twins,111,Boston Red Sox,4,2,0
746984,2024-09-20,2024,116,Detroit Tigers,110,Baltimore Orioles,1,7,1
744958,2024-09-21,2024,136,Seattle Mariners,140,Texas Rangers,8,4,0
745038,2024-09-21,2024,141,Toronto Blue Jays,139,Tampa Bay Rays,2,3,1
745124,2024-09-21,2024,114,Cleveland Guardians,138,St. Louis Cardinals,5,6,1
745360,2024-09-21,2024,145,Chicago White Sox,135,San Diego Padres,2,6,1
745610,2024-09-21,2024,147,New York Yankees,133,Oakland Athletics,10,0,0
745768,2024-09-21,2024,143,Philadelphia Phillies,121,New York Mets,3,6,1
745936,2024-09-21,2024,109,Arizona Diamondbacks,158,Milwaukee Brewers,5,0,0
746012,2024-09-21,2024,144,Atlanta Braves,146,Miami Marlins,6,2,0
746096,2024-09-21,2024,115,Colorado Rockies,119,Los Angeles Dodgers,6,3,0
746255,2024-09-21,2024,137,San Francisco Giants,118,Kansas City Royals,9,0,0
746338,2024-09-21,2024,108,Los Angeles Angels,117,Houston Astros,4,10,1
746660,2024-09-21,2024,134,Pittsburgh Pirates,113,Cincinnati Reds,1,7,1
746826,2024-09-21,2024,120,Washington Nationals,112,Chicago Cubs,5,1,0
746983,2024-09-21,2024,116,Detroit Tigers,110,Baltimore Orioles,6,4,0
744955,2024-09-22,2024,136,Seattle Mariners,140,Texas Rangers,5,6,1
745036,2024-09-22,2024,141,Toronto Blue Jays,139,Tampa Bay Rays,3,4,1
745118,2024-09-22,2024,114,Cleveland Guardians,138,St. Louis Cardinals,1,2,1
745358,2024-09-22,2024,145,Chicago White Sox,135,San Diego Padres,2,4,1
745608,2024-09-22,2024,147,New York Yankees,133,Oakland Athletics,7,4,0
745767,2024-09-22,2024,143,Philadelphia Phillies,121,New York Mets,1,2,1
745929,2024-09-22,2024,109,Arizona Diamondbacks,158,Milwaukee Brewers,9,10,1
746010,2024-09-22,2024,144,Atlanta Braves,146,Miami Marlins,5,4,0
746092,2024-09-22,2024,115,Colorado Rockies,119,Los Angeles Dodgers,5,6,1
746253,2024-09-22,2024,137,San Francisco Giants,118,Kansas City Royals,2,0,0
746339,2024-09-22,2024,108,Los Angeles Angels,117,Houston Astros,9,8,0
746657,2024-09-22,2024,134,Pittsburgh Pirates,113,Cincinnati Reds,2,0,0
746825,2024-09-22,2024,120,Washington Nationals,112,Chicago Cubs,0,5,1
746903,2024-09-22,2024,142,Minnesota Twins,111,Boston Red Sox,1,8,1
746906,2024-09-22,2024,142,Minnesota Twins,111,Boston Red Sox,3,9,1
746982,2024-09-22,2024,116,Detroit Tigers,110,Baltimore Orioles,4,3,0
744885,2024-09-23,2024,111,Boston Red Sox,141,Toronto Blue Jays,4,1,0
745527,2024-09-23,2024,112,Chicago Cubs,143,Philadelphia Phillies,2,6,1
746334,2024-09-23,2024,136,Seattle Mariners,117,Houston Astros,6,1,0
747150,2024-09-23,2024,137,San Francisco Giants,109,Arizona Diamondbacks,6,3,0
744802,2024-09-24,2024,118,Kansas City Royals,120,Washington Nationals,1,0,0
744876,2024-09-24,2024,111,Boston Red Sox,141,Toronto Blue Jays,6,5,0
745441,2024-09-24,2024,158,Milwaukee Brewers,134,Pittsburgh Pirates,7,2,0
745526,2024-09-24,2024,112,Chicago Cubs,143,Philadelphia Phillies,10,4,0
745605,2024-09-24,2024,140,Texas Rangers,133,Oakland Athletics,4,5,1
745688,2024-09-24,2024,110,Baltimore Orioles,147,New York Yankees,5,3,0
745851,2024-09-24,2024,146,Miami Marlins,142,Minnesota Twins,4,1,0
746093,2024-09-24,2024,135,San Diego Padres,119,Los Angeles Dodgers,4,2,0
746336,2024-09-24,2024,136,Seattle Mariners,117,Houston Astros,3,4,1
746421,2024-09-24,2024,139,Tampa Bay Rays,116,Detroit Tigers,1,2,1
746504,2024-09-24,2024,138,St. Louis Cardinals,115,Colorado Rockies,7,3,0
746581,2024-09-24,2024,113,Cincinnati Reds,114,Cleveland Guardians,1,6,1
746743,2024-09-24,2024,108,Los Angeles Angels,145,Chicago White Sox,2,3,1
747068,2024-09-24,2024,121,New York Mets,144,Atlanta Braves,1,5,1
747149,2024-09-24,2024,137,San Francisco Giants,109,Arizona Diamondbacks,11,0,0
744795,2024-09-25,2024,118,Kansas City Royals,120,Washington Nationals,3,0,0
744877,2024-09-25,2024,111,Boston Red Sox,141,Toronto Blue Jays,1,6,1
745442,2024-09-25,2024,158,Milwaukee Brewers,134,Pittsburgh Pirates,1,2,1
745521,2024-09-25,2024,112,Chicago Cubs,143,Philadelphia Phillies,6,9,1
745607,2024-09-25,2024,140,Texas Rangers,133,Oakland Athletics,5,1,0
745690,2024-09-25,2024,110,Baltimore Orioles,147,New York Yankees,9,7,0
745854,2024-09-25,2024,146,Miami Marlins,142,Minnesota Twins,3,8,1
746095,2024-09-25,2024,135,San Diego Padres,119,Los Angeles Dodgers,3,4,1
746331,2024-09-25,2024,136,Seattle Mariners,117,Houston Astros,8,1,0
746420,2024-09-25,2024,139,Tampa Bay Rays,116,Detroit Tigers,1,7,1
746501,2024-09-25,2024,138,St. Louis Cardinals,115,Colorado Rockies,5,2,0
746583,2024-09-25,2024,113,Cincinnati Reds,114,Cleveland Guardians,2,5,1
746742,2024-09-25,2024,108,Los Angeles Angels,145,Chicago White Sox,3,4,1
747144,2024-09-25,2024,137,San Francisco Giants,109,Arizona Diamondbacks,2,8,1
744796,2024-09-26,2024,118,Kansas City Royals,120,Washington Nationals,7,4,0
745443,2024-09-26,2024,158,Milwaukee Brewers,134,Pittsburgh Pirates,5,2,0
745609,2024-09-26,2024,140,Texas Rangers,133,Oakland Athletics,2,3,1
745691,2024-09-26,2024,110,Baltimore Orioles,147,New York Yankees,1,10,1
745853,2024-09-26,2024,146,Miami Marlins,142,Minnesota Twins,8,6,0
746088,2024-09-26,2024,135,San Diego Padres,119,Los Angeles Dodgers,2,7,1
746415,2024-09-26,2024,139,Tampa Bay Rays,116,Detroit Tigers,3,4,1
746495,2024-09-26,2024,138,St. Louis Cardinals,115,Colorado Rockies,8,10,1
746738,2024-09-26,2024,108,Los Angeles Angels,145,Chicago White Sox,0,7,1
744797,2024-09-27,2024,143,Philadelphia Phillies,120,Washington Nationals,1,9,1
744879,2024-09-27,2024,146,Miami Marlins,141,Toronto Blue Jays,15,5,0
745202,2024-09-27,2024,133,Oakland Athletics,136,Seattle Mariners,0,2,1
745280,2024-09-27,2024,138,St. Louis Cardinals,137,San Francisco Giants,6,3,0
745692,2024-09-27,2024,134,Pittsburgh Pirates,147,New York Yankees,4,2,0
745847,2024-09-27,2024,110,Baltimore Orioles,142,Minnesota Twins,7,2,0
745930,2024-09-27,2024,121,New York Mets,158,Milwaukee Brewers,4,8,1
746173,2024-09-27,2024,140,Texas Rangers,108,Los Angeles Angels,5,2,0
746417,2024-09-27,2024,145,Chicago White Sox,116,Detroit Tigers,1,4,1
746494,2024-09-27,2024,119,Los Angeles Dodgers,115,Colorado Rockies,11,4,0
746580,2024-09-27,2024,117,Houston Astros,114,Cleveland Guardians,5,2,0
746822,2024-09-27,2024,113,Cincinnati Reds,112,Chicago Cubs,0,1,1
746904,2024-09-27,2024,139,Tampa Bay Rays,111,Boston Red Sox,2,1,0
747065,2024-09-27,2024,118,Kansas City Royals,144,Atlanta Braves,0,3,1
747145,2024-09-27,2024,135,San Diego Padres,109,Arizona Diamondbacks,5,3,0
744799,2024-09-28,2024,143,Philadelphia Phillies,120,Washington Nationals,3,6,1
744878,2024-09-28,2024,146,Miami Marlins,141,Toronto Blue Jays,8,1,0
745203,2024-09-28,2024,133,Oakland Athletics,136,Seattle Mariners,6,7,1
745281,2024-09-28,2024,138,St. Louis Cardinals,137,San Francisco Giants,5,6,1
745685,2024-09-28,2024,134,Pittsburgh Pirates,147,New York Yankees,9,4,0
745849,2024-09-28,2024,110,Baltimore Orioles,142,Minnesota Twins,9,2,0
745931,2024-09-28,2024,121,New York Mets,158,Milwaukee Brewers,0,6,1
746171,2024-09-28,2024,140,Texas Rangers,108,Los Angeles Angels,9,8,0
746414,2024-09-28,2024,145,Chicago White Sox,116,Detroit Tigers,4,0,0
746499,2024-09-28,2024,119,Los Angeles Dodgers,115,Colorado Rockies,13,2,0
746578,2024-09-28,2024,117,Houston Astros,114,Cleveland Guardians,4,3,0
746819,2024-09-28,2024,113,Cincinnati Reds,112,Chicago Cubs,0,3,1
746902,2024-09-28,2024,139,Tampa Bay Rays,111,Boston Red Sox,7,2,0
747066,2024-09-28,2024,118,Kansas City Royals,144,Atlanta Braves,1,2,1
747146,2024-09-28,2024,135,San Diego Padres,109,Arizona Diamondbacks,5,0,0
744798,2024-09-29,2024,143,Philadelphia Phillies,120,Washington Nationals,6,3,0
744880,2024-09-29,2024,146,Miami Marlins,141,Toronto Blue Jays,3,1,0
745201,2024-09-29,2024,133,Oakland Athletics,136,Seattle Mariners,4,6,1
745282,2024-09-29,2024,138,St. Louis Cardinals,137,San Francisco Giants,6,1,0
745686,2024-09-29,2024,134,Pittsburgh Pirates,147,New York Yankees,4,6,1
745846,2024-09-29,2024,110,Baltimore Orioles,142,Minnesota Twins,6,2,0
745932,2024-09-29,2024,121,New York Mets,158,Milwaukee Brewers,5,0,0
746174,2024-09-29,2024,140,Texas Rangers,108,Los Angeles Angels,8,0,0
746416,2024-09-29,2024,145,Chicago White Sox,116,Detroit Tigers,9,5,0
746496,2024-09-29,2024,119,Los Angeles Dodgers,115,Colorado Rockies,2,1,0
746820,2024-09-29,2024,113,Cincinnati Reds,112,Chicago Cubs,3,0,0
746901,2024-09-29,2024,139,Tampa Bay Rays,111,Boston Red Sox,1,3,1
747061,2024-09-29,2024,118,Kansas City Royals,144,Atlanta Braves,4,2,0
747147,2024-09-29,2024,135,San Diego Padres,109,Arizona Diamondbacks,2,11,1
747064,2024-09-30,2024,121,New York Mets,144,Atlanta Braves,0,3,1
747139,2024-09-30,2024,121,New York Mets,144,Atlanta Braves,8,7,0
778563,2025-03-18,2025,119,Los Angeles Dodgers,112,Chicago Cubs,4,1,0
778564,2025-03-19,2025,119,Los Angeles Dodgers,112,Chicago Cubs,6,3,0
778545,2025-03-27,2025,144,Atlanta Braves,135,San Diego Padres,4,7,1
778546,2025-03-27,2025,116,Detroit Tigers,119,Los Angeles Dodgers,4,5,1
778547,2025-03-27,2025,133,Athletics,136,Seattle Mariners,2,4,1
778551,2025-03-27,2025,142,Minnesota Twins,138,St. Louis Cardinals,3,5,1
778552,2025-03-27,2025,112,Chicago Cubs,109,Arizona Diamondbacks,10,6,0
778553,2025-03-27,2025,111,Boston Red Sox,140,Texas Rangers,5,2,0
778554,2025-03-27,2025,108,Los Angeles Angels,145,Chicago White Sox,1,8,1
778555,2025-03-27,2025,143,Philadelphia Phillies,120,Washington Nationals,7,3,0
778556,2025-03-27,2025,110,Baltimore Orioles,141,Toronto Blue Jays,12,2,0
778557,2025-03-27,2025,158,Milwaukee Brewers,147,New York Yankees,2,4,1
778558,2025-03-27,2025,114,Cleveland Guardians,118,Kansas City Royals,7,4,0
778559,2025-03-27,2025,121,New York Mets,117,Houston Astros,1,3,1
778561,2025-03-27,2025,137,San Francisco Giants,113,Cincinnati Reds,6,4,0
778562,2025-03-27,2025,134,Pittsburgh Pirates,146,Miami Marlins,4,5,1
778518,2025-03-28,2025,121,New York Mets,117,Houston Astros,3,1,0
778541,2025-03-28,2025,133,Athletics,136,Seattle Mariners,7,0,0
778542,2025-03-28,2025,144,Atlanta Braves,135,San Diego Padres,3,4,1
778543,2025-03-28,2025,112,Chicago Cubs,109,Arizona Diamondbacks,1,8,1
778544,2025-03-28,2025,116,Detroit Tigers,119,Los Angeles Dodgers,5,8,1
778548,2025-03-28,2025,134,Pittsburgh Pirates,146,Miami Marlins,4,3,0
778549,2025-03-28,2025,110,Baltimore Orioles,141,Toronto Blue Jays,2,8,1
778550,2025-03-28,2025,111,Boston Red Sox,140,Texas Rangers,1,4,1
778560,2025-03-28,2025,115,Colorado Rockies,139,Tampa Bay Rays,2,3,1
778520,2025-03-29,2025,144,Atlanta Braves,135,San Diego Padres,0,1,1
778521,2025-03-29,2025,133,Athletics,136,Seattle Mariners,4,2,0
778528,2025-03-29,2025,142,Minnesota Twins,138,St. Louis Cardinals,1,5,1
778529,2025-03-29,2025,114,Cleveland Guardians,118,Kansas City Royals,3,4,1
778530,2025-03-29,2025,121,New York Mets,117,Houston Astros,1,2,1
778531,2025-03-29,2025,111,Boston Red Sox,140,Texas Rangers,3,4,1
778532,2025-03-29,2025,112,Chicago Cubs,109,Arizona Diamondbacks,4,3,0
778533,2025-03-29,2025,116,Detroit Tigers,119,Los Angeles Dodgers,3,7,1
778534,2025-03-29,2025,108,Los Angeles Angels,145,Chicago White Sox,1,0,0
778535,2025-03-29,2025,143,Philadelphia Phillies,120,Washington Nationals,11,6,0
778536,2025-03-29,2025,110,Baltimore Orioles,141,Toronto Blue Jays,9,5,0
778537,2025-03-29,2025,115,Colorado Rockies,139,Tampa Bay Rays,2,1,0
778538,2025-03-29,2025,158,Milwaukee Brewers,147,New York Yankees,9,20,1
778539,2025-03-29,2025,134,Pittsburgh Pirates,146,Miami Marlins,4,5,1
778540,2025-03-29,2025,137,San Francisco Giants,113,Cincinnati Reds,2,3,1
778510,2025-03-30,2025,114,Cleveland Guardians,118,Kansas City Royals,6,2,0
778513,2025-03-30,2025,133,Athletics,136,Seattle Mariners,1,2,1
778514,2025-03-30,2025,144,Atlanta Braves,135,San Diego Padres,0,5,1
778515,2025-03-30,2025,112,Chicago Cubs,109,Arizona Diamondbacks,6,10,1
778516,2025-03-30,2025,111,Boston Red Sox,140,Texas Rangers,2,3,1
778517,2025-03-30,2025,142,Minnesota Twins,138,St. Louis Cardinals,2,9,1
778519,2025-03-30,2025,134,Pittsburgh Pirates,146,Miami Marlins,2,3,1
778522,2025-03-30,2025,137,San Francisco Giants,113,Cincinnati Reds,6,3,0
778523,2025-03-30,2025,158,Milwaukee Brewers,147,New York Yankees,3,12,1
778524,2025-03-30,2025,115,Colorado Rockies,139,Tampa Bay Rays,4,6,1
778525,2025-03-30,2025,110,Baltimore Orioles,141,Toronto Blue Jays,1,3,1
778526,2025-03-30,2025,143,Philadelphia Phillies,120,Washington Nationals,1,5,1
778527,2025-03-30,2025,108,Los Angeles Angels,145,Chicago White Sox,3,2,0
778496,2025-03-31,2025,116,Detroit Tigers,136,Seattle Mariners,9,6,0
778499,2025-03-31,2025,114,Cleveland Guardians,135,San Diego Padres,2,7,1
778500,2025-03-31,2025,144,Atlanta Braves,119,Los Angeles Dodgers,1,6,1
778501,2025-03-31,2025,112,Chicago Cubs,133,Athletics,18,3,0
778502,2025-03-31,2025,115,Colorado Rockies,143,Philadelphia Phillies,1,6,1
778503,2025-03-31,2025,108,Los Angeles Angels,138,St. Louis Cardinals,5,4,0
778504,2025-03-31,2025,118,Kansas City Royals,158,Milwaukee Brewers,11,1,0
778505,2025-03-31,2025,137,San Francisco Giants,117,Houston Astros,7,2,0
778506,2025-03-31,2025,142,Minnesota Twins,145,Chicago White Sox,0,9,1
778507,2025-03-31,2025,120,Washington Nationals,141,Toronto Blue Jays,2,5,1
778508,2025-03-31,2025,134,Pittsburgh Pirates,139,Tampa Bay Rays,1,6,1
778509,2025-03-31,2025,121,New York Mets,146,Miami Marlins,10,4,0
778511,2025-03-31,2025,140,Texas Rangers,113,Cincinnati Reds,3,14,1
778512,2025-03-31,2025,111,Boston Red Sox,110,Baltimore Orioles,5,8,1
778485,2025-04-01,2025,114,Cleveland Guardians,135,San Diego Padres,0,7,1
778486,2025-04-01,2025,116,Detroit Tigers,136,Seattle Mariners,4,1,0
778487,2025-04-01,2025,144,Atlanta Braves,119,Los Angeles Dodgers,1,3,1
778488,2025-04-01,2025,118,Kansas City Royals,158,Milwaukee Brewers,0,5,1
778489,2025-04-01,2025,137,San Francisco Giants,117,Houston Astros,3,1,0
778490,2025-04-01,2025,142,Minnesota Twins,145,Chicago White Sox,8,3,0
778491,2025-04-01,2025,120,Washington Nationals,141,Toronto Blue Jays,3,5,1
778492,2025-04-01,2025,109,Arizona Diamondbacks,147,New York Yankees,7,5,0
778493,2025-04-01,2025,134,Pittsburgh Pirates,139,Tampa Bay Rays,0,7,1
778494,2025-04-01,2025,112,Chicago Cubs,133,Athletics,7,4,0
778495,2025-04-01,2025,108,Los Angeles Angels,138,St. Louis Cardinals,9,7,0
778497,2025-04-01,2025,121,New York Mets,146,Miami Marlins,2,4,1
778498,2025-04-01,2025,140,Texas Rangers,113,Cincinnati Reds,1,0,0
778469,2025-04-02,2025,116,Detroit Tigers,136,Seattle Mariners,2,3,1
778471,2025-04-02,2025,112,Chicago Cubs,133,Athletics,10,2,0
778472,2025-04-02,2025,144,Atlanta Braves,119,Los Angeles Dodgers,5,6,1
778473,2025-04-02,2025,108,Los Angeles Angels,138,St. Louis Cardinals,5,12,1
778474,2025-04-02,2025,142,Minnesota Twins,145,Chicago White Sox,6,1,0
778475,2025-04-02,2025,137,San Francisco Giants,117,Houston Astros,6,3,0
778476,2025-04-02,2025,114,Cleveland Guardians,135,San Diego Padres,2,5,1
778477,2025-04-02,2025,118,Kansas City Royals,158,Milwaukee Brewers,2,3,1
778478,2025-04-02,2025,120,Washington Nationals,141,Toronto Blue Jays,2,4,1
778479,2025-04-02,2025,134,Pittsburgh Pirates,139,Tampa Bay Rays,4,2,0
778480,2025-04-02,2025,140,Texas Rangers,113,Cincinnati Reds,1,0,0
778481,2025-04-02,2025,121,New York Mets,146,Miami Marlins,6,5,0
778482,2025-04-02,2025,115,Colorado Rockies,143,Philadelphia Phillies,1,5,1
778483,2025-04-02,2025,111,Boston Red Sox,110,Baltimore Orioles,3,0,0
778484,2025-04-02,2025,109,Arizona Diamondbacks,147,New York Yankees,4,3,0
778462,2025-04-03,2025,117,Houston Astros,142,Minnesota Twins,5,2,0
778466,2025-04-03,2025,109,Arizona Diamondbacks,147,New York Yankees,7,9,1
778467,2025-04-03,2025,115,Colorado Rockies,143,Philadelphia Phillies,1,3,1
778468,2025-04-03,2025,113,Cincinnati Reds,158,Milwaukee Brewers,0,1,1
778470,2025-04-03,2025,111,Boston Red Sox,110,Baltimore Orioles,8,4,0
778444,2025-04-04,2025,136,Seattle Mariners,137,San Francisco Giants,9,10,1
778447,2025-04-04,2025,114,Cleveland Guardians,108,Los Angeles Angels,8,6,0
778453,2025-04-04,2025,113,Cincinnati Reds,158,Milwaukee Brewers,2,3,1
778454,2025-04-04,2025,139,Tampa Bay Rays,140,Texas Rangers,2,5,1
778455,2025-04-04,2025,110,Baltimore Orioles,118,Kansas City Royals,2,8,1
778456,2025-04-04,2025,133,Athletics,115,Colorado Rockies,6,3,0
778457,2025-04-04,2025,109,Arizona Diamondbacks,120,Washington Nationals,6,4,0
778458,2025-04-04,2025,145,Chicago White Sox,116,Detroit Tigers,4,7,1
778459,2025-04-04,2025,119,Los Angeles Dodgers,143,Philadelphia Phillies,2,3,1
778460,2025-04-04,2025,135,San Diego Padres,112,Chicago Cubs,1,3,1
778461,2025-04-04,2025,147,New York Yankees,134,Pittsburgh Pirates,9,4,0
778463,2025-04-04,2025,138,St. Louis Cardinals,111,Boston Red Sox,9,13,1
778464,2025-04-04,2025,146,Miami Marlins,144,Atlanta Braves,0,10,1
778465,2025-04-04,2025,141,Toronto Blue Jays,121,New York Mets,0,5,1
778436,2025-04-05,2025,136,Seattle Mariners,137,San Francisco Giants,1,4,1
778437,2025-04-05,2025,114,Cleveland Guardians,108,Los Angeles Angels,4,10,1
778438,2025-04-05,2025,139,Tampa Bay Rays,140,Texas Rangers,4,6,1
778439,2025-04-05,2025,113,Cincinnati Reds,158,Milwaukee Brewers,11,7,0
778440,2025-04-05,2025,117,Houston Astros,142,Minnesota Twins,1,6,1
778441,2025-04-05,2025,110,Baltimore Orioles,118,Kansas City Royals,8,1,0
778442,2025-04-05,2025,133,Athletics,115,Colorado Rockies,7,4,0
778445,2025-04-05,2025,145,Chicago White Sox,116,Detroit Tigers,2,7,1
778446,2025-04-05,2025,141,Toronto Blue Jays,121,New York Mets,2,3,1
778448,2025-04-05,2025,119,Los Angeles Dodgers,143,Philadelphia Phillies,3,1,0
778449,2025-04-05,2025,147,New York Yankees,134,Pittsburgh Pirates,10,4,0
778450,2025-04-05,2025,135,San Diego Padres,112,Chicago Cubs,1,7,1
778451,2025-04-05,2025,146,Miami Marlins,144,Atlanta Braves,4,0,0
778452,2025-04-05,2025,109,Arizona Diamondbacks,120,Washington Nationals,3,4,1
778419,2025-04-06,2025,117,Houston Astros,142,Minnesota Twins,9,7,0
778420,2025-04-06,2025,139,Tampa Bay Rays,140,Texas Rangers,3,4,1
778421,2025-04-06,2025,113,Cincinnati Reds,158,Milwaukee Brewers,2,8,1
778422,2025-04-06,2025,110,Baltimore Orioles,118,Kansas City Royals,1,4,1
778423,2025-04-06,2025,133,Athletics,115,Colorado Rockies,5,12,1
778425,2025-04-06,2025,114,Cleveland Guardians,108,Los Angeles Angels,2,6,1
778427,2025-04-06,2025,136,Seattle Mariners,137,San Francisco Giants,4,5,1
778428,2025-04-06,2025,147,New York Yankees,134,Pittsburgh Pirates,4,5,1
778429,2025-04-06,2025,109,Arizona Diamondbacks,120,Washington Nationals,4,5,1
778430,2025-04-06,2025,135,San Diego Padres,112,Chicago Cubs,8,7,0
778432,2025-04-06,2025,138,St. Louis Cardinals,111,Boston Red Sox,7,18,1
778433,2025-04-06,2025,145,Chicago White Sox,116,Detroit Tigers,3,4,1
778434,2025-04-06,2025,119,Los Angeles Dodgers,143,Philadelphia Phillies,7,8,1
778435,2025-04-06,2025,141,Toronto Blue Jays,121,New York Mets,1,2,1
778443,2025-04-06,2025,138,St. Louis Cardinals,111,Boston Red Sox,4,5,1
778405,2025-04-07,2025,117,Houston Astros,136,Seattle Mariners,3,4,1
778410,2025-04-07,2025,113,Cincinnati Reds,137,San Francisco Giants,2,0,0
778411,2025-04-07,2025,140,Texas Rangers,112,Chicago Cubs,0,7,1
778412,2025-04-07,2025,142,Minnesota Twins,118,Kansas City Royals,2,4,1
778413,2025-04-07,2025,110,Baltimore Orioles,109,Arizona Diamondbacks,5,1,0
778414,2025-04-07,2025,135,San Diego Padres,133,Athletics,5,4,0
778415,2025-04-07,2025,138,St. Louis Cardinals,134,Pittsburgh Pirates,4,8,1
778416,2025-04-07,2025,146,Miami Marlins,121,New York Mets,0,2,1
778418,2025-04-07,2025,119,Los Angeles Dodgers,120,Washington Nationals,4,6,1
778424,2025-04-07,2025,147,New York Yankees,116,Detroit Tigers,2,6,1
778426,2025-04-07,2025,141,Toronto Blue Jays,111,Boston Red Sox,6,2,0
778394,2025-04-08,2025,158,Milwaukee Brewers,115,Colorado Rockies,7,1,0
778395,2025-04-08,2025,135,San Diego Padres,133,Athletics,4,10,1
778396,2025-04-08,2025,110,Baltimore Orioles,109,Arizona Diamondbacks,3,4,1
778397,2025-04-08,2025,113,Cincinnati Reds,137,San Francisco Giants,1,0,0
778398,2025-04-08,2025,117,Houston Astros,136,Seattle Mariners,2,1,0
778400,2025-04-08,2025,142,Minnesota Twins,118,Kansas City Royals,1,2,1
778401,2025-04-08,2025,140,Texas Rangers,112,Chicago Cubs,6,10,1
778402,2025-04-08,2025,145,Chicago White Sox,114,Cleveland Guardians,0,1,1
778403,2025-04-08,2025,147,New York Yankees,116,Detroit Tigers,0,5,1
778404,2025-04-08,2025,141,Toronto Blue Jays,111,Boston Red Sox,6,1,0
778406,2025-04-08,2025,143,Philadelphia Phillies,144,Atlanta Braves,5,7,1
778407,2025-04-08,2025,146,Miami Marlins,121,New York Mets,5,10,1
778408,2025-04-08,2025,138,St. Louis Cardinals,134,Pittsburgh Pirates,5,3,0
778409,2025-04-08,2025,119,Los Angeles Dodgers,120,Washington Nationals,2,8,1
778417,2025-04-08,2025,108,Los Angeles Angels,139,Tampa Bay Rays,4,3,0
778376,2025-04-09,2025,113,Cincinnati Reds,137,San Francisco Giants,6,8,1
778379,2025-04-09,2025,158,Milwaukee Brewers,115,Colorado Rockies,17,2,0
778380,2025-04-09,2025,110,Baltimore Orioles,109,Arizona Diamondbacks,0,9,1
778381,2025-04-09,2025,135,San Diego Padres,133,Athletics,2,1,0
778383,2025-04-09,2025,117,Houston Astros,136,Seattle Mariners,6,7,1
778385,2025-04-09,2025,140,Texas Rangers,112,Chicago Cubs,6,2,0
778386,2025-04-09,2025,141,Toronto Blue Jays,111,Boston Red Sox,2,1,0
778387,2025-04-09,2025,147,New York Yankees,116,Detroit Tigers,4,3,0
778388,2025-04-09,2025,142,Minnesota Twins,118,Kansas City Royals,4,0,0
778389,2025-04-09,2025,138,St. Louis Cardinals,134,Pittsburgh Pirates,1,2,1
778390,2025-04-09,2025,146,Miami Marlins,121,New York Mets,5,0,0
778391,2025-04-09,2025,145,Chicago White Sox,114,Cleveland Guardians,2,3,1
778392,2025-04-09,2025,119,Los Angeles Dodgers,120,Washington Nationals,6,5,0
778393,2025-04-09,2025,143,Philadelphia Phillies,144,Atlanta Braves,4,3,0
778399,2025-04-09,2025,108,Los Angeles Angels,139,Tampa Bay Rays,4,5,1
778371,2025-04-10,2025,158,Milwaukee Brewers,115,Colorado Rockies,2,7,1
778373,2025-04-10,2025,142,Minnesota Twins,118,Kansas City Royals,2,3,1
778377,2025-04-10,2025,141,Toronto Blue Jays,111,Boston Red Sox,3,4,1
778378,2025-04-10,2025,145,Chicago White Sox,114,Cleveland Guardians,1,6,1
778382,2025-04-10,2025,108,Los Angeles Angels,139,Tampa Bay Rays,11,1,0
778384,2025-04-10,2025,143,Philadelphia Phillies,144,Atlanta Braves,2,4,1
778356,2025-04-11,2025,112,Chicago Cubs,119,Los Angeles Dodgers,0,3,1
778358,2025-04-11,2025,121,New York Mets,133,Athletics,7,6,0
778360,2025-04-11,2025,140,Texas Rangers,136,Seattle Mariners,3,5,1
778361,2025-04-11,2025,115,Colorado Rockies,135,San Diego Padres,0,8,1
778363,2025-04-11,2025,116,Detroit Tigers,142,Minnesota Twins,7,6,0
778364,2025-04-11,2025,158,Milwaukee Brewers,109,Arizona Diamondbacks,7,0,0
778365,2025-04-11,2025,143,Philadelphia Phillies,138,St. Louis Cardinals,0,2,1
778366,2025-04-11,2025,111,Boston Red Sox,145,Chicago White Sox,1,11,1
778367,2025-04-11,2025,144,Atlanta Braves,139,Tampa Bay Rays,3,6,1
778368,2025-04-11,2025,108,Los Angeles Angels,117,Houston Astros,3,14,1
778369,2025-04-11,2025,120,Washington Nationals,146,Miami Marlins,7,4,0
778370,2025-04-11,2025,137,San Francisco Giants,147,New York Yankees,9,1,0
778374,2025-04-11,2025,134,Pittsburgh Pirates,113,Cincinnati Reds,3,5,1
778375,2025-04-11,2025,118,Kansas City Royals,114,Cleveland Guardians,0,7,1
778341,2025-04-12,2025,140,Texas Rangers,136,Seattle Mariners,2,9,1
778345,2025-04-12,2025,112,Chicago Cubs,119,Los Angeles Dodgers,16,0,0
778346,2025-04-12,2025,121,New York Mets,133,Athletics,1,3,1
778347,2025-04-12,2025,143,Philadelphia Phillies,138,St. Louis Cardinals,4,1,0
778348,2025-04-12,2025,116,Detroit Tigers,142,Minnesota Twins,4,0,0
778349,2025-04-12,2025,111,Boston Red Sox,145,Chicago White Sox,2,3,1
778350,2025-04-12,2025,158,Milwaukee Brewers,109,Arizona Diamondbacks,4,5,1
778351,2025-04-12,2025,108,Los Angeles Angels,117,Houston Astros,4,1,0
778352,2025-04-12,2025,115,Colorado Rockies,135,San Diego Padres,0,2,1
778353,2025-04-12,2025,144,Atlanta Braves,139,Tampa Bay Rays,5,4,0
778354,2025-04-12,2025,120,Washington Nationals,146,Miami Marlins,6,7,1
778355,2025-04-12,2025,137,San Francisco Giants,147,New York Yankees,4,8,1
778357,2025-04-12,2025,134,Pittsburgh Pirates,113,Cincinnati Reds,2,5,1
778359,2025-04-12,2025,118,Kansas City Royals,114,Cleveland Guardians,3,6,1
778362,2025-04-12,2025,141,Toronto Blue Jays,110,Baltimore Orioles,4,5,1
778329,2025-04-13,2025,108,Los Angeles Angels,117,Houston Astros,3,7,1
778330,2025-04-13,2025,115,Colorado Rockies,135,San Diego Padres,0,6,1
778331,2025-04-13,2025,112,Chicago Cubs,119,Los Angeles Dodgers,4,2,0
778332,2025-04-13,2025,158,Milwaukee Brewers,109,Arizona Diamondbacks,2,5,1
778333,2025-04-13,2025,121,New York Mets,133,Athletics,8,0,0
778334,2025-04-13,2025,140,Texas Rangers,136,Seattle Mariners,1,3,1
778335,2025-04-13,2025,116,Detroit Tigers,142,Minnesota Twins,1,5,1
778336,2025-04-13,2025,143,Philadelphia Phillies,138,St. Louis Cardinals,0,7,1
778337,2025-04-13,2025,120,Washington Nationals,146,Miami Marlins,4,11,1
778338,2025-04-13,2025,111,Boston Red Sox,145,Chicago White Sox,3,1,0
778339,2025-04-13,2025,137,San Francisco Giants,147,New York Yankees,5,4,0
778340,2025-04-13,2025,144,Atlanta Braves,139,Tampa Bay Rays,3,8,1
778342,2025-04-13,2025,118,Kansas City Royals,114,Cleveland Guardians,4,2,0
778343,2025-04-13,2025,134,Pittsburgh Pirates,113,Cincinnati Reds,0,4,1
778344,2025-04-13,2025,141,Toronto Blue Jays,110,Baltimore Orioles,7,6,0
778315,2025-04-14,2025,112,Chicago Cubs,135,San Diego Padres,4,10,1
778320,2025-04-14,2025,137,San Francisco Giants,143,Philadelphia Phillies,10,4,0
778321,2025-04-14,2025,120,Washington Nationals,134,Pittsburgh Pirates,3,10,1
778322,2025-04-14,2025,144,Atlanta Braves,141,Toronto Blue Jays,8,4,0
778323,2025-04-14,2025,116,Detroit Tigers,158,Milwaukee Brewers,9,1,0
778324,2025-04-14,2025,121,New York Mets,142,Minnesota Twins,5,1,0
778325,2025-04-14,2025,117,Houston Astros,138,St. Louis Cardinals,3,8,1
778326,2025-04-14,2025,115,Colorado Rockies,119,Los Angeles Dodgers,3,5,1
778327,2025-04-14,2025,118,Kansas City Royals,147,New York Yankees,1,4,1
778328,2025-04-14,2025,111,Boston Red Sox,139,Tampa Bay Rays,1,16,1
778302,2025-04-15,2025,115,Colorado Rockies,119,Los Angeles Dodgers,2,6,1
778305,2025-04-15,2025,112,Chicago Cubs,135,San Diego Padres,2,1,0
778306,2025-04-15,2025,108,Los Angeles Angels,140,Texas Rangers,0,4,1
778307,2025-04-15,2025,121,New York Mets,142,Minnesota Twins,3,6,1
778308,2025-04-15,2025,117,Houston Astros,138,St. Louis Cardinals,2,0,0
778309,2025-04-15,2025,133,Athletics,145,Chicago White Sox,12,3,0
778310,2025-04-15,2025,116,Detroit Tigers,158,Milwaukee Brewers,0,5,1
778311,2025-04-15,2025,144,Atlanta Braves,141,Toronto Blue Jays,3,6,1
778312,2025-04-15,2025,118,Kansas City Royals,147,New York Yankees,2,4,1
778313,2025-04-15,2025,137,San Francisco Giants,143,Philadelphia Phillies,4,6,1
778314,2025-04-15,2025,120,Washington Nationals,134,Pittsburgh Pirates,3,0,0
778316,2025-04-15,2025,136,Seattle Mariners,113,Cincinnati Reds,4,8,1
778317,2025-04-15,2025,114,Cleveland Guardians,110,Baltimore Orioles,6,3,0
778318,2025-04-15,2025,109,Arizona Diamondbacks,146,Miami Marlins,10,4,0
778319,2025-04-15,2025,111,Boston Red Sox,139,Tampa Bay Rays,7,4,0
778287,2025-04-16,2025,115,Colorado Rockies,119,Los Angeles Dodgers,7,8,1
778288,2025-04-16,2025,112,Chicago Cubs,135,San Diego Padres,2,4,1
778289,2025-04-16,2025,108,Los Angeles Angels,140,Texas Rangers,1,3,1
778290,2025-04-16,2025,117,Houston Astros,138,St. Louis Cardinals,1,4,1
778293,2025-04-16,2025,120,Washington Nationals,134,Pittsburgh Pirates,1,6,1
778294,2025-04-16,2025,133,Athletics,145,Chicago White Sox,3,1,0
778295,2025-04-16,2025,116,Detroit Tigers,158,Milwaukee Brewers,1,5,1
778296,2025-04-16,2025,137,San Francisco Giants,143,Philadelphia Phillies,11,4,0
778297,2025-04-16,2025,144,Atlanta Braves,141,Toronto Blue Jays,1,3,1
778298,2025-04-16,2025,111,Boston Red Sox,139,Tampa Bay Rays,1,0,0
778299,2025-04-16,2025,121,New York Mets,142,Minnesota Twins,3,4,1
778300,2025-04-16,2025,118,Kansas City Royals,147,New York Yankees,3,4,1
778301,2025-04-16,2025,114,Cleveland Guardians,110,Baltimore Orioles,1,9,1
778303,2025-04-16,2025,109,Arizona Diamondbacks,146,Miami Marlins,6,2,0
778304,2025-04-16,2025,136,Seattle Mariners,113,Cincinnati Reds,5,3,0
778278,2025-04-17,2025,138,St. Louis Cardinals,121,New York Mets,1,4,1
778279,2025-04-17,2025,137,San Francisco Giants,143,Philadelphia Phillies,4,6,1
778280,2025-04-17,2025,120,Washington Nationals,134,Pittsburgh Pirates,0,1,1
778281,2025-04-17,2025,108,Los Angeles Angels,140,Texas Rangers,3,5,1
778282,2025-04-17,2025,147,New York Yankees,139,Tampa Bay Rays,6,3,0
778283,2025-04-17,2025,133,Athletics,145,Chicago White Sox,8,0,0
778285,2025-04-17,2025,136,Seattle Mariners,113,Cincinnati Reds,11,7,0
778286,2025-04-17,2025,118,Kansas City Royals,116,Detroit Tigers,1,6,1
778291,2025-04-17,2025,109,Arizona Diamondbacks,146,Miami Marlins,6,4,0
778292,2025-04-17,2025,114,Cleveland Guardians,110,Baltimore Orioles,2,6,1
778260,2025-04-18,2025,137,San Francisco Giants,108,Los Angeles Angels,0,2,1
778261,2025-04-18,2025,133,Athletics,158,Milwaukee Brewers,3,5,1
778263,2025-04-18,2025,119,Los Angeles Dodgers,140,Texas Rangers,3,0,0
778268,2025-04-18,2025,109,Arizona Diamondbacks,112,Chicago Cubs,11,13,1
778269,2025-04-18,2025,135,San Diego Padres,117,Houston Astros,4,6,1
778270,2025-04-18,2025,138,St. Louis Cardinals,121,New York Mets,4,5,1
778271,2025-04-18,2025,114,Cleveland Guardians,134,Pittsburgh Pirates,10,7,0
778272,2025-04-18,2025,147,New York Yankees,139,Tampa Bay Rays,1,0,0
778273,2025-04-18,2025,136,Seattle Mariners,141,Toronto Blue Jays,1,3,1
778274,2025-04-18,2025,146,Miami Marlins,143,Philadelphia Phillies,2,7,1
778275,2025-04-18,2025,145,Chicago White Sox,111,Boston Red Sox,3,10,1
778276,2025-04-18,2025,113,Cincinnati Reds,110,Baltimore Orioles,8,3,0
778277,2025-04-18,2025,118,Kansas City Royals,116,Detroit Tigers,3,7,1
778284,2025-04-18,2025,142,Minnesota Twins,144,Atlanta Braves,4,6,1
778243,2025-04-19,2025,137,San Francisco Giants,108,Los Angeles Angels,3,2,0
778247,2025-04-19,2025,120,Washington Nationals,115,Colorado Rockies,12,11,0
778251,2025-04-19,2025,119,Los Angeles Dodgers,140,Texas Rangers,3,4,1
778252,2025-04-19,2025,146,Miami Marlins,143,Philadelphia Phillies,10,11,1
778253,2025-04-19,2025,133,Athletics,158,Milwaukee Brewers,3,1,0
778254,2025-04-19,2025,114,Cleveland Guardians,134,Pittsburgh Pirates,3,0,0
778255,2025-04-19,2025,147,New York Yankees,139,Tampa Bay Rays,8,10,1
778256,2025-04-19,2025,138,St. Louis Cardinals,121,New York Mets,0,3,1
778257,2025-04-19,2025,109,Arizona Diamondbacks,112,Chicago Cubs,2,6,1
778258,2025-04-19,2025,136,Seattle Mariners,141,Toronto Blue Jays,8,4,0
778259,2025-04-19,2025,135,San Diego Padres,117,Houston Astros,2,3,1
778262,2025-04-19,2025,113,Cincinnati Reds,110,Baltimore Orioles,5,9,1
778264,2025-04-19,2025,145,Chicago White Sox,111,Boston Red Sox,3,4,1
778265,2025-04-19,2025,118,Kansas City Royals,116,Detroit Tigers,1,3,1
778267,2025-04-19,2025,142,Minnesota Twins,144,Atlanta Braves,3,4,1
778232,2025-04-20,2025,137,San Francisco Giants,108,Los Angeles Angels,4,5,1
778234,2025-04-20,2025,119,Los Angeles Dodgers,140,Texas Rangers,1,0,0
778235,2025-04-20,2025,120,Washington Nationals,115,Colorado Rockies,3,2,0
778236,2025-04-20,2025,109,Arizona Diamondbacks,112,Chicago Cubs,3,2,0
778237,2025-04-20,2025,135,San Diego Padres,117,Houston Astros,3,2,0
778239,2025-04-20,2025,133,Athletics,158,Milwaukee Brewers,1,14,1
778240,2025-04-20,2025,147,New York Yankees,139,Tampa Bay Rays,4,0,0
778241,2025-04-20,2025,136,Seattle Mariners,141,Toronto Blue Jays,8,3,0
778242,2025-04-20,2025,114,Cleveland Guardians,134,Pittsburgh Pirates,5,4,0
778244,2025-04-20,2025,138,St. Louis Cardinals,121,New York Mets,4,7,1
778245,2025-04-20,2025,145,Chicago White Sox,111,Boston Red Sox,8,4,0
778246,2025-04-20,2025,118,Kansas City Royals,116,Detroit Tigers,4,3,0
778248,2025-04-20,2025,146,Miami Marlins,143,Philadelphia Phillies,7,5,0
778249,2025-04-20,2025,142,Minnesota Twins,144,Atlanta Braves,2,6,1
778250,2025-04-20,2025,113,Cincinnati Reds,110,Baltimore Orioles,24,2,0
778266,2025-04-20,2025,120,Washington Nationals,115,Colorado Rockies,1,3,1
778225,2025-04-21,2025,143,Philadelphia Phillies,121,New York Mets,4,5,1
778226,2025-04-21,2025,158,Milwaukee Brewers,137,San Francisco Giants,2,5,1
778227,2025-04-21,2025,147,New York Yankees,114,Cleveland Guardians,4,6,1
778228,2025-04-21,2025,135,San Diego Padres,116,Detroit Tigers,4,6,1
778230,2025-04-21,2025,113,Cincinnati Reds,146,Miami Marlins,3,6,1
778231,2025-04-21,2025,141,Toronto Blue Jays,117,Houston Astros,0,7,1
778233,2025-04-21,2025,138,St. Louis Cardinals,144,Atlanta Braves,6,7,1
778238,2025-04-21,2025,145,Chicago White Sox,111,Boston Red Sox,2,4,1
778210,2025-04-22,2025,158,Milwaukee Brewers,137,San Francisco Giants,11,3,0
778211,2025-04-22,2025,134,Pittsburgh Pirates,108,Los Angeles Angels,9,3,0
778212,2025-04-22,2025,139,Tampa Bay Rays,109,Arizona Diamondbacks,1,5,1
778213,2025-04-22,2025,140,Texas Rangers,133,Athletics,8,5,0
778215,2025-04-22,2025,115,Colorado Rockies,118,Kansas City Royals,3,4,1
778216,2025-04-22,2025,145,Chicago White Sox,142,Minnesota Twins,2,4,1
778217,2025-04-22,2025,141,Toronto Blue Jays,117,Houston Astros,1,5,1
778218,2025-04-22,2025,147,New York Yankees,114,Cleveland Guardians,2,3,1
778219,2025-04-22,2025,113,Cincinnati Reds,146,Miami Marlins,3,4,1
778220,2025-04-22,2025,119,Los Angeles Dodgers,112,Chicago Cubs,10,11,1
778221,2025-04-22,2025,135,San Diego Padres,116,Detroit Tigers,2,0,0
778222,2025-04-22,2025,110,Baltimore Orioles,120,Washington Nationals,0,7,1
778223,2025-04-22,2025,143,Philadelphia Phillies,121,New York Mets,1,5,1
778224,2025-04-22,2025,136,Seattle Mariners,111,Boston Red Sox,3,8,1
778229,2025-04-22,2025,138,St. Louis Cardinals,144,Atlanta Braves,10,4,0
778197,2025-04-23,2025,140,Texas Rangers,133,Athletics,2,5,1
778198,2025-04-23,2025,158,Milwaukee Brewers,137,San Francisco Giants,2,4,1
778199,2025-04-23,2025,139,Tampa Bay Rays,109,Arizona Diamondbacks,7,6,0
778200,2025-04-23,2025,141,Toronto Blue Jays,117,Houston Astros,1,3,1
778201,2025-04-23,2025,145,Chicago White Sox,142,Minnesota Twins,3,6,1
778202,2025-04-23,2025,134,Pittsburgh Pirates,108,Los Angeles Angels,3,0,0
778203,2025-04-23,2025,143,Philadelphia Phillies,121,New York Mets,3,4,1
778204,2025-04-23,2025,110,Baltimore Orioles,120,Washington Nationals,3,4,1
778205,2025-04-23,2025,119,Los Angeles Dodgers,112,Chicago Cubs,6,7,1
778206,2025-04-23,2025,147,New York Yankees,114,Cleveland Guardians,5,1,0
778207,2025-04-23,2025,136,Seattle Mariners,111,Boston Red Sox,8,5,0
778208,2025-04-23,2025,113,Cincinnati Reds,146,Miami Marlins,5,2,0
778209,2025-04-23,2025,135,San Diego Padres,116,Detroit Tigers,0,6,1
778214,2025-04-23,2025,138,St. Louis Cardinals,144,Atlanta Braves,1,4,1
778188,2025-04-24,2025,139,Tampa Bay Rays,109,Arizona Diamondbacks,7,4,0
778189,2025-04-24,2025,145,Chicago White Sox,142,Minnesota Twins,3,0,0
778190,2025-04-24,2025,115,Colorado Rockies,118,Kansas City Royals,4,7,1
778191,2025-04-24,2025,134,Pittsburgh Pirates,108,Los Angeles Angels,3,4,1
778192,2025-04-24,2025,140,Texas Rangers,133,Athletics,3,4,1
778193,2025-04-24,2025,110,Baltimore Orioles,120,Washington Nationals,2,1,0
778194,2025-04-24,2025,158,Milwaukee Brewers,137,San Francisco Giants,5,6,1
778195,2025-04-24,2025,115,Colorado Rockies,118,Kansas City Royals,2,6,1
778196,2025-04-24,2025,136,Seattle Mariners,111,Boston Red Sox,4,3,0
778171,2025-04-25,2025,140,Texas Rangers,137,San Francisco Giants,2,0,0
778172,2025-04-25,2025,139,Tampa Bay Rays,135,San Diego Padres,1,0,0
778175,2025-04-25,2025,146,Miami Marlins,136,Seattle Mariners,8,4,0
778176,2025-04-25,2025,134,Pittsburgh Pirates,119,Los Angeles Dodgers,3,0,0
778177,2025-04-25,2025,144,Atlanta Braves,109,Arizona Diamondbacks,8,2,0
778178,2025-04-25,2025,145,Chicago White Sox,133,Athletics,5,6,1
778181,2025-04-25,2025,113,Cincinnati Reds,115,Colorado Rockies,8,7,0
778182,2025-04-25,2025,143,Philadelphia Phillies,112,Chicago Cubs,0,4,1
778183,2025-04-25,2025,121,New York Mets,120,Washington Nationals,4,5,1
778184,2025-04-25,2025,158,Milwaukee Brewers,138,St. Louis Cardinals,2,3,1
778185,2025-04-25,2025,141,Toronto Blue Jays,147,New York Yankees,4,2,0
778186,2025-04-25,2025,108,Los Angeles Angels,142,Minnesota Twins,4,11,1
778187,2025-04-25,2025,117,Houston Astros,118,Kansas City Royals,0,2,1
778154,2025-04-26,2025,146,Miami Marlins,136,Seattle Mariners,0,14,1
778159,2025-04-26,2025,140,Texas Rangers,137,San Francisco Giants,2,3,1
778160,2025-04-26,2025,139,Tampa Bay Rays,135,San Diego Padres,4,1,0
778161,2025-04-26,2025,113,Cincinnati Reds,115,Colorado Rockies,6,4,0
778162,2025-04-26,2025,144,Atlanta Braves,109,Arizona Diamondbacks,8,7,0
778163,2025-04-26,2025,134,Pittsburgh Pirates,119,Los Angeles Dodgers,4,8,1
778164,2025-04-26,2025,158,Milwaukee Brewers,138,St. Louis Cardinals,5,6,1
778165,2025-04-26,2025,145,Chicago White Sox,133,Athletics,10,3,0
778166,2025-04-26,2025,108,Los Angeles Angels,142,Minnesota Twins,1,5,1
778167,2025-04-26,2025,117,Houston Astros,118,Kansas City Royals,0,2,1
778168,2025-04-26,2025,110,Baltimore Orioles,116,Detroit Tigers,3,4,1
778169,2025-04-26,2025,111,Boston Red Sox,114,Cleveland Guardians,7,3,0
778173,2025-04-26,2025,121,New York Mets,120,Washington Nationals,2,0,0
778174,2025-04-26,2025,143,Philadelphia Phillies,112,Chicago Cubs,10,4,0
778179,2025-04-26,2025,111,Boston Red Sox,114,Cleveland Guardians,4,5,1
778180,2025-04-26,2025,110,Baltimore Orioles,116,Detroit Tigers,2,6,1
778136,2025-04-27,2025,146,Miami Marlins,136,Seattle Mariners,6,7,1
778144,2025-04-27,2025,108,Los Angeles Angels,142,Minnesota Twins,0,5,1
778145,2025-04-27,2025,134,Pittsburgh Pirates,119,Los Angeles Dodgers,2,9,1
778146,2025-04-27,2025,139,Tampa Bay Rays,135,San Diego Padres,4,2,0
778147,2025-04-27,2025,144,Atlanta Braves,109,Arizona Diamondbacks,4,6,1
778148,2025-04-27,2025,113,Cincinnati Reds,115,Colorado Rockies,8,1,0
778149,2025-04-27,2025,145,Chicago White Sox,133,Athletics,2,3,1
778150,2025-04-27,2025,158,Milwaukee Brewers,138,St. Louis Cardinals,7,1,0
778151,2025-04-27,2025,140,Texas Rangers,137,San Francisco Giants,2,3,1
778152,2025-04-27,2025,117,Houston Astros,118,Kansas City Royals,7,3,0
778153,2025-04-27,2025,121,New York Mets,120,Washington Nationals,7,8,1
778155,2025-04-27,2025,110,Baltimore Orioles,116,Detroit Tigers,0,7,1
778156,2025-04-27,2025,141,Toronto Blue Jays,147,New York Yankees,2,11,1
778157,2025-04-27,2025,111,Boston Red Sox,114,Cleveland Guardians,13,3,0
778158,2025-04-27,2025,143,Philadelphia Phillies,112,Chicago Cubs,3,1,0
778170,2025-04-27,2025,141,Toronto Blue Jays,147,New York Yankees,1,5,1
778132,2025-04-28,2025,146,Miami Marlins,119,Los Angeles Dodgers,6,7,1
778137,2025-04-28,2025,144,Atlanta Braves,115,Colorado Rockies,6,3,0
778138,2025-04-28,2025,121,New York Mets,120,Washington Nationals,19,5,0
778139,2025-04-28,2025,142,Minnesota Twins,114,Cleveland Guardians,11,1,0
778140,2025-04-28,2025,147,New York Yankees,110,Baltimore Orioles,3,4,1
778141,2025-04-28,2025,138,St. Louis Cardinals,113,Cincinnati Reds,1,3,1
778142,2025-04-28,2025,116,Detroit Tigers,117,Houston Astros,5,8,1
778143,2025-04-28,2025,133,Athletics,140,Texas Rangers,2,1,0
778120,2025-04-29,2025,144,Atlanta Braves,115,Colorado Rockies,8,2,0
778121,2025-04-29,2025,108,Los Angeles Angels,136,Seattle Mariners,3,5,1
778122,2025-04-29,2025,133,Athletics,140,Texas Rangers,2,15,1
778123,2025-04-29,2025,146,Miami Marlins,119,Los Angeles Dodgers,2,15,1
778124,2025-04-29,2025,116,Detroit Tigers,117,Houston Astros,4,6,1
778125,2025-04-29,2025,158,Milwaukee Brewers,145,Chicago White Sox,7,2,0
778126,2025-04-29,2025,137,San Francisco Giants,135,San Diego Padres,4,7,1
778127,2025-04-29,2025,111,Boston Red Sox,141,Toronto Blue Jays,10,2,0
778128,2025-04-29,2025,118,Kansas City Royals,139,Tampa Bay Rays,3,1,0
778129,2025-04-29,2025,142,Minnesota Twins,114,Cleveland Guardians,1,2,1
778130,2025-04-29,2025,109,Arizona Diamondbacks,121,New York Mets,3,8,1
778131,2025-04-29,2025,120,Washington Nationals,143,Philadelphia Phillies,6,7,1
778133,2025-04-29,2025,147,New York Yankees,110,Baltimore Orioles,15,3,0
778135,2025-04-29,2025,112,Chicago Cubs,134,Pittsburgh Pirates,9,0,0
778102,2025-04-30,2025,144,Atlanta Braves,115,Colorado Rockies,1,2,1
778104,2025-04-30,2025,108,Los Angeles Angels,136,Seattle Mariners,3,9,1
778105,2025-04-30,2025,137,San Francisco Giants,135,San Diego Padres,3,5,1
778106,2025-04-30,2025,133,Athletics,140,Texas Rangers,7,1,0
778109,2025-04-30,2025,146,Miami Marlins,119,Los Angeles Dodgers,7,12,1
778110,2025-04-30,2025,116,Detroit Tigers,117,Houston Astros,7,4,0
778111,2025-04-30,2025,158,Milwaukee Brewers,145,Chicago White Sox,6,4,0
778112,2025-04-30,2025,112,Chicago Cubs,134,Pittsburgh Pirates,3,4,1
778113,2025-04-30,2025,118,Kansas City Royals,139,Tampa Bay Rays,3,0,0
778114,2025-04-30,2025,111,Boston Red Sox,141,Toronto Blue Jays,6,7,1
778115,2025-04-30,2025,147,New York Yankees,110,Baltimore Orioles,4,5,1
778116,2025-04-30,2025,142,Minnesota Twins,114,Cleveland Guardians,2,4,1
778117,2025-04-30,2025,109,Arizona Diamondbacks,121,New York Mets,4,3,0
778118,2025-04-30,2025,120,Washington Nationals,143,Philadelphia Phillies,2,7,1
778119,2025-04-30,2025,138,St. Louis Cardinals,113,Cincinnati Reds,9,1,0
778134,2025-04-30,2025,138,St. Louis Cardinals,113,Cincinnati Reds,6,0,0
778094,2025-05-01,2025,158,Milwaukee Brewers,145,Chicago White Sox,0,8,1
778095,2025-05-01,2025,111,Boston Red Sox,141,Toronto Blue Jays,2,4,1
778096,2025-05-01,2025,133,Athletics,140,Texas Rangers,3,0,0
778097,2025-05-01,2025,118,Kansas City Royals,139,Tampa Bay Rays,8,2,0
778098,2025-05-01,2025,115,Colorado Rockies,137,San Francisco Giants,4,3,0
778099,2025-05-01,2025,120,Washington Nationals,143,Philadelphia Phillies,4,2,0
778100,2025-05-01,2025,112,Chicago Cubs,134,Pittsburgh Pirates,8,3,0
778101,2025-05-01,2025,116,Detroit Tigers,108,Los Angeles Angels,10,4,0
778103,2025-05-01,2025,109,Arizona Diamondbacks,121,New York Mets,4,2,0
778107,2025-05-01,2025,138,St. Louis Cardinals,113,Cincinnati Reds,1,9,1
778108,2025-05-01,2025,142,Minnesota Twins,114,Cleveland Guardians,3,4,1
778079,2025-05-02,2025,117,Houston Astros,145,Chicago White Sox,3,7,1
778080,2025-05-02,2025,112,Chicago Cubs,158,Milwaukee Brewers,10,0,0
778081,2025-05-02,2025,114,Cleveland Guardians,141,Toronto Blue Jays,3,5,1
778082,2025-05-02,2025,115,Colorado Rockies,137,San Francisco Giants,0,4,1
778083,2025-05-02,2025,136,Seattle Mariners,140,Texas Rangers,13,1,0
778084,2025-05-02,2025,121,New York Mets,138,St. Louis Cardinals,9,3,0
778085,2025-05-02,2025,116,Detroit Tigers,108,Los Angeles Angels,9,1,0
778086,2025-05-02,2025,109,Arizona Diamondbacks,143,Philadelphia Phillies,2,3,1
778087,2025-05-02,2025,120,Washington Nationals,113,Cincinnati Reds,1,6,1
778088,2025-05-02,2025,139,Tampa Bay Rays,147,New York Yankees,0,3,1
778089,2025-05-02,2025,142,Minnesota Twins,111,Boston Red Sox,1,6,1
778090,2025-05-02,2025,135,San Diego Padres,134,Pittsburgh Pirates,9,4,0
778091,2025-05-02,2025,133,Athletics,146,Miami Marlins,6,1,0
778092,2025-05-02,2025,119,Los Angeles Dodgers,144,Atlanta Braves,2,1,0
778093,2025-05-02,2025,118,Kansas City Royals,110,Baltimore Orioles,0,3,1
778064,2025-05-03,2025,114,Cleveland Guardians,141,Toronto Blue Jays,5,3,0
778065,2025-05-03,2025,135,San Diego Padres,134,Pittsburgh Pirates,2,1,0
778066,2025-05-03,2025,117,Houston Astros,145,Chicago White Sox,8,3,0
778067,2025-05-03,2025,116,Detroit Tigers,108,Los Angeles Angels,2,5,1
778069,2025-05-03,2025,115,Colorado Rockies,137,San Francisco Giants,3,6,1
778070,2025-05-03,2025,136,Seattle Mariners,140,Texas Rangers,2,1,0
778071,2025-05-03,2025,112,Chicago Cubs,158,Milwaukee Brewers,6,2,0
778072,2025-05-03,2025,118,Kansas City Royals,110,Baltimore Orioles,4,0,0
778073,2025-05-03,2025,142,Minnesota Twins,111,Boston Red Sox,4,3,0
778074,2025-05-03,2025,139,Tampa Bay Rays,147,New York Yankees,3,2,0
778075,2025-05-03,2025,133,Athletics,146,Miami Marlins,6,9,1
778076,2025-05-03,2025,119,Los Angeles Dodgers,144,Atlanta Braves,10,3,0
778077,2025-05-03,2025,120,Washington Nationals,113,Cincinnati Reds,11,6,0
778078,2025-05-03,2025,109,Arizona Diamondbacks,143,Philadelphia Phillies,2,7,1
778048,2025-05-04,2025,115,Colorado Rockies,137,San Francisco Giants,3,9,1
778050,2025-05-04,2025,116,Detroit Tigers,108,Los Angeles Angels,13,1,0
778051,2025-05-04,2025,135,San Diego Padres,134,Pittsburgh Pirates,4,0,0
778052,2025-05-04,2025,136,Seattle Mariners,140,Texas Rangers,1,8,1
778053,2025-05-04,2025,121,New York Mets,138,St. Louis Cardinals,5,6,1
778054,2025-05-04,2025,112,Chicago Cubs,158,Milwaukee Brewers,0,4,1
778055,2025-05-04,2025,117,Houston Astros,145,Chicago White Sox,4,5,1
778056,2025-05-04,2025,114,Cleveland Guardians,141,Toronto Blue Jays,5,4,0
778057,2025-05-04,2025,139,Tampa Bay Rays,147,New York Yankees,7,5,0
778058,2025-05-04,2025,120,Washington Nationals,113,Cincinnati Reds,4,1,0
778059,2025-05-04,2025,109,Arizona Diamondbacks,143,Philadelphia Phillies,11,9,0
778060,2025-05-04,2025,119,Los Angeles Dodgers,144,Atlanta Braves,3,4,1
778061,2025-05-04,2025,133,Athletics,146,Miami Marlins,3,2,0
778062,2025-05-04,2025,118,Kansas City Royals,110,Baltimore Orioles,11,6,0
778063,2025-05-04,2025,142,Minnesota Twins,111,Boston Red Sox,5,4,0
778068,2025-05-04,2025,121,New York Mets,138,St. Louis Cardinals,4,5,1
778036,2025-05-05,2025,134,Pittsburgh Pirates,138,St. Louis Cardinals,3,6,1
778038,2025-05-05,2025,136,Seattle Mariners,133,Athletics,6,7,1
778039,2025-05-05,2025,121,New York Mets,109,Arizona Diamondbacks,5,4,0
778042,2025-05-05,2025,117,Houston Astros,158,Milwaukee Brewers,1,5,1
778043,2025-05-05,2025,145,Chicago White Sox,118,Kansas City Royals,0,3,1
778044,2025-05-05,2025,137,San Francisco Giants,112,Chicago Cubs,2,9,1
778045,2025-05-05,2025,135,San Diego Padres,147,New York Yankees,4,3,0
778047,2025-05-05,2025,119,Los Angeles Dodgers,146,Miami Marlins,7,4,0
778049,2025-05-05,2025,113,Cincinnati Reds,144,Atlanta Braves,0,4,1
778024,2025-05-06,2025,136,Seattle Mariners,133,Athletics,5,3,0
778025,2025-05-06,2025,141,Toronto Blue Jays,108,Los Angeles Angels,3,8,1
778026,2025-05-06,2025,114,Cleveland Guardians,120,Washington Nationals,9,10,1
778027,2025-05-06,2025,137,San Francisco Giants,112,Chicago Cubs,14,5,0
778028,2025-05-06,2025,110,Baltimore Orioles,142,Minnesota Twins,1,9,1
778030,2025-05-06,2025,134,Pittsburgh Pirates,138,St. Louis Cardinals,1,2,1
778031,2025-05-06,2025,117,Houston Astros,158,Milwaukee Brewers,3,4,1
778032,2025-05-06,2025,121,New York Mets,109,Arizona Diamondbacks,1,5,1
778033,2025-05-06,2025,145,Chicago White Sox,118,Kansas City Royals,3,4,1
778034,2025-05-06,2025,113,Cincinnati Reds,144,Atlanta Braves,1,2,1
778035,2025-05-06,2025,119,Los Angeles Dodgers,146,Miami Marlins,4,5,1
778037,2025-05-06,2025,140,Texas Rangers,111,Boston Red Sox,6,1,0
778040,2025-05-06,2025,143,Philadelphia Phillies,139,Tampa Bay Rays,8,4,0
778041,2025-05-06,2025,135,San Diego Padres,147,New York Yankees,3,12,1
778046,2025-05-06,2025,114,Cleveland Guardians,120,Washington Nationals,9,1,0
778009,2025-05-07,2025,141,Toronto Blue Jays,108,Los Angeles Angels,4,5,1
778010,2025-05-07,2025,136,Seattle Mariners,133,Athletics,6,5,0
778011,2025-05-07,2025,110,Baltimore Orioles,142,Minnesota Twins,2,5,1
778012,2025-05-07,2025,145,Chicago White Sox,118,Kansas City Royals,1,2,1
778013,2025-05-07,2025,116,Detroit Tigers,115,Colorado Rockies,8,6,0
778014,2025-05-07,2025,121,New York Mets,109,Arizona Diamondbacks,7,1,0
778015,2025-05-07,2025,117,Houston Astros,158,Milwaukee Brewers,9,1,0
778016,2025-05-07,2025,134,Pittsburgh Pirates,138,St. Louis Cardinals,0,5,1
778017,2025-05-07,2025,119,Los Angeles Dodgers,146,Miami Marlins,10,1,0
778018,2025-05-07,2025,140,Texas Rangers,111,Boston Red Sox,4,6,1
778019,2025-05-07,2025,135,San Diego Padres,147,New York Yankees,3,4,1
778020,2025-05-07,2025,137,San Francisco Giants,112,Chicago Cubs,3,1,0
778021,2025-05-07,2025,143,Philadelphia Phillies,139,Tampa Bay Rays,7,0,0
778022,2025-05-07,2025,114,Cleveland Guardians,120,Washington Nationals,8,6,0
778023,2025-05-07,2025,113,Cincinnati Reds,144,Atlanta Braves,4,3,0
777999,2025-05-08,2025,119,Los Angeles Dodgers,109,Arizona Diamondbacks,3,5,1
778000,2025-05-08,2025,141,Toronto Blue Jays,108,Los Angeles Angels,8,5,0
778003,2025-05-08,2025,113,Cincinnati Reds,144,Atlanta Braves,4,5,1
778004,2025-05-08,2025,116,Detroit Tigers,115,Colorado Rockies,10,2,0
778005,2025-05-08,2025,143,Philadelphia Phillies,139,Tampa Bay Rays,7,6,0
778006,2025-05-08,2025,140,Texas Rangers,111,Boston Red Sox,0,5,1
778007,2025-05-08,2025,110,Baltimore Orioles,142,Minnesota Twins,2,5,1
778008,2025-05-08,2025,145,Chicago White Sox,118,Kansas City Royals,0,10,1
778029,2025-05-08,2025,116,Detroit Tigers,115,Colorado Rockies,11,1,0
777984,2025-05-09,2025,141,Toronto Blue Jays,136,Seattle Mariners,6,3,0
777986,2025-05-09,2025,110,Baltimore Orioles,108,Los Angeles Angels,4,1,0
777988,2025-05-09,2025,119,Los Angeles Dodgers,109,Arizona Diamondbacks,14,11,0
777989,2025-05-09,2025,113,Cincinnati Reds,117,Houston Astros,0,3,1
777990,2025-05-09,2025,111,Boston Red Sox,118,Kansas City Royals,1,2,1
777991,2025-05-09,2025,146,Miami Marlins,145,Chicago White Sox,2,6,1
777992,2025-05-09,2025,137,San Francisco Giants,142,Minnesota Twins,1,3,1
777993,2025-05-09,2025,135,San Diego Padres,115,Colorado Rockies,13,9,0
777994,2025-05-09,2025,147,New York Yankees,133,Athletics,10,2,0
777995,2025-05-09,2025,138,St. Louis Cardinals,120,Washington Nationals,10,0,0
777996,2025-05-09,2025,140,Texas Rangers,116,Detroit Tigers,1,2,1
777997,2025-05-09,2025,143,Philadelphia Phillies,114,Cleveland Guardians,0,6,1
777998,2025-05-09,2025,144,Atlanta Braves,134,Pittsburgh Pirates,2,3,1
778001,2025-05-09,2025,112,Chicago Cubs,121,New York Mets,2,7,1
778002,2025-05-09,2025,158,Milwaukee Brewers,139,Tampa Bay Rays,3,4,1
777970,2025-05-10,2025,141,Toronto Blue Jays,136,Seattle Mariners,6,3,0
777972,2025-05-10,2025,147,New York Yankees,133,Athletics,7,11,1
777973,2025-05-10,2025,110,Baltimore Orioles,108,Los Angeles Angels,2,5,1
777974,2025-05-10,2025,137,San Francisco Giants,142,Minnesota Twins,1,2,1
777975,2025-05-10,2025,119,Los Angeles Dodgers,109,Arizona Diamondbacks,0,3,1
777976,2025-05-10,2025,135,San Diego Padres,115,Colorado Rockies,21,0,0
777977,2025-05-10,2025,111,Boston Red Sox,118,Kansas City Royals,10,1,0
777978,2025-05-10,2025,146,Miami Marlins,145,Chicago White Sox,3,1,0
777979,2025-05-10,2025,113,Cincinnati Reds,117,Houston Astros,13,9,0
777980,2025-05-10,2025,138,St. Louis Cardinals,120,Washington Nationals,4,2,0
777981,2025-05-10,2025,158,Milwaukee Brewers,139,Tampa Bay Rays,2,3,1
777982,2025-05-10,2025,112,Chicago Cubs,121,New York Mets,6,5,0
777983,2025-05-10,2025,143,Philadelphia Phillies,114,Cleveland Guardians,7,1,0
777985,2025-05-10,2025,144,Atlanta Braves,134,Pittsburgh Pirates,3,2,0
777987,2025-05-10,2025,140,Texas Rangers,116,Detroit Tigers,10,3,0
777954,2025-05-11,2025,119,Los Angeles Dodgers,109,Arizona Diamondbacks,8,1,0
777955,2025-05-11,2025,135,San Diego Padres,115,Colorado Rockies,3,9,1
777956,2025-05-11,2025,137,San Francisco Giants,142,Minnesota Twins,6,7,1
777957,2025-05-11,2025,147,New York Yankees,133,Athletics,12,2,0
777958,2025-05-11,2025,141,Toronto Blue Jays,136,Seattle Mariners,9,1,0
777961,2025-05-11,2025,110,Baltimore Orioles,108,Los Angeles Angels,7,3,0
777962,2025-05-11,2025,138,St. Louis Cardinals,120,Washington Nationals,6,1,0
777963,2025-05-11,2025,113,Cincinnati Reds,117,Houston Astros,0,6,1
777964,2025-05-11,2025,158,Milwaukee Brewers,139,Tampa Bay Rays,4,2,0
777965,2025-05-11,2025,111,Boston Red Sox,118,Kansas City Royals,3,1,0
777966,2025-05-11,2025,146,Miami Marlins,145,Chicago White Sox,2,4,1
777967,2025-05-11,2025,144,Atlanta Braves,134,Pittsburgh Pirates,3,4,1
777968,2025-05-11,2025,112,Chicago Cubs,121,New York Mets,2,6,1
777969,2025-05-11,2025,140,Texas Rangers,116,Detroit Tigers,6,1,0
777971,2025-05-11,2025,143,Philadelphia Phillies,114,Cleveland Guardians,3,0,0
777939,2025-05-12,2025,109,Arizona Diamondbacks,137,San Francisco Giants,2,1,0
777941,2025-05-12,2025,147,New York Yankees,136,Seattle Mariners,11,5,0
777947,2025-05-12,2025,108,Los Angeles Angels,135,San Diego Padres,9,5,0
777948,2025-05-12,2025,118,Kansas City Royals,117,Houston Astros,7,5,0
777949,2025-05-12,2025,115,Colorado Rockies,140,Texas Rangers,1,2,1
777950,2025-05-12,2025,134,Pittsburgh Pirates,121,New York Mets,3,4,1
777951,2025-05-12,2025,111,Boston Red Sox,116,Detroit Tigers,2,14,1
777952,2025-05-12,2025,146,Miami Marlins,112,Chicago Cubs,2,5,1
777953,2025-05-12,2025,138,St. Louis Cardinals,143,Philadelphia Phillies,3,2,0
777959,2025-05-12,2025,120,Washington Nationals,144,Atlanta Braves,3,4,1
777960,2025-05-12,2025,158,Milwaukee Brewers,114,Cleveland Guardians,0,5,1
777926,2025-05-13,2025,147,New York Yankees,136,Seattle Mariners,1,2,1
777930,2025-05-13,2025,109,Arizona Diamondbacks,137,San Francisco Giants,6,10,1
777931,2025-05-13,2025,118,Kansas City Royals,117,Houston Astros,1,2,1
777932,2025-05-13,2025,108,Los Angeles Angels,135,San Diego Padres,4,6,1
777934,2025-05-13,2025,115,Colorado Rockies,140,Texas Rangers,1,4,1
777935,2025-05-13,2025,139,Tampa Bay Rays,141,Toronto Blue Jays,11,9,0
777936,2025-05-13,2025,146,Miami Marlins,112,Chicago Cubs,4,5,1
777937,2025-05-13,2025,133,Athletics,119,Los Angeles Dodgers,11,1,0
777940,2025-05-13,2025,111,Boston Red Sox,116,Detroit Tigers,9,10,1
777942,2025-05-13,2025,120,Washington Nationals,144,Atlanta Braves,2,5,1
777943,2025-05-13,2025,134,Pittsburgh Pirates,121,New York Mets,1,2,1
777944,2025-05-13,2025,158,Milwaukee Brewers,114,Cleveland Guardians,0,2,1
777945,2025-05-13,2025,145,Chicago White Sox,113,Cincinnati Reds,5,1,0
777914,2025-05-14,2025,108,Los Angeles Angels,135,San Diego Padres,1,5,1
777915,2025-05-14,2025,147,New York Yankees,136,Seattle Mariners,3,2,0
777916,2025-05-14,2025,109,Arizona Diamondbacks,137,San Francisco Giants,8,7,0
777917,2025-05-14,2025,133,Athletics,119,Los Angeles Dodgers,3,9,1
777918,2025-05-14,2025,115,Colorado Rockies,140,Texas Rangers,3,8,1
777919,2025-05-14,2025,134,Pittsburgh Pirates,121,New York Mets,4,0,0
777920,2025-05-14,2025,118,Kansas City Royals,117,Houston Astros,3,4,1
777921,2025-05-14,2025,146,Miami Marlins,112,Chicago Cubs,3,1,0
777922,2025-05-14,2025,138,St. Louis Cardinals,143,Philadelphia Phillies,1,2,1
777923,2025-05-14,2025,139,Tampa Bay Rays,141,Toronto Blue Jays,1,3,1
777924,2025-05-14,2025,142,Minnesota Twins,110,Baltimore Orioles,6,3,0
777925,2025-05-14,2025,158,Milwaukee Brewers,114,Cleveland Guardians,9,5,0
777927,2025-05-14,2025,111,Boston Red Sox,116,Detroit Tigers,5,6,1
777928,2025-05-14,2025,145,Chicago White Sox,113,Cincinnati Reds,4,2,0
777929,2025-05-14,2025,120,Washington Nationals,144,Atlanta Braves,5,4,0
777933,2025-05-14,2025,138,St. Louis Cardinals,143,Philadelphia Phillies,14,7,0
777938,2025-05-14,2025,142,Minnesota Twins,110,Baltimore Orioles,8,6,0
777909,2025-05-15,2025,120,Washington Nationals,144,Atlanta Braves,2,5,1
777910,2025-05-15,2025,117,Houston Astros,140,Texas Rangers,0,1,1
777911,2025-05-15,2025,142,Minnesota Twins,110,Baltimore Orioles,4,0,0
777912,2025-05-15,2025,145,Chicago White Sox,113,Cincinnati Reds,1,7,1
777913,2025-05-15,2025,139,Tampa Bay Rays,141,Toronto Blue Jays,8,3,0
777946,2025-05-15,2025,133,Athletics,119,Los Angeles Dodgers,2,19,1
777891,2025-05-16,2025,133,Athletics,137,San Francisco Giants,1,9,1
777895,2025-05-16,2025,117,Houston Astros,140,Texas Rangers,6,3,0
777896,2025-05-16,2025,136,Seattle Mariners,135,San Diego Padres,5,1,0
777897,2025-05-16,2025,115,Colorado Rockies,109,Arizona Diamondbacks,0,8,1
777898,2025-05-16,2025,142,Minnesota Twins,158,Milwaukee Brewers,3,0,0
777899,2025-05-16,2025,108,Los Angeles Angels,119,Los Angeles Dodgers,6,2,0
777900,2025-05-16,2025,145,Chicago White Sox,112,Chicago Cubs,3,13,1
777901,2025-05-16,2025,138,St. Louis Cardinals,118,Kansas City Royals,10,3,0
777902,2025-05-16,2025,114,Cleveland Guardians,113,Cincinnati Reds,4,5,1
777903,2025-05-16,2025,139,Tampa Bay Rays,146,Miami Marlins,4,9,1
777904,2025-05-16,2025,121,New York Mets,147,New York Yankees,2,6,1
777905,2025-05-16,2025,134,Pittsburgh Pirates,143,Philadelphia Phillies,4,8,1
777906,2025-05-16,2025,116,Detroit Tigers,141,Toronto Blue Jays,5,4,0
777907,2025-05-16,2025,120,Washington Nationals,110,Baltimore Orioles,4,3,0
777908,2025-05-16,2025,144,Atlanta Braves,111,Boston Red Sox,4,2,0
777875,2025-05-17,2025,136,Seattle Mariners,135,San Diego Padres,4,1,0
777879,2025-05-17,2025,133,Athletics,137,San Francisco Giants,0,1,1
777881,2025-05-17,2025,145,Chicago White Sox,112,Chicago Cubs,3,7,1
777882,2025-05-17,2025,117,Houston Astros,140,Texas Rangers,1,5,1
777883,2025-05-17,2025,142,Minnesota Twins,158,Milwaukee Brewers,7,0,0
777884,2025-05-17,2025,108,Los Angeles Angels,119,Los Angeles Dodgers,11,9,0
777885,2025-05-17,2025,138,St. Louis Cardinals,118,Kansas City Royals,1,0,0
777886,2025-05-17,2025,116,Detroit Tigers,141,Toronto Blue Jays,1,2,1
777887,2025-05-17,2025,115,Colorado Rockies,109,Arizona Diamondbacks,14,12,0
777888,2025-05-17,2025,121,New York Mets,147,New York Yankees,3,2,0
777889,2025-05-17,2025,139,Tampa Bay Rays,146,Miami Marlins,4,0,0
777890,2025-05-17,2025,120,Washington Nationals,110,Baltimore Orioles,10,6,0
777892,2025-05-17,2025,114,Cleveland Guardians,113,Cincinnati Reds,1,4,1
777893,2025-05-17,2025,144,Atlanta Braves,111,Boston Red Sox,6,7,1
777894,2025-05-17,2025,134,Pittsburgh Pirates,143,Philadelphia Phillies,2,5,1
777864,2025-05-18,2025,138,St. Louis Cardinals,118,Kansas City Royals,1,2,1
777865,2025-05-18,2025,142,Minnesota Twins,158,Milwaukee Brewers,2,5,1
777866,2025-05-18,2025,108,Los Angeles Angels,119,Los Angeles Dodgers,6,4,0
777867,2025-05-18,2025,133,Athletics,137,San Francisco Giants,2,3,1
777868,2025-05-18,2025,136,Seattle Mariners,135,San Diego Padres,6,1,0
777869,2025-05-18,2025,117,Houston Astros,140,Texas Rangers,4,3,0
777870,2025-05-18,2025,115,Colorado Rockies,109,Arizona Diamondbacks,0,1,1
777871,2025-05-18,2025,116,Detroit Tigers,141,Toronto Blue Jays,3,2,0
777872,2025-05-18,2025,145,Chicago White Sox,112,Chicago Cubs,2,6,1
777873,2025-05-18,2025,120,Washington Nationals,110,Baltimore Orioles,10,4,0
777874,2025-05-18,2025,114,Cleveland Guardians,113,Cincinnati Reds,1,3,1
777876,2025-05-18,2025,144,Atlanta Braves,111,Boston Red Sox,10,4,0
777877,2025-05-18,2025,139,Tampa Bay Rays,146,Miami Marlins,1,5,1
777878,2025-05-18,2025,121,New York Mets,147,New York Yankees,2,8,1
777880,2025-05-18,2025,134,Pittsburgh Pirates,143,Philadelphia Phillies,0,1,1
777852,2025-05-19,2025,143,Philadelphia Phillies,115,Colorado Rockies,9,3,0
777853,2025-05-19,2025,108,Los Angeles Angels,133,Athletics,4,3,0
777854,2025-05-19,2025,109,Arizona Diamondbacks,119,Los Angeles Dodgers,9,5,0
777855,2025-05-19,2025,118,Kansas City Royals,137,San Francisco Giants,3,1,0
777856,2025-05-19,2025,121,New York Mets,111,Boston Red Sox,1,3,1
777857,2025-05-19,2025,136,Seattle Mariners,145,Chicago White Sox,5,1,0
777858,2025-05-19,2025,117,Houston Astros,139,Tampa Bay Rays,4,3,0
777859,2025-05-19,2025,113,Cincinnati Reds,134,Pittsburgh Pirates,7,1,0
777860,2025-05-19,2025,110,Baltimore Orioles,158,Milwaukee Brewers,4,5,1
777861,2025-05-19,2025,114,Cleveland Guardians,142,Minnesota Twins,5,6,1
777861,2025-05-19,2025,114,Cleveland Guardians,142,Minnesota Twins,5,6,1
777862,2025-05-19,2025,116,Detroit Tigers,138,St. Louis Cardinals,4,11,1
777863,2025-05-19,2025,112,Chicago Cubs,146,Miami Marlins,7,8,1
777836,2025-05-20,2025,118,Kansas City Royals,137,San Francisco Giants,2,3,1
777838,2025-05-20,2025,109,Arizona Diamondbacks,119,Los Angeles Dodgers,3,4,1
777840,2025-05-20,2025,116,Detroit Tigers,138,St. Louis Cardinals,5,4,0
777841,2025-05-20,2025,144,Atlanta Braves,120,Washington Nationals,3,5,1
777842,2025-05-20,2025,143,Philadelphia Phillies,115,Colorado Rockies,7,4,0
777843,2025-05-20,2025,108,Los Angeles Angels,133,Athletics,7,5,0
777844,2025-05-20,2025,110,Baltimore Orioles,158,Milwaukee Brewers,2,5,1
777845,2025-05-20,2025,135,San Diego Padres,141,Toronto Blue Jays,0,3,1
777846,2025-05-20,2025,136,Seattle Mariners,145,Chicago White Sox,0,1,1
777847,2025-05-20,2025,113,Cincinnati Reds,134,Pittsburgh Pirates,0,1,1
777848,2025-05-20,2025,117,Houston Astros,139,Tampa Bay Rays,2,3,1
777849,2025-05-20,2025,140,Texas Rangers,147,New York Yankees,2,5,1
777850,2025-05-20,2025,112,Chicago Cubs,146,Miami Marlins,14,1,0
777851,2025-05-20,2025,121,New York Mets,111,Boston Red Sox,0,2,1
777819,2025-05-21,2025,118,Kansas City Royals,137,San Francisco Giants,8,4,0
777823,2025-05-21,2025,143,Philadelphia Phillies,115,Colorado Rockies,9,5,0
777824,2025-05-21,2025,109,Arizona Diamondbacks,119,Los Angeles Dodgers,1,3,1
777826,2025-05-21,2025,110,Baltimore Orioles,158,Milwaukee Brewers,8,4,0
777827,2025-05-21,2025,116,Detroit Tigers,138,St. Louis Cardinals,5,1,0
777828,2025-05-21,2025,108,Los Angeles Angels,133,Athletics,10,5,0
777829,2025-05-21,2025,114,Cleveland Guardians,142,Minnesota Twins,5,1,0
777830,2025-05-21,2025,136,Seattle Mariners,145,Chicago White Sox,6,5,0
777831,2025-05-21,2025,121,New York Mets,111,Boston Red Sox,5,1,0
777832,2025-05-21,2025,117,Houston Astros,139,Tampa Bay Rays,4,8,1
777833,2025-05-21,2025,112,Chicago Cubs,146,Miami Marlins,2,1,0
777834,2025-05-21,2025,113,Cincinnati Reds,134,Pittsburgh Pirates,1,3,1
777835,2025-05-21,2025,140,Texas Rangers,147,New York Yankees,3,4,1
777837,2025-05-21,2025,135,San Diego Padres,141,Toronto Blue Jays,0,14,1
777812,2025-05-22,2025,108,Los Angeles Angels,133,Athletics,10,5,0
777814,2025-05-22,2025,158,Milwaukee Brewers,134,Pittsburgh Pirates,8,5,0
777816,2025-05-22,2025,135,San Diego Padres,141,Toronto Blue Jays,6,7,1
777817,2025-05-22,2025,143,Philadelphia Phillies,115,Colorado Rockies,2,0,0
777818,2025-05-22,2025,140,Texas Rangers,147,New York Yankees,0,1,1
777820,2025-05-22,2025,144,Atlanta Braves,120,Washington Nationals,7,8,1
777821,2025-05-22,2025,114,Cleveland Guardians,116,Detroit Tigers,7,0,0
777822,2025-05-22,2025,136,Seattle Mariners,117,Houston Astros,2,9,1
777797,2025-05-23,2025,109,Arizona Diamondbacks,138,St. Louis Cardinals,3,4,1
777798,2025-05-23,2025,146,Miami Marlins,108,Los Angeles Angels,4,7,1
777799,2025-05-23,2025,118,Kansas City Royals,142,Minnesota Twins,1,3,1
777800,2025-05-23,2025,136,Seattle Mariners,117,Houston Astros,5,3,0
777801,2025-05-23,2025,137,San Francisco Giants,120,Washington Nationals,4,0,0
777802,2025-05-23,2025,147,New York Yankees,115,Colorado Rockies,2,3,1
777804,2025-05-23,2025,143,Philadelphia Phillies,133,Athletics,4,3,0
777805,2025-05-23,2025,140,Texas Rangers,145,Chicago White Sox,1,4,1
777806,2025-05-23,2025,158,Milwaukee Brewers,134,Pittsburgh Pirates,5,6,1
777807,2025-05-23,2025,114,Cleveland Guardians,116,Detroit Tigers,3,1,0
777808,2025-05-23,2025,119,Los Angeles Dodgers,121,New York Mets,7,5,0
777810,2025-05-23,2025,141,Toronto Blue Jays,139,Tampa Bay Rays,1,3,1
777811,2025-05-23,2025,112,Chicago Cubs,113,Cincinnati Reds,13,6,0
777813,2025-05-23,2025,135,San Diego Padres,144,Atlanta Braves,2,1,0
777815,2025-05-23,2025,110,Baltimore Orioles,111,Boston Red Sox,5,19,1
777781,2025-05-24,2025,146,Miami Marlins,108,Los Angeles Angels,6,2,0
777782,2025-05-24,2025,147,New York Yankees,115,Colorado Rockies,13,1,0
777784,2025-05-24,2025,143,Philadelphia Phillies,133,Athletics,9,6,0
777786,2025-05-24,2025,109,Arizona Diamondbacks,138,St. Louis Cardinals,5,6,1
777787,2025-05-24,2025,136,Seattle Mariners,117,Houston Astros,1,2,1
777788,2025-05-24,2025,118,Kansas City Royals,142,Minnesota Twins,4,5,1
777789,2025-05-24,2025,119,Los Angeles Dodgers,121,New York Mets,2,5,1
777790,2025-05-24,2025,110,Baltimore Orioles,111,Boston Red Sox,2,1,0
777791,2025-05-24,2025,112,Chicago Cubs,113,Cincinnati Reds,4,6,1
777792,2025-05-24,2025,140,Texas Rangers,145,Chicago White Sox,5,10,1
777793,2025-05-24,2025,137,San Francisco Giants,120,Washington Nationals,0,3,1
777794,2025-05-24,2025,158,Milwaukee Brewers,134,Pittsburgh Pirates,1,2,1
777795,2025-05-24,2025,141,Toronto Blue Jays,139,Tampa Bay Rays,1,3,1
777796,2025-05-24,2025,114,Cleveland Guardians,116,Detroit Tigers,7,5,0
777803,2025-05-24,2025,135,San Diego Padres,144,Atlanta Braves,1,7,1
777809,2025-05-24,2025,110,Baltimore Orioles,111,Boston Red Sox,5,6,1
777765,2025-05-25,2025,143,Philadelphia Phillies,133,Athletics,4,5,1
777766,2025-05-25,2025,109,Arizona Diamondbacks,138,St. Louis Cardinals,3,4,1
777767,2025-05-25,2025,146,Miami Marlins,108,Los Angeles Angels,3,0,0
777768,2025-05-25,2025,147,New York Yankees,115,Colorado Rockies,5,4,0
777772,2025-05-25,2025,118,Kansas City Royals,142,Minnesota Twins,2,1,0
777773,2025-05-25,2025,119,Los Angeles Dodgers,121,New York Mets,1,3,1
777774,2025-05-25,2025,136,Seattle Mariners,117,Houston Astros,3,5,1
777775,2025-05-25,2025,141,Toronto Blue Jays,139,Tampa Bay Rays,0,13,1
777776,2025-05-25,2025,158,Milwaukee Brewers,134,Pittsburgh Pirates,6,5,0
777777,2025-05-25,2025,140,Texas Rangers,145,Chicago White Sox,5,4,0
777778,2025-05-25,2025,137,San Francisco Giants,120,Washington Nationals,3,2,0
777779,2025-05-25,2025,112,Chicago Cubs,113,Cincinnati Reds,11,8,0
777780,2025-05-25,2025,114,Cleveland Guardians,116,Detroit Tigers,0,5,1
777783,2025-05-25,2025,135,San Diego Padres,144,Atlanta Braves,5,3,0
777785,2025-05-25,2025,110,Baltimore Orioles,111,Boston Red Sox,5,1,0
777756,2025-05-26,2025,146,Miami Marlins,135,San Diego Padres,3,4,1
777757,2025-05-26,2025,115,Colorado Rockies,112,Chicago Cubs,1,3,1
777758,2025-05-26,2025,145,Chicago White Sox,121,New York Mets,1,2,1
777759,2025-05-26,2025,141,Toronto Blue Jays,140,Texas Rangers,2,1,0
777760,2025-05-26,2025,113,Cincinnati Reds,118,Kansas City Royals,7,4,0
777761,2025-05-26,2025,134,Pittsburgh Pirates,109,Arizona Diamondbacks,0,5,1
777762,2025-05-26,2025,142,Minnesota Twins,139,Tampa Bay Rays,2,7,1
777763,2025-05-26,2025,147,New York Yankees,108,Los Angeles Angels,5,1,0
777764,2025-05-26,2025,111,Boston Red Sox,158,Milwaukee Brewers,2,3,1
777769,2025-05-26,2025,119,Los Angeles Dodgers,114,Cleveland Guardians,7,2,0
777770,2025-05-26,2025,137,San Francisco Giants,116,Detroit Tigers,1,3,1
777771,2025-05-26,2025,138,St. Louis Cardinals,110,Baltimore Orioles,2,5,1
777741,2025-05-27,2025,141,Toronto Blue Jays,140,Texas Rangers,0,2,1
777742,2025-05-27,2025,146,Miami Marlins,135,San Diego Padres,6,8,1
777743,2025-05-27,2025,120,Washington Nationals,136,Seattle Mariners,1,9,1
777744,2025-05-27,2025,134,Pittsburgh Pirates,109,Arizona Diamondbacks,9,6,0
777745,2025-05-27,2025,147,New York Yankees,108,Los Angeles Angels,3,2,0
777746,2025-05-27,2025,142,Minnesota Twins,139,Tampa Bay Rays,4,2,0
777747,2025-05-27,2025,111,Boston Red Sox,158,Milwaukee Brewers,1,5,1
777748,2025-05-27,2025,144,Atlanta Braves,143,Philadelphia Phillies,0,2,1
777749,2025-05-27,2025,145,Chicago White Sox,121,New York Mets,4,6,1
777750,2025-05-27,2025,113,Cincinnati Reds,118,Kansas City Royals,7,2,0
777751,2025-05-27,2025,115,Colorado Rockies,112,Chicago Cubs,3,4,1
777752,2025-05-27,2025,133,Athletics,117,Houston Astros,1,11,1
777753,2025-05-27,2025,119,Los Angeles Dodgers,114,Cleveland Guardians,9,5,0
777754,2025-05-27,2025,138,St. Louis Cardinals,110,Baltimore Orioles,7,4,0
777755,2025-05-27,2025,137,San Francisco Giants,116,Detroit Tigers,1,3,1
777724,2025-05-28,2025,141,Toronto Blue Jays,140,Texas Rangers,2,0,0
777726,2025-05-28,2025,146,Miami Marlins,135,San Diego Padres,10,8,0
777728,2025-05-28,2025,147,New York Yankees,108,Los Angeles Angels,1,0,0
777729,2025-05-28,2025,134,Pittsburgh Pirates,109,Arizona Diamondbacks,10,1,0
777730,2025-05-28,2025,120,Washington Nationals,136,Seattle Mariners,9,0,0
777731,2025-05-28,2025,115,Colorado Rockies,112,Chicago Cubs,1,2,1
777732,2025-05-28,2025,142,Minnesota Twins,139,Tampa Bay Rays,0,5,1
777733,2025-05-28,2025,113,Cincinnati Reds,118,Kansas City Royals,2,3,1
777734,2025-05-28,2025,133,Athletics,117,Houston Astros,3,5,1
777736,2025-05-28,2025,111,Boston Red Sox,158,Milwaukee Brewers,5,6,1
777737,2025-05-28,2025,145,Chicago White Sox,121,New York Mets,9,4,0
777738,2025-05-28,2025,137,San Francisco Giants,116,Detroit Tigers,3,4,1
777739,2025-05-28,2025,119,Los Angeles Dodgers,114,Cleveland Guardians,4,7,1
777740,2025-05-28,2025,138,St. Louis Cardinals,110,Baltimore Orioles,6,4,0
777722,2025-05-29,2025,120,Washington Nationals,136,Seattle Mariners,9,3,0
777723,2025-05-29,2025,144,Atlanta Braves,143,Philadelphia Phillies,9,3,0
777725,2025-05-29,2025,139,Tampa Bay Rays,117,Houston Astros,13,3,0
777727,2025-05-29,2025,133,Athletics,141,Toronto Blue Jays,0,12,1
777735,2025-05-29,2025,144,Atlanta Braves,143,Philadelphia Phillies,4,5,1
777707,2025-05-30,2025,134,Pittsburgh Pirates,135,San Diego Padres,2,3,1
777708,2025-05-30,2025,147,New York Yankees,119,Los Angeles Dodgers,5,8,1
777709,2025-05-30,2025,138,St. Louis Cardinals,140,Texas Rangers,1,11,1
777710,2025-05-30,2025,120,Washington Nationals,109,Arizona Diamondbacks,9,7,0
777711,2025-05-30,2025,116,Detroit Tigers,118,Kansas City Royals,7,5,0
777712,2025-05-30,2025,113,Cincinnati Reds,112,Chicago Cubs,6,2,0
777713,2025-05-30,2025,142,Minnesota Twins,136,Seattle Mariners,12,6,0
777714,2025-05-30,2025,139,Tampa Bay Rays,117,Houston Astros,1,2,1
777715,2025-05-30,2025,158,Milwaukee Brewers,143,Philadelphia Phillies,6,2,0
777716,2025-05-30,2025,133,Athletics,141,Toronto Blue Jays,7,11,1
777717,2025-05-30,2025,137,San Francisco Giants,146,Miami Marlins,2,0,0
777718,2025-05-30,2025,115,Colorado Rockies,121,New York Mets,2,4,1
777719,2025-05-30,2025,111,Boston Red Sox,144,Atlanta Braves,5,1,0
777720,2025-05-30,2025,145,Chicago White Sox,110,Baltimore Orioles,1,2,1
777721,2025-05-30,2025,108,Los Angeles Angels,114,Cleveland Guardians,4,1,0
777691,2025-05-31,2025,134,Pittsburgh Pirates,135,San Diego Padres,5,0,0
777693,2025-05-31,2025,139,Tampa Bay Rays,117,Houston Astros,16,3,0
777694,2025-05-31,2025,116,Detroit Tigers,118,Kansas City Royals,0,1,1
777695,2025-05-31,2025,142,Minnesota Twins,136,Seattle Mariners,4,5,1
777696,2025-05-31,2025,120,Washington Nationals,109,Arizona Diamondbacks,11,7,0
777697,2025-05-31,2025,138,St. Louis Cardinals,140,Texas Rangers,2,0,0
777698,2025-05-31,2025,147,New York Yankees,119,Los Angeles Dodgers,2,18,1
777699,2025-05-31,2025,145,Chicago White Sox,110,Baltimore Orioles,2,4,1
777700,2025-05-31,2025,115,Colorado Rockies,121,New York Mets,2,8,1
777701,2025-05-31,2025,133,Athletics,141,Toronto Blue Jays,7,8,1
777702,2025-05-31,2025,158,Milwaukee Brewers,143,Philadelphia Phillies,17,7,0
777703,2025-05-31,2025,108,Los Angeles Angels,114,Cleveland Guardians,5,7,1
777704,2025-05-31,2025,113,Cincinnati Reds,112,Chicago Cubs,0,2,1
777705,2025-05-31,2025,137,San Francisco Giants,146,Miami Marlins,0,1,1
777706,2025-05-31,2025,111,Boston Red Sox,144,Atlanta Braves,0,5,1
777677,2025-06-01,2025,116,Detroit Tigers,118,Kansas City Royals,1,0,0
777678,2025-06-01,2025,138,St. Louis Cardinals,140,Texas Rangers,1,8,1
777679,2025-06-01,2025,120,Washington Nationals,109,Arizona Diamondbacks,1,3,1
777680,2025-06-01,2025,142,Minnesota Twins,136,Seattle Mariners,1,2,1
777681,2025-06-01,2025,134,Pittsburgh Pirates,135,San Diego Padres,4,6,1
777682,2025-06-01,2025,147,New York Yankees,119,Los Angeles Dodgers,7,3,0
777683,2025-06-01,2025,108,Los Angeles Angels,114,Cleveland Guardians,2,4,1
777684,2025-06-01,2025,145,Chicago White Sox,110,Baltimore Orioles,2,3,1
777685,2025-06-01,2025,133,Athletics,141,Toronto Blue Jays,4,8,1
777686,2025-06-01,2025,115,Colorado Rockies,121,New York Mets,3,5,1
777687,2025-06-01,2025,113,Cincinnati Reds,112,Chicago Cubs,3,7,1
777688,2025-06-01,2025,158,Milwaukee Brewers,143,Philadelphia Phillies,5,2,0
777689,2025-06-01,2025,137,San Francisco Giants,146,Miami Marlins,4,2,0
777690,2025-06-01,2025,139,Tampa Bay Rays,117,Houston Astros,0,1,1
777692,2025-06-01,2025,111,Boston Red Sox,144,Atlanta Braves,3,1,0
777669,2025-06-02,2025,142,Minnesota Twins,133,Athletics,10,4,0
777670,2025-06-02,2025,108,Los Angeles Angels,111,Boston Red Sox,7,6,0
777671,2025-06-02,2025,158,Milwaukee Brewers,113,Cincinnati Reds,3,2,0
777673,2025-06-02,2025,115,Colorado Rockies,146,Miami Marlins,6,4,0
777674,2025-06-02,2025,116,Detroit Tigers,145,Chicago White Sox,13,1,0
777675,2025-06-02,2025,121,New York Mets,119,Los Angeles Dodgers,4,3,0
777676,2025-06-02,2025,135,San Diego Padres,137,San Francisco Giants,1,0,0
777655,2025-06-03,2025,110,Baltimore Orioles,136,Seattle Mariners,5,1,0
777656,2025-06-03,2025,135,San Diego Padres,137,San Francisco Giants,3,2,0
777657,2025-06-03,2025,121,New York Mets,119,Los Angeles Dodgers,5,6,1
777658,2025-06-03,2025,142,Minnesota Twins,133,Athletics,10,3,0
777659,2025-06-03,2025,112,Chicago Cubs,120,Washington Nationals,8,3,0
777660,2025-06-03,2025,118,Kansas City Royals,138,St. Louis Cardinals,10,7,0
777661,2025-06-03,2025,116,Detroit Tigers,145,Chicago White Sox,1,8,1
777662,2025-06-03,2025,140,Texas Rangers,139,Tampa Bay Rays,1,5,1
777663,2025-06-03,2025,117,Houston Astros,134,Pittsburgh Pirates,3,0,0
777664,2025-06-03,2025,114,Cleveland Guardians,147,New York Yankees,2,3,1
777665,2025-06-03,2025,143,Philadelphia Phillies,141,Toronto Blue Jays,8,3,0
777666,2025-06-03,2025,115,Colorado Rockies,146,Miami Marlins,3,2,0
777667,2025-06-03,2025,108,Los Angeles Angels,111,Boston Red Sox,4,3,0
777668,2025-06-03,2025,158,Milwaukee Brewers,113,Cincinnati Reds,2,4,1
777672,2025-06-03,2025,109,Arizona Diamondbacks,144,Atlanta Braves,8,3,0
777638,2025-06-04,2025,121,New York Mets,119,Los Angeles Dodgers,6,1,0
777639,2025-06-04,2025,116,Detroit Tigers,145,Chicago White Sox,5,4,0
777641,2025-06-04,2025,135,San Diego Padres,137,San Francisco Giants,5,6,1
777643,2025-06-04,2025,142,Minnesota Twins,133,Athletics,6,1,0
777645,2025-06-04,2025,110,Baltimore Orioles,136,Seattle Mariners,3,2,0
777646,2025-06-04,2025,140,Texas Rangers,139,Tampa Bay Rays,4,5,1
777647,2025-06-04,2025,158,Milwaukee Brewers,113,Cincinnati Reds,9,1,0
777648,2025-06-04,2025,117,Houston Astros,134,Pittsburgh Pirates,0,3,1
777649,2025-06-04,2025,108,Los Angeles Angels,111,Boston Red Sox,9,11,1
777650,2025-06-04,2025,112,Chicago Cubs,120,Washington Nationals,0,2,1
777651,2025-06-04,2025,143,Philadelphia Phillies,141,Toronto Blue Jays,1,2,1
777652,2025-06-04,2025,115,Colorado Rockies,146,Miami Marlins,3,2,0
777653,2025-06-04,2025,114,Cleveland Guardians,147,New York Yankees,4,0,0
777654,2025-06-04,2025,109,Arizona Diamondbacks,144,Atlanta Braves,2,1,0
777628,2025-06-05,2025,110,Baltimore Orioles,136,Seattle Mariners,4,3,0
777629,2025-06-05,2025,140,Texas Rangers,139,Tampa Bay Rays,3,4,1
777630,2025-06-05,2025,117,Houston Astros,134,Pittsburgh Pirates,8,2,0
777631,2025-06-05,2025,121,New York Mets,119,Los Angeles Dodgers,5,6,1
777632,2025-06-05,2025,112,Chicago Cubs,120,Washington Nationals,7,1,0
777633,2025-06-05,2025,135,San Diego Padres,137,San Francisco Giants,2,3,1
777634,2025-06-05,2025,116,Detroit Tigers,145,Chicago White Sox,2,3,1
777635,2025-06-05,2025,118,Kansas City Royals,138,St. Louis Cardinals,7,5,0
777636,2025-06-05,2025,142,Minnesota Twins,133,Athletics,3,14,1
777637,2025-06-05,2025,143,Philadelphia Phillies,141,Toronto Blue Jays,1,9,1
777640,2025-06-05,2025,109,Arizona Diamondbacks,144,Atlanta Braves,11,10,0
777642,2025-06-05,2025,118,Kansas City Royals,138,St. Louis Cardinals,5,6,1
777644,2025-06-05,2025,114,Cleveland Guardians,147,New York Yankees,0,4,1
777613,2025-06-06,2025,110,Baltimore Orioles,133,Athletics,4,5,1
777614,2025-06-06,2025,136,Seattle Mariners,108,Los Angeles Angels,4,5,1
777615,2025-06-06,2025,141,Toronto Blue Jays,142,Minnesota Twins,6,4,0
777616,2025-06-06,2025,121,New York Mets,115,Colorado Rockies,4,2,0
777617,2025-06-06,2025,135,San Diego Padres,158,Milwaukee Brewers,2,0,0
777618,2025-06-06,2025,118,Kansas City Royals,145,Chicago White Sox,2,7,1
777619,2025-06-06,2025,144,Atlanta Braves,137,San Francisco Giants,4,5,1
777620,2025-06-06,2025,119,Los Angeles Dodgers,138,St. Louis Cardinals,0,5,1
777621,2025-06-06,2025,143,Philadelphia Phillies,134,Pittsburgh Pirates,4,5,1
777622,2025-06-06,2025,117,Houston Astros,114,Cleveland Guardians,4,2,0
777623,2025-06-06,2025,109,Arizona Diamondbacks,113,Cincinnati Reds,3,4,1
777623,2025-06-06,2025,109,Arizona Diamondbacks,113,Cincinnati Reds,3,4,1
777624,2025-06-06,2025,140,Texas Rangers,120,Washington Nationals,0,2,1
777625,2025-06-06,2025,146,Miami Marlins,139,Tampa Bay Rays,3,4,1
777626,2025-06-06,2025,112,Chicago Cubs,116,Detroit Tigers,1,3,1
777627,2025-06-06,2025,111,Boston Red Sox,147,New York Yankees,6,9,1
777597,2025-06-07,2025,135,San Diego Padres,158,Milwaukee Brewers,3,4,1
777598,2025-06-07,2025,144,Atlanta Braves,137,San Francisco Giants,2,3,1
777599,2025-06-07,2025,110,Baltimore Orioles,133,Athletics,7,4,0
777600,2025-06-07,2025,141,Toronto Blue Jays,142,Minnesota Twins,5,4,0
777601,2025-06-07,2025,119,Los Angeles Dodgers,138,St. Louis Cardinals,1,2,1
777603,2025-06-07,2025,136,Seattle Mariners,108,Los Angeles Angels,6,8,1
777604,2025-06-07,2025,121,New York Mets,115,Colorado Rockies,8,1,0
777605,2025-06-07,2025,111,Boston Red Sox,147,New York Yankees,10,7,0
777606,2025-06-07,2025,118,Kansas City Royals,145,Chicago White Sox,1,4,1
777607,2025-06-07,2025,143,Philadelphia Phillies,134,Pittsburgh Pirates,1,2,1
777608,2025-06-07,2025,117,Houston Astros,114,Cleveland Guardians,5,3,0
777609,2025-06-07,2025,112,Chicago Cubs,116,Detroit Tigers,6,1,0
777610,2025-06-07,2025,140,Texas Rangers,120,Washington Nationals,5,0,0
777611,2025-06-07,2025,146,Miami Marlins,139,Tampa Bay Rays,11,10,0
777612,2025-06-07,2025,109,Arizona Diamondbacks,113,Cincinnati Reds,1,13,1
777582,2025-06-08,2025,119,Los Angeles Dodgers,138,St. Louis Cardinals,7,3,0
777583,2025-06-08,2025,121,New York Mets,115,Colorado Rockies,13,5,0
777585,2025-06-08,2025,141,Toronto Blue Jays,142,Minnesota Twins,3,6,1
777586,2025-06-08,2025,135,San Diego Padres,158,Milwaukee Brewers,1,0,0
777587,2025-06-08,2025,144,Atlanta Braves,137,San Francisco Giants,3,4,1
777588,2025-06-08,2025,110,Baltimore Orioles,133,Athletics,1,5,1
777589,2025-06-08,2025,136,Seattle Mariners,108,Los Angeles Angels,3,2,0
777590,2025-06-08,2025,118,Kansas City Royals,145,Chicago White Sox,7,5,0
777591,2025-06-08,2025,117,Houston Astros,114,Cleveland Guardians,2,4,1
777592,2025-06-08,2025,146,Miami Marlins,139,Tampa Bay Rays,2,3,1
777593,2025-06-08,2025,111,Boston Red Sox,147,New York Yankees,11,7,0
777594,2025-06-08,2025,112,Chicago Cubs,116,Detroit Tigers,0,4,1
777595,2025-06-08,2025,143,Philadelphia Phillies,134,Pittsburgh Pirates,1,2,1
777596,2025-06-08,2025,140,Texas Rangers,120,Washington Nationals,4,2,0
777602,2025-06-08,2025,109,Arizona Diamondbacks,113,Cincinnati Reds,2,4,1
777574,2025-06-09,2025,146,Miami Marlins,134,Pittsburgh Pirates,3,10,1
777575,2025-06-09,2025,144,Atlanta Braves,158,Milwaukee Brewers,7,1,0
777576,2025-06-09,2025,133,Athletics,108,Los Angeles Angels,4,7,1
777577,2025-06-09,2025,136,Seattle Mariners,109,Arizona Diamondbacks,4,8,1
777578,2025-06-09,2025,112,Chicago Cubs,143,Philadelphia Phillies,3,4,1
777579,2025-06-09,2025,119,Los Angeles Dodgers,135,San Diego Padres,8,7,0
777580,2025-06-09,2025,113,Cincinnati Reds,114,Cleveland Guardians,7,4,0
777581,2025-06-09,2025,141,Toronto Blue Jays,138,St. Louis Cardinals,5,4,0
777584,2025-06-09,2025,139,Tampa Bay Rays,111,Boston Red Sox,10,8,0
777557,2025-06-10,2025,140,Texas Rangers,142,Minnesota Twins,16,4,0
777558,2025-06-10,2025,141,Toronto Blue Jays,138,St. Louis Cardinals,10,9,0
777559,2025-06-10,2025,136,Seattle Mariners,109,Arizona Diamondbacks,3,10,1
777560,2025-06-10,2025,119,Los Angeles Dodgers,135,San Diego Padres,1,11,1
777563,2025-06-10,2025,137,San Francisco Giants,115,Colorado Rockies,6,5,0
777564,2025-06-10,2025,133,Athletics,108,Los Angeles Angels,1,2,1
777565,2025-06-10,2025,139,Tampa Bay Rays,111,Boston Red Sox,1,3,1
777566,2025-06-10,2025,146,Miami Marlins,134,Pittsburgh Pirates,3,2,0
777567,2025-06-10,2025,145,Chicago White Sox,117,Houston Astros,4,2,0
777568,2025-06-10,2025,144,Atlanta Braves,158,Milwaukee Brewers,1,4,1
777569,2025-06-10,2025,113,Cincinnati Reds,114,Cleveland Guardians,1,0,0
777570,2025-06-10,2025,120,Washington Nationals,121,New York Mets,4,5,1
777571,2025-06-10,2025,112,Chicago Cubs,143,Philadelphia Phillies,8,4,0
777572,2025-06-10,2025,147,New York Yankees,118,Kansas City Royals,10,2,0
777573,2025-06-10,2025,116,Detroit Tigers,110,Baltimore Orioles,5,3,0
777542,2025-06-11,2025,133,Athletics,108,Los Angeles Angels,5,6,1
777543,2025-06-11,2025,119,Los Angeles Dodgers,135,San Diego Padres,5,2,0
777545,2025-06-11,2025,141,Toronto Blue Jays,138,St. Louis Cardinals,5,2,0
777547,2025-06-11,2025,137,San Francisco Giants,115,Colorado Rockies,10,7,0
777548,2025-06-11,2025,136,Seattle Mariners,109,Arizona Diamondbacks,2,5,1
777549,2025-06-11,2025,113,Cincinnati Reds,114,Cleveland Guardians,2,11,1
777550,2025-06-11,2025,145,Chicago White Sox,117,Houston Astros,2,10,1
777551,2025-06-11,2025,147,New York Yankees,118,Kansas City Royals,6,3,0
777552,2025-06-11,2025,146,Miami Marlins,134,Pittsburgh Pirates,2,5,1
777553,2025-06-11,2025,112,Chicago Cubs,143,Philadelphia Phillies,2,7,1
777554,2025-06-11,2025,144,Atlanta Braves,158,Milwaukee Brewers,6,2,0
777555,2025-06-11,2025,120,Washington Nationals,121,New York Mets,0,5,1
777556,2025-06-11,2025,140,Texas Rangers,142,Minnesota Twins,2,6,1
777561,2025-06-11,2025,139,Tampa Bay Rays,111,Boston Red Sox,3,4,1
777562,2025-06-11,2025,116,Detroit Tigers,110,Baltimore Orioles,1,10,1
777532,2025-06-12,2025,138,St. Louis Cardinals,158,Milwaukee Brewers,0,6,1
777533,2025-06-12,2025,140,Texas Rangers,142,Minnesota Twins,16,3,0
777534,2025-06-12,2025,137,San Francisco Giants,115,Colorado Rockies,7,8,1
777536,2025-06-12,2025,147,New York Yankees,118,Kansas City Royals,1,0,0
777540,2025-06-12,2025,116,Detroit Tigers,110,Baltimore Orioles,4,1,0
777541,2025-06-12,2025,134,Pittsburgh Pirates,112,Chicago Cubs,2,3,1
777544,2025-06-12,2025,120,Washington Nationals,121,New York Mets,3,4,1
777546,2025-06-12,2025,145,Chicago White Sox,117,Houston Astros,3,4,1
777520,2025-06-13,2025,114,Cleveland Guardians,136,Seattle Mariners,2,7,1
777521,2025-06-13,2025,135,San Diego Padres,109,Arizona Diamondbacks,1,5,1
777522,2025-06-13,2025,137,San Francisco Giants,119,Los Angeles Dodgers,6,2,0
777524,2025-06-13,2025,145,Chicago White Sox,140,Texas Rangers,1,3,1
777525,2025-06-13,2025,138,St. Louis Cardinals,158,Milwaukee Brewers,2,3,1
777526,2025-06-13,2025,134,Pittsburgh Pirates,112,Chicago Cubs,2,1,0
777527,2025-06-13,2025,142,Minnesota Twins,117,Houston Astros,3,10,1
777528,2025-06-13,2025,139,Tampa Bay Rays,121,New York Mets,7,5,0
777529,2025-06-13,2025,133,Athletics,118,Kansas City Royals,6,4,0
777530,2025-06-13,2025,146,Miami Marlins,120,Washington Nationals,11,9,0
777531,2025-06-13,2025,141,Toronto Blue Jays,143,Philadelphia Phillies,0,8,1
777535,2025-06-13,2025,115,Colorado Rockies,144,Atlanta Braves,4,12,1
777537,2025-06-13,2025,147,New York Yankees,111,Boston Red Sox,1,2,1
777538,2025-06-13,2025,113,Cincinnati Reds,116,Detroit Tigers,5,11,1
777539,2025-06-13,2025,108,Los Angeles Angels,110,Baltimore Orioles,0,2,1
777506,2025-06-14,2025,137,San Francisco Giants,119,Los Angeles Dodgers,5,11,1
777507,2025-06-14,2025,114,Cleveland Guardians,136,Seattle Mariners,3,4,1
777508,2025-06-14,2025,145,Chicago White Sox,140,Texas Rangers,4,5,1
777509,2025-06-14,2025,141,Toronto Blue Jays,143,Philadelphia Phillies,2,3,1
777510,2025-06-14,2025,142,Minnesota Twins,117,Houston Astros,2,3,1
777511,2025-06-14,2025,133,Athletics,118,Kansas City Royals,4,0,0
777512,2025-06-14,2025,138,St. Louis Cardinals,158,Milwaukee Brewers,8,5,0
777513,2025-06-14,2025,134,Pittsburgh Pirates,112,Chicago Cubs,1,2,1
777514,2025-06-14,2025,146,Miami Marlins,120,Washington Nationals,4,3,0
777515,2025-06-14,2025,135,San Diego Padres,109,Arizona Diamondbacks,7,8,1
777516,2025-06-14,2025,147,New York Yankees,111,Boston Red Sox,3,4,1
777517,2025-06-14,2025,113,Cincinnati Reds,116,Detroit Tigers,11,1,0
777518,2025-06-14,2025,139,Tampa Bay Rays,121,New York Mets,8,4,0
777519,2025-06-14,2025,108,Los Angeles Angels,110,Baltimore Orioles,5,6,1
777523,2025-06-14,2025,115,Colorado Rockies,144,Atlanta Braves,1,4,1
777491,2025-06-15,2025,135,San Diego Padres,109,Arizona Diamondbacks,8,2,0
777492,2025-06-15,2025,138,St. Louis Cardinals,158,Milwaukee Brewers,2,3,1
777493,2025-06-15,2025,145,Chicago White Sox,140,Texas Rangers,1,2,1
777494,2025-06-15,2025,142,Minnesota Twins,117,Houston Astros,1,2,1
777495,2025-06-15,2025,114,Cleveland Guardians,136,Seattle Mariners,0,6,1
777496,2025-06-15,2025,133,Athletics,118,Kansas City Royals,3,2,0
777497,2025-06-15,2025,134,Pittsburgh Pirates,112,Chicago Cubs,2,3,1
777498,2025-06-15,2025,137,San Francisco Giants,119,Los Angeles Dodgers,4,5,1
777499,2025-06-15,2025,141,Toronto Blue Jays,143,Philadelphia Phillies,4,11,1
777500,2025-06-15,2025,147,New York Yankees,111,Boston Red Sox,0,2,1
777501,2025-06-15,2025,108,Los Angeles Angels,110,Baltimore Orioles,2,11,1
777502,2025-06-15,2025,139,Tampa Bay Rays,121,New York Mets,9,0,0
777503,2025-06-15,2025,146,Miami Marlins,120,Washington Nationals,3,1,0
777504,2025-06-15,2025,115,Colorado Rockies,144,Atlanta Braves,10,1,0
777505,2025-06-15,2025,113,Cincinnati Reds,116,Detroit Tigers,8,4,0
777483,2025-06-16,2025,143,Philadelphia Phillies,146,Miami Marlins,5,2,0
777484,2025-06-16,2025,110,Baltimore Orioles,139,Tampa Bay Rays,1,7,1
777485,2025-06-16,2025,117,Houston Astros,133,Athletics,1,3,1
777486,2025-06-16,2025,111,Boston Red Sox,136,Seattle Mariners,2,0,0
777487,2025-06-16,2025,108,Los Angeles Angels,147,New York Yankees,1,0,0
777488,2025-06-16,2025,115,Colorado Rockies,120,Washington Nationals,6,4,0
777490,2025-06-16,2025,135,San Diego Padres,119,Los Angeles Dodgers,3,6,1
777467,2025-06-17,2025,138,St. Louis Cardinals,145,Chicago White Sox,12,2,0
777468,2025-06-17,2025,118,Kansas City Royals,140,Texas Rangers,6,1,0
777469,2025-06-17,2025,117,Houston Astros,133,Athletics,13,3,0
777471,2025-06-17,2025,135,San Diego Padres,119,Los Angeles Dodgers,6,8,1
777472,2025-06-17,2025,114,Cleveland Guardians,137,San Francisco Giants,3,2,0
777473,2025-06-17,2025,111,Boston Red Sox,136,Seattle Mariners,0,8,1
777475,2025-06-17,2025,134,Pittsburgh Pirates,116,Detroit Tigers,3,7,1
777476,2025-06-17,2025,108,Los Angeles Angels,147,New York Yankees,4,0,0
777477,2025-06-17,2025,110,Baltimore Orioles,139,Tampa Bay Rays,5,1,0
777478,2025-06-17,2025,142,Minnesota Twins,113,Cincinnati Reds,5,6,1
777479,2025-06-17,2025,109,Arizona Diamondbacks,141,Toronto Blue Jays,4,5,1
777480,2025-06-17,2025,115,Colorado Rockies,120,Washington Nationals,10,6,0
777481,2025-06-17,2025,143,Philadelphia Phillies,146,Miami Marlins,3,8,1
777482,2025-06-17,2025,158,Milwaukee Brewers,112,Chicago Cubs,3,5,1
777489,2025-06-17,2025,121,New York Mets,144,Atlanta Braves,4,5,1
777453,2025-06-18,2025,111,Boston Red Sox,136,Seattle Mariners,3,1,0
777454,2025-06-18,2025,114,Cleveland Guardians,137,San Francisco Giants,4,2,0
777456,2025-06-18,2025,117,Houston Astros,133,Athletics,11,4,0
777457,2025-06-18,2025,135,San Diego Padres,119,Los Angeles Dodgers,3,4,1
777460,2025-06-18,2025,118,Kansas City Royals,140,Texas Rangers,6,3,0
777461,2025-06-18,2025,115,Colorado Rockies,120,Washington Nationals,3,1,0
777462,2025-06-18,2025,109,Arizona Diamondbacks,141,Toronto Blue Jays,1,8,1
777463,2025-06-18,2025,110,Baltimore Orioles,139,Tampa Bay Rays,8,12,1
777465,2025-06-18,2025,143,Philadelphia Phillies,146,Miami Marlins,4,2,0
777466,2025-06-18,2025,108,Los Angeles Angels,147,New York Yankees,3,2,0
777470,2025-06-18,2025,121,New York Mets,144,Atlanta Braves,0,5,1
777474,2025-06-18,2025,142,Minnesota Twins,113,Cincinnati Reds,2,4,1
777440,2025-06-19,2025,114,Cleveland Guardians,137,San Francisco Giants,1,2,1
777441,2025-06-19,2025,117,Houston Astros,133,Athletics,4,6,1
777442,2025-06-19,2025,135,San Diego Padres,119,Los Angeles Dodgers,5,3,0
777443,2025-06-19,2025,118,Kansas City Royals,140,Texas Rangers,4,1,0
777444,2025-06-19,2025,143,Philadelphia Phillies,146,Miami Marlins,2,1,0
777445,2025-06-19,2025,115,Colorado Rockies,120,Washington Nationals,3,4,1
777446,2025-06-19,2025,110,Baltimore Orioles,139,Tampa Bay Rays,4,1,0
777447,2025-06-19,2025,138,St. Louis Cardinals,145,Chicago White Sox,5,4,0
777448,2025-06-19,2025,109,Arizona Diamondbacks,141,Toronto Blue Jays,9,5,0
777449,2025-06-19,2025,108,Los Angeles Angels,147,New York Yankees,3,7,1
777450,2025-06-19,2025,158,Milwaukee Brewers,112,Chicago Cubs,8,7,0
777451,2025-06-19,2025,134,Pittsburgh Pirates,116,Detroit Tigers,2,9,1
777452,2025-06-19,2025,142,Minnesota Twins,113,Cincinnati Reds,12,5,0
777455,2025-06-19,2025,121,New York Mets,144,Atlanta Braves,1,7,1
777458,2025-06-19,2025,138,St. Louis Cardinals,145,Chicago White Sox,8,6,0
777464,2025-06-19,2025,134,Pittsburgh Pirates,116,Detroit Tigers,8,4,0
777425,2025-06-20,2025,111,Boston Red Sox,137,San Francisco Giants,7,5,0
777426,2025-06-20,2025,118,Kansas City Royals,135,San Diego Padres,6,5,0
777427,2025-06-20,2025,120,Washington Nationals,119,Los Angeles Dodgers,5,6,1
777428,2025-06-20,2025,117,Houston Astros,108,Los Angeles Angels,3,2,0
777429,2025-06-20,2025,114,Cleveland Guardians,133,Athletics,1,5,1
777430,2025-06-20,2025,109,Arizona Diamondbacks,115,Colorado Rockies,14,8,0
777431,2025-06-20,2025,116,Detroit Tigers,139,Tampa Bay Rays,8,14,1
777432,2025-06-20,2025,140,Texas Rangers,134,Pittsburgh Pirates,6,2,0
777433,2025-06-20,2025,113,Cincinnati Reds,138,St. Louis Cardinals,1,6,1
777434,2025-06-20,2025,158,Milwaukee Brewers,142,Minnesota Twins,17,6,0
777435,2025-06-20,2025,145,Chicago White Sox,141,Toronto Blue Jays,7,1,0
777436,2025-06-20,2025,136,Seattle Mariners,112,Chicago Cubs,9,4,0
777437,2025-06-20,2025,121,New York Mets,143,Philadelphia Phillies,2,10,1
777438,2025-06-20,2025,110,Baltimore Orioles,147,New York Yankees,5,3,0
777439,2025-06-20,2025,144,Atlanta Braves,146,Miami Marlins,2,6,1
777410,2025-06-21,2025,109,Arizona Diamondbacks,115,Colorado Rockies,5,3,0
777411,2025-06-21,2025,114,Cleveland Guardians,133,Athletics,4,2,0
777412,2025-06-21,2025,158,Milwaukee Brewers,142,Minnesota Twins,9,0,0
777413,2025-06-21,2025,118,Kansas City Royals,135,San Diego Padres,1,5,1
777414,2025-06-21,2025,117,Houston Astros,108,Los Angeles Angels,1,9,1
777415,2025-06-21,2025,113,Cincinnati Reds,138,St. Louis Cardinals,5,6,1
777416,2025-06-21,2025,120,Washington Nationals,119,Los Angeles Dodgers,7,3,0
777417,2025-06-21,2025,111,Boston Red Sox,137,San Francisco Giants,2,3,1
777418,2025-06-21,2025,145,Chicago White Sox,141,Toronto Blue Jays,1,7,1
777419,2025-06-21,2025,136,Seattle Mariners,112,Chicago Cubs,7,10,1
777420,2025-06-21,2025,116,Detroit Tigers,139,Tampa Bay Rays,3,8,1
777421,2025-06-21,2025,140,Texas Rangers,134,Pittsburgh Pirates,3,2,0
777422,2025-06-21,2025,110,Baltimore Orioles,147,New York Yankees,0,9,1
777423,2025-06-21,2025,121,New York Mets,143,Philadelphia Phillies,11,4,0
777424,2025-06-21,2025,144,Atlanta Braves,146,Miami Marlins,7,0,0
777395,2025-06-22,2025,111,Boston Red Sox,137,San Francisco Giants,5,9,1
777396,2025-06-22,2025,118,Kansas City Royals,135,San Diego Padres,2,3,1
777397,2025-06-22,2025,117,Houston Astros,108,Los Angeles Angels,8,7,0
777398,2025-06-22,2025,120,Washington Nationals,119,Los Angeles Dodgers,7,13,1
777399,2025-06-22,2025,109,Arizona Diamondbacks,115,Colorado Rockies,2,4,1
777400,2025-06-22,2025,114,Cleveland Guardians,133,Athletics,3,0,0
777401,2025-06-22,2025,158,Milwaukee Brewers,142,Minnesota Twins,9,8,0
777402,2025-06-22,2025,144,Atlanta Braves,146,Miami Marlins,3,5,1
777403,2025-06-22,2025,136,Seattle Mariners,112,Chicago Cubs,14,6,0
777404,2025-06-22,2025,140,Texas Rangers,134,Pittsburgh Pirates,3,8,1
777405,2025-06-22,2025,121,New York Mets,143,Philadelphia Phillies,1,7,1
777406,2025-06-22,2025,110,Baltimore Orioles,147,New York Yankees,2,4,1
777407,2025-06-22,2025,113,Cincinnati Reds,138,St. Louis Cardinals,4,1,0
777408,2025-06-22,2025,145,Chicago White Sox,141,Toronto Blue Jays,4,2,0
777409,2025-06-22,2025,116,Detroit Tigers,139,Tampa Bay Rays,9,3,0
777381,2025-06-23,2025,111,Boston Red Sox,108,Los Angeles Angels,5,9,1
777382,2025-06-23,2025,120,Washington Nationals,135,San Diego Padres,10,6,0
777388,2025-06-23,2025,136,Seattle Mariners,142,Minnesota Twins,11,2,0
777389,2025-06-23,2025,144,Atlanta Braves,121,New York Mets,3,2,0
777390,2025-06-23,2025,147,New York Yankees,113,Cincinnati Reds,1,6,1
777391,2025-06-23,2025,134,Pittsburgh Pirates,158,Milwaukee Brewers,5,4,0
777392,2025-06-23,2025,112,Chicago Cubs,138,St. Louis Cardinals,2,8,1
777393,2025-06-23,2025,109,Arizona Diamondbacks,145,Chicago White Sox,10,0,0
777394,2025-06-23,2025,140,Texas Rangers,110,Baltimore Orioles,0,6,1
777364,2025-06-24,2025,146,Miami Marlins,137,San Francisco Giants,4,2,0
777372,2025-06-24,2025,120,Washington Nationals,135,San Diego Padres,3,4,1
777373,2025-06-24,2025,112,Chicago Cubs,138,St. Louis Cardinals,7,8,1
777374,2025-06-24,2025,134,Pittsburgh Pirates,158,Milwaukee Brewers,3,9,1
777375,2025-06-24,2025,136,Seattle Mariners,142,Minnesota Twins,6,5,0
777376,2025-06-24,2025,111,Boston Red Sox,108,Los Angeles Angels,2,3,1
777377,2025-06-24,2025,143,Philadelphia Phillies,117,Houston Astros,0,1,1
777378,2025-06-24,2025,139,Tampa Bay Rays,118,Kansas City Royals,5,1,0
777379,2025-06-24,2025,119,Los Angeles Dodgers,115,Colorado Rockies,9,7,0
777380,2025-06-24,2025,140,Texas Rangers,110,Baltimore Orioles,6,5,0
777383,2025-06-24,2025,109,Arizona Diamondbacks,145,Chicago White Sox,4,1,0
777384,2025-06-24,2025,141,Toronto Blue Jays,114,Cleveland Guardians,10,6,0
777385,2025-06-24,2025,147,New York Yankees,113,Cincinnati Reds,4,5,1
777386,2025-06-24,2025,133,Athletics,116,Detroit Tigers,4,11,1
777387,2025-06-24,2025,144,Atlanta Braves,121,New York Mets,7,4,0
777355,2025-06-25,2025,146,Miami Marlins,137,San Francisco Giants,8,5,0
777357,2025-06-25,2025,112,Chicago Cubs,138,St. Louis Cardinals,8,0,0
777358,2025-06-25,2025,119,Los Angeles Dodgers,115,Colorado Rockies,8,1,0
777359,2025-06-25,2025,139,Tampa Bay Rays,118,Kansas City Royals,3,0,0
777360,2025-06-25,2025,120,Washington Nationals,135,San Diego Padres,0,1,1
777361,2025-06-25,2025,134,Pittsburgh Pirates,158,Milwaukee Brewers,2,4,1
777362,2025-06-25,2025,111,Boston Red Sox,108,Los Angeles Angels,2,5,1
777363,2025-06-25,2025,136,Seattle Mariners,142,Minnesota Twins,0,2,1
777365,2025-06-25,2025,140,Texas Rangers,110,Baltimore Orioles,7,0,0
777366,2025-06-25,2025,143,Philadelphia Phillies,117,Houston Astros,0,2,1
777367,2025-06-25,2025,147,New York Yankees,113,Cincinnati Reds,7,1,0
777368,2025-06-25,2025,141,Toronto Blue Jays,114,Cleveland Guardians,4,5,1
777369,2025-06-25,2025,144,Atlanta Braves,121,New York Mets,3,7,1
777370,2025-06-25,2025,109,Arizona Diamondbacks,145,Chicago White Sox,3,7,1
777371,2025-06-25,2025,133,Athletics,116,Detroit Tigers,3,0,0
777344,2025-06-26,2025,119,Los Angeles Dodgers,115,Colorado Rockies,3,1,0
777347,2025-06-26,2025,146,Miami Marlins,137,San Francisco Giants,12,5,0
777348,2025-06-26,2025,112,Chicago Cubs,138,St. Louis Cardinals,3,0,0
777350,2025-06-26,2025,143,Philadelphia Phillies,117,Houston Astros,1,2,1
777351,2025-06-26,2025,133,Athletics,116,Detroit Tigers,0,8,1
777352,2025-06-26,2025,144,Atlanta Braves,121,New York Mets,0,4,1
777353,2025-06-26,2025,139,Tampa Bay Rays,118,Kansas City Royals,4,0,0
777354,2025-06-26,2025,141,Toronto Blue Jays,114,Cleveland Guardians,6,0,0
777356,2025-06-26,2025,136,Seattle Mariners,142,Minnesota Twins,1,10,1
777331,2025-06-27,2025,120,Washington Nationals,108,Los Angeles Angels,15,9,0
777332,2025-06-27,2025,146,Miami Marlins,109,Arizona Diamondbacks,9,8,0
777334,2025-06-27,2025,142,Minnesota Twins,116,Detroit Tigers,4,1,0
777335,2025-06-27,2025,119,Los Angeles Dodgers,118,Kansas City Royals,5,4,0
777336,2025-06-27,2025,112,Chicago Cubs,117,Houston Astros,4,7,1
777337,2025-06-27,2025,133,Athletics,147,New York Yankees,0,3,1
777338,2025-06-27,2025,137,San Francisco Giants,145,Chicago White Sox,3,1,0
777339,2025-06-27,2025,115,Colorado Rockies,158,Milwaukee Brewers,6,10,1
777340,2025-06-27,2025,136,Seattle Mariners,140,Texas Rangers,7,6,0
777341,2025-06-27,2025,121,New York Mets,134,Pittsburgh Pirates,1,9,1
777342,2025-06-27,2025,143,Philadelphia Phillies,144,Atlanta Braves,13,0,0
777343,2025-06-27,2025,139,Tampa Bay Rays,110,Baltimore Orioles,8,22,1
777345,2025-06-27,2025,141,Toronto Blue Jays,111,Boston Red Sox,9,0,0
777346,2025-06-27,2025,135,San Diego Padres,113,Cincinnati Reds,1,8,1
777349,2025-06-27,2025,138,St. Louis Cardinals,114,Cleveland Guardians,5,0,0
777315,2025-06-28,2025,120,Washington Nationals,108,Los Angeles Angels,2,8,1
777318,2025-06-28,2025,146,Miami Marlins,109,Arizona Diamondbacks,8,7,0
777319,2025-06-28,2025,119,Los Angeles Dodgers,118,Kansas City Royals,5,9,1
777320,2025-06-28,2025,112,Chicago Cubs,117,Houston Astros,12,3,0
777321,2025-06-28,2025,115,Colorado Rockies,158,Milwaukee Brewers,0,5,1
777322,2025-06-28,2025,136,Seattle Mariners,140,Texas Rangers,2,3,1
777323,2025-06-28,2025,141,Toronto Blue Jays,111,Boston Red Sox,1,15,1
777324,2025-06-28,2025,142,Minnesota Twins,116,Detroit Tigers,5,10,1
777325,2025-06-28,2025,121,New York Mets,134,Pittsburgh Pirates,2,9,1
777326,2025-06-28,2025,133,Athletics,147,New York Yankees,7,0,0
777327,2025-06-28,2025,137,San Francisco Giants,145,Chicago White Sox,0,1,1
777328,2025-06-28,2025,135,San Diego Padres,113,Cincinnati Reds,6,4,0
777329,2025-06-28,2025,138,St. Louis Cardinals,114,Cleveland Guardians,9,6,0
777330,2025-06-28,2025,139,Tampa Bay Rays,110,Baltimore Orioles,11,3,0
777333,2025-06-28,2025,143,Philadelphia Phillies,144,Atlanta Braves,1,6,1
777301,2025-06-29,2025,115,Colorado Rockies,158,Milwaukee Brewers,4,3,0
777302,2025-06-29,2025,136,Seattle Mariners,140,Texas Rangers,6,4,0
777303,2025-06-29,2025,146,Miami Marlins,109,Arizona Diamondbacks,6,4,0
777304,2025-06-29,2025,119,Los Angeles Dodgers,118,Kansas City Royals,5,1,0
777305,2025-06-29,2025,120,Washington Nationals,108,Los Angeles Angels,7,4,0
777307,2025-06-29,2025,133,Athletics,147,New York Yankees,5,12,1
777308,2025-06-29,2025,112,Chicago Cubs,117,Houston Astros,0,2,1
777309,2025-06-29,2025,138,St. Louis Cardinals,114,Cleveland Guardians,7,0,0
777310,2025-06-29,2025,141,Toronto Blue Jays,111,Boston Red Sox,5,3,0
777311,2025-06-29,2025,137,San Francisco Giants,145,Chicago White Sox,2,5,1
777312,2025-06-29,2025,135,San Diego Padres,113,Cincinnati Reds,2,3,1
777313,2025-06-29,2025,121,New York Mets,134,Pittsburgh Pirates,1,12,1
777314,2025-06-29,2025,142,Minnesota Twins,116,Detroit Tigers,0,3,1
777316,2025-06-29,2025,143,Philadelphia Phillies,144,Atlanta Braves,2,1,0
777317,2025-06-29,2025,139,Tampa Bay Rays,110,Baltimore Orioles,1,5,1
777291,2025-06-30,2025,137,San Francisco Giants,109,Arizona Diamondbacks,2,4,1
777292,2025-06-30,2025,110,Baltimore Orioles,140,Texas Rangers,10,6,0
777295,2025-06-30,2025,147,New York Yankees,141,Toronto Blue Jays,4,5,1
777296,2025-06-30,2025,133,Athletics,139,Tampa Bay Rays,6,4,0
777297,2025-06-30,2025,118,Kansas City Royals,136,Seattle Mariners,2,6,1
777299,2025-06-30,2025,138,St. Louis Cardinals,134,Pittsburgh Pirates,0,7,1
777300,2025-06-30,2025,113,Cincinnati Reds,111,Boston Red Sox,6,13,1
777306,2025-06-30,2025,135,San Diego Padres,143,Philadelphia Phillies,0,4,1
777278,2025-07-01,2025,137,San Francisco Giants,109,Arizona Diamondbacks,2,8,1
777280,2025-07-01,2025,145,Chicago White Sox,119,Los Angeles Dodgers,1,6,1
777281,2025-07-01,2025,118,Kansas City Royals,136,Seattle Mariners,6,3,0
777282,2025-07-01,2025,110,Baltimore Orioles,140,Texas Rangers,2,10,1
777283,2025-07-01,2025,147,New York Yankees,141,Toronto Blue Jays,5,12,1
777285,2025-07-01,2025,117,Houston Astros,115,Colorado Rockies,6,5,0
777286,2025-07-01,2025,133,Athletics,139,Tampa Bay Rays,4,3,0
777287,2025-07-01,2025,114,Cleveland Guardians,112,Chicago Cubs,2,5,1
777288,2025-07-01,2025,138,St. Louis Cardinals,134,Pittsburgh Pirates,0,1,1
777293,2025-07-01,2025,142,Minnesota Twins,146,Miami Marlins,0,2,1
777294,2025-07-01,2025,113,Cincinnati Reds,111,Boston Red Sox,3,5,1
777294,2025-07-01,2025,113,Cincinnati Reds,111,Boston Red Sox,3,5,1
777298,2025-07-01,2025,108,Los Angeles Angels,144,Atlanta Braves,4,0,0
777262,2025-07-02,2025,118,Kansas City Royals,136,Seattle Mariners,2,3,1
777265,2025-07-02,2025,116,Detroit Tigers,120,Washington Nationals,4,9,1
777266,2025-07-02,2025,114,Cleveland Guardians,112,Chicago Cubs,4,5,1
777267,2025-07-02,2025,145,Chicago White Sox,119,Los Angeles Dodgers,4,5,1
777268,2025-07-02,2025,110,Baltimore Orioles,140,Texas Rangers,0,6,1
777269,2025-07-02,2025,117,Houston Astros,115,Colorado Rockies,5,3,0
777270,2025-07-02,2025,137,San Francisco Giants,109,Arizona Diamondbacks,6,5,0
777271,2025-07-02,2025,133,Athletics,139,Tampa Bay Rays,5,6,1
777272,2025-07-02,2025,138,St. Louis Cardinals,134,Pittsburgh Pirates,0,5,1
777273,2025-07-02,2025,135,San Diego Padres,143,Philadelphia Phillies,6,4,0
777274,2025-07-02,2025,147,New York Yankees,141,Toronto Blue Jays,9,11,1
777275,2025-07-02,2025,142,Minnesota Twins,146,Miami Marlins,2,1,0
777276,2025-07-02,2025,158,Milwaukee Brewers,121,New York Mets,3,7,1
777277,2025-07-02,2025,113,Cincinnati Reds,111,Boston Red Sox,8,4,0
777279,2025-07-02,2025,108,Los Angeles Angels,144,Atlanta Braves,3,8,1
777284,2025-07-02,2025,116,Detroit Tigers,120,Washington Nationals,11,2,0
777289,2025-07-02,2025,158,Milwaukee Brewers,121,New York Mets,7,2,0
777290,2025-07-02,2025,135,San Diego Padres,143,Philadelphia Phillies,1,5,1
777251,2025-07-03,2025,118,Kansas City Royals,136,Seattle Mariners,3,2,0
777253,2025-07-03,2025,145,Chicago White Sox,119,Los Angeles Dodgers,2,6,1
777256,2025-07-03,2025,137,San Francisco Giants,109,Arizona Diamondbacks,7,2,0
777257,2025-07-03,2025,158,Milwaukee Brewers,121,New York Mets,2,3,1
777258,2025-07-03,2025,116,Detroit Tigers,120,Washington Nationals,7,11,1
777259,2025-07-03,2025,114,Cleveland Guardians,112,Chicago Cubs,0,1,1
777260,2025-07-03,2025,147,New York Yankees,141,Toronto Blue Jays,5,8,1
777261,2025-07-03,2025,108,Los Angeles Angels,144,Atlanta Braves,5,1,0
777263,2025-07-03,2025,142,Minnesota Twins,146,Miami Marlins,1,4,1
777264,2025-07-03,2025,117,Houston Astros,115,Colorado Rockies,6,7,1
777235,2025-07-04,2025,117,Houston Astros,119,Los Angeles Dodgers,18,1,0
777236,2025-07-04,2025,134,Pittsburgh Pirates,136,Seattle Mariners,0,6,1
777239,2025-07-04,2025,140,Texas Rangers,135,San Diego Padres,2,3,1
777242,2025-07-04,2025,108,Los Angeles Angels,141,Toronto Blue Jays,3,4,1
777243,2025-07-04,2025,145,Chicago White Sox,115,Colorado Rockies,3,2,0
777244,2025-07-04,2025,137,San Francisco Giants,133,Athletics,2,11,1
777245,2025-07-04,2025,111,Boston Red Sox,120,Washington Nationals,11,2,0
777246,2025-07-04,2025,138,St. Louis Cardinals,112,Chicago Cubs,3,11,1
777247,2025-07-04,2025,139,Tampa Bay Rays,142,Minnesota Twins,3,4,1
777248,2025-07-04,2025,118,Kansas City Royals,109,Arizona Diamondbacks,9,3,0
777249,2025-07-04,2025,116,Detroit Tigers,114,Cleveland Guardians,2,1,0
777250,2025-07-04,2025,147,New York Yankees,121,New York Mets,5,6,1
777252,2025-07-04,2025,110,Baltimore Orioles,144,Atlanta Braves,3,2,0
777254,2025-07-04,2025,158,Milwaukee Brewers,146,Miami Marlins,6,5,0
777255,2025-07-04,2025,113,Cincinnati Reds,143,Philadelphia Phillies,9,6,0
777221,2025-07-05,2025,117,Houston Astros,119,Los Angeles Dodgers,6,4,0
777223,2025-07-05,2025,140,Texas Rangers,135,San Diego Padres,7,4,0
777225,2025-07-05,2025,134,Pittsburgh Pirates,136,Seattle Mariners,0,1,1
777227,2025-07-05,2025,137,San Francisco Giants,133,Athletics,7,2,0
777228,2025-07-05,2025,111,Boston Red Sox,120,Washington Nationals,10,3,0
777229,2025-07-05,2025,138,St. Louis Cardinals,112,Chicago Cubs,8,6,0
777230,2025-07-05,2025,139,Tampa Bay Rays,142,Minnesota Twins,5,6,1
777231,2025-07-05,2025,108,Los Angeles Angels,141,Toronto Blue Jays,3,4,1
777232,2025-07-05,2025,145,Chicago White Sox,115,Colorado Rockies,10,3,0
777233,2025-07-05,2025,113,Cincinnati Reds,143,Philadelphia Phillies,1,5,1
777234,2025-07-05,2025,118,Kansas City Royals,109,Arizona Diamondbacks,1,7,1
777237,2025-07-05,2025,110,Baltimore Orioles,144,Atlanta Braves,9,6,0
777238,2025-07-05,2025,158,Milwaukee Brewers,146,Miami Marlins,2,4,1
777240,2025-07-05,2025,116,Detroit Tigers,114,Cleveland Guardians,1,0,0
777241,2025-07-05,2025,147,New York Yankees,121,New York Mets,6,12,1
777205,2025-07-06,2025,134,Pittsburgh Pirates,136,Seattle Mariners,0,1,1
777206,2025-07-06,2025,117,Houston Astros,119,Los Angeles Dodgers,5,1,0
777207,2025-07-06,2025,140,Texas Rangers,135,San Diego Padres,1,4,1
777210,2025-07-06,2025,137,San Francisco Giants,133,Athletics,6,2,0
777213,2025-07-06,2025,111,Boston Red Sox,120,Washington Nationals,6,4,0
777214,2025-07-06,2025,108,Los Angeles Angels,141,Toronto Blue Jays,2,3,1
777215,2025-07-06,2025,145,Chicago White Sox,115,Colorado Rockies,4,6,1
777216,2025-07-06,2025,147,New York Yankees,121,New York Mets,6,4,0
777217,2025-07-06,2025,113,Cincinnati Reds,143,Philadelphia Phillies,1,3,1
777218,2025-07-06,2025,118,Kansas City Royals,109,Arizona Diamondbacks,4,0,0
777219,2025-07-06,2025,138,St. Louis Cardinals,112,Chicago Cubs,0,11,1
777220,2025-07-06,2025,139,Tampa Bay Rays,142,Minnesota Twins,7,5,0
777222,2025-07-06,2025,110,Baltimore Orioles,144,Atlanta Braves,2,1,0
777224,2025-07-06,2025,158,Milwaukee Brewers,146,Miami Marlins,3,1,0
777226,2025-07-06,2025,116,Detroit Tigers,114,Cleveland Guardians,7,2,0
777199,2025-07-07,2025,143,Philadelphia Phillies,137,San Francisco Giants,1,3,1
777200,2025-07-07,2025,140,Texas Rangers,108,Los Angeles Angels,5,6,1
777201,2025-07-07,2025,119,Los Angeles Dodgers,158,Milwaukee Brewers,1,9,1
777202,2025-07-07,2025,114,Cleveland Guardians,117,Houston Astros,7,5,0
777203,2025-07-07,2025,109,Arizona Diamondbacks,135,San Diego Padres,6,3,0
777204,2025-07-07,2025,134,Pittsburgh Pirates,118,Kansas City Royals,3,9,1
777208,2025-07-07,2025,146,Miami Marlins,113,Cincinnati Reds,5,1,0
777209,2025-07-07,2025,115,Colorado Rockies,111,Boston Red Sox,3,9,1
777211,2025-07-07,2025,139,Tampa Bay Rays,116,Detroit Tigers,1,5,1
777212,2025-07-07,2025,141,Toronto Blue Jays,145,Chicago White Sox,8,4,0
777180,2025-07-08,2025,140,Texas Rangers,108,Los Angeles Angels,13,1,0
777185,2025-07-08,2025,109,Arizona Diamondbacks,135,San Diego Padres,0,1,1
777186,2025-07-08,2025,143,Philadelphia Phillies,137,San Francisco Giants,3,4,1
777187,2025-07-08,2025,136,Seattle Mariners,147,New York Yankees,3,10,1
777188,2025-07-08,2025,141,Toronto Blue Jays,145,Chicago White Sox,6,1,0
777189,2025-07-08,2025,144,Atlanta Braves,133,Athletics,1,10,1
777190,2025-07-08,2025,112,Chicago Cubs,142,Minnesota Twins,1,8,1
777191,2025-07-08,2025,120,Washington Nationals,138,St. Louis Cardinals,2,4,1
777192,2025-07-08,2025,114,Cleveland Guardians,117,Houston Astros,10,6,0
777193,2025-07-08,2025,119,Los Angeles Dodgers,158,Milwaukee Brewers,1,3,1
777194,2025-07-08,2025,134,Pittsburgh Pirates,118,Kansas City Royals,3,4,1
777195,2025-07-08,2025,139,Tampa Bay Rays,116,Detroit Tigers,2,4,1
777196,2025-07-08,2025,115,Colorado Rockies,111,Boston Red Sox,2,10,1
777197,2025-07-08,2025,146,Miami Marlins,113,Cincinnati Reds,12,2,0
777198,2025-07-08,2025,121,New York Mets,110,Baltimore Orioles,7,6,0
777162,2025-07-09,2025,109,Arizona Diamondbacks,135,San Diego Padres,8,2,0
777163,2025-07-09,2025,143,Philadelphia Phillies,137,San Francisco Giants,13,0,0
777171,2025-07-09,2025,140,Texas Rangers,108,Los Angeles Angels,8,11,1
777172,2025-07-09,2025,141,Toronto Blue Jays,145,Chicago White Sox,1,2,1
777173,2025-07-09,2025,112,Chicago Cubs,142,Minnesota Twins,2,4,1
777174,2025-07-09,2025,114,Cleveland Guardians,117,Houston Astros,4,2,0
777175,2025-07-09,2025,119,Los Angeles Dodgers,158,Milwaukee Brewers,2,3,1
777176,2025-07-09,2025,144,Atlanta Braves,133,Athletics,9,2,0
777177,2025-07-09,2025,134,Pittsburgh Pirates,118,Kansas City Royals,3,4,1
777178,2025-07-09,2025,120,Washington Nationals,138,St. Louis Cardinals,8,2,0
777179,2025-07-09,2025,115,Colorado Rockies,111,Boston Red Sox,2,10,1
777182,2025-07-09,2025,139,Tampa Bay Rays,116,Detroit Tigers,7,3,0
777183,2025-07-09,2025,146,Miami Marlins,113,Cincinnati Reds,2,7,1
777184,2025-07-09,2025,136,Seattle Mariners,147,New York Yankees,6,9,1
777156,2025-07-10,2025,144,Atlanta Braves,133,Athletics,4,5,1
777158,2025-07-10,2025,109,Arizona Diamondbacks,135,San Diego Padres,3,4,1
777159,2025-07-10,2025,140,Texas Rangers,108,Los Angeles Angels,11,4,0
777165,2025-07-10,2025,121,New York Mets,110,Baltimore Orioles,1,3,1
777166,2025-07-10,2025,112,Chicago Cubs,142,Minnesota Twins,8,1,0
777167,2025-07-10,2025,120,Washington Nationals,138,St. Louis Cardinals,1,8,1
777168,2025-07-10,2025,146,Miami Marlins,113,Cincinnati Reds,0,6,1
777169,2025-07-10,2025,136,Seattle Mariners,147,New York Yankees,5,6,1
777170,2025-07-10,2025,139,Tampa Bay Rays,111,Boston Red Sox,3,4,1
777181,2025-07-10,2025,121,New York Mets,110,Baltimore Orioles,3,7,1
777139,2025-07-11,2025,143,Philadelphia Phillies,135,San Diego Padres,2,4,1
777143,2025-07-11,2025,119,Los Angeles Dodgers,137,San Francisco Giants,7,8,1
777146,2025-07-11,2025,114,Cleveland Guardians,145,Chicago White Sox,4,5,1
777147,2025-07-11,2025,144,Atlanta Braves,138,St. Louis Cardinals,6,5,0
777148,2025-07-11,2025,134,Pittsburgh Pirates,142,Minnesota Twins,1,2,1
777149,2025-07-11,2025,120,Washington Nationals,158,Milwaukee Brewers,3,8,1
777150,2025-07-11,2025,109,Arizona Diamondbacks,108,Los Angeles Angels,5,6,1
777151,2025-07-11,2025,121,New York Mets,118,Kansas City Royals,8,3,0
777152,2025-07-11,2025,141,Toronto Blue Jays,133,Athletics,7,6,0
777153,2025-07-11,2025,112,Chicago Cubs,147,New York Yankees,0,11,1
777154,2025-07-11,2025,140,Texas Rangers,117,Houston Astros,7,3,0
777155,2025-07-11,2025,139,Tampa Bay Rays,111,Boston Red Sox,4,5,1
777157,2025-07-11,2025,146,Miami Marlins,110,Baltimore Orioles,2,5,1
777160,2025-07-11,2025,115,Colorado Rockies,113,Cincinnati Reds,3,2,0
777161,2025-07-11,2025,136,Seattle Mariners,116,Detroit Tigers,12,3,0
777164,2025-07-11,2025,114,Cleveland Guardians,145,Chicago White Sox,4,2,0
777126,2025-07-12,2025,143,Philadelphia Phillies,135,San Diego Padres,4,5,1
777127,2025-07-12,2025,119,Los Angeles Dodgers,137,San Francisco Giants,2,1,0
777131,2025-07-12,2025,109,Arizona Diamondbacks,108,Los Angeles Angels,5,10,1
777132,2025-07-12,2025,141,Toronto Blue Jays,133,Athletics,3,4,1
777133,2025-07-12,2025,144,Atlanta Braves,138,St. Louis Cardinals,7,6,0
777134,2025-07-12,2025,134,Pittsburgh Pirates,142,Minnesota Twins,4,12,1
777135,2025-07-12,2025,120,Washington Nationals,158,Milwaukee Brewers,5,6,1
777136,2025-07-12,2025,121,New York Mets,118,Kansas City Royals,3,1,0
777137,2025-07-12,2025,140,Texas Rangers,117,Houston Astros,4,5,1
777138,2025-07-12,2025,114,Cleveland Guardians,145,Chicago White Sox,6,2,0
777140,2025-07-12,2025,115,Colorado Rockies,113,Cincinnati Reds,3,4,1
777141,2025-07-12,2025,146,Miami Marlins,110,Baltimore Orioles,6,0,0
777142,2025-07-12,2025,112,Chicago Cubs,147,New York Yankees,5,2,0
777144,2025-07-12,2025,139,Tampa Bay Rays,111,Boston Red Sox,0,1,1
777145,2025-07-12,2025,136,Seattle Mariners,116,Detroit Tigers,15,7,0
777113,2025-07-13,2025,134,Pittsburgh Pirates,142,Minnesota Twins,2,1,0
777115,2025-07-13,2025,109,Arizona Diamondbacks,108,Los Angeles Angels,5,1,0
777116,2025-07-13,2025,141,Toronto Blue Jays,133,Athletics,3,6,1
777117,2025-07-13,2025,143,Philadelphia Phillies,135,San Diego Padres,2,1,0
777118,2025-07-13,2025,144,Atlanta Braves,138,St. Louis Cardinals,4,5,1
777119,2025-07-13,2025,119,Los Angeles Dodgers,137,San Francisco Giants,5,2,0
777120,2025-07-13,2025,114,Cleveland Guardians,145,Chicago White Sox,6,5,0
777121,2025-07-13,2025,136,Seattle Mariners,116,Detroit Tigers,8,4,0
777122,2025-07-13,2025,112,Chicago Cubs,147,New York Yankees,4,1,0
777123,2025-07-13,2025,120,Washington Nationals,158,Milwaukee Brewers,1,8,1
777124,2025-07-13,2025,121,New York Mets,118,Kansas City Royals,2,3,1
777125,2025-07-13,2025,140,Texas Rangers,117,Houston Astros,5,1,0
777128,2025-07-13,2025,115,Colorado Rockies,113,Cincinnati Reds,2,4,1
777129,2025-07-13,2025,146,Miami Marlins,110,Baltimore Orioles,11,1,0
777130,2025-07-13,2025,139,Tampa Bay Rays,111,Boston Red Sox,1,4,1
777098,2025-07-18,2025,116,Detroit Tigers,140,Texas Rangers,0,2,1
777099,2025-07-18,2025,117,Houston Astros,136,Seattle Mariners,1,6,1
777100,2025-07-18,2025,138,St. Louis Cardinals,109,Arizona Diamondbacks,3,7,1
777101,2025-07-18,2025,111,Boston Red Sox,112,Chicago Cubs,1,4,1
777102,2025-07-18,2025,142,Minnesota Twins,115,Colorado Rockies,4,6,1
777103,2025-07-18,2025,158,Milwaukee Brewers,119,Los Angeles Dodgers,2,0,0
777105,2025-07-18,2025,133,Athletics,114,Cleveland Guardians,6,8,1
777106,2025-07-18,2025,108,Los Angeles Angels,143,Philadelphia Phillies,6,5,0
777107,2025-07-18,2025,145,Chicago White Sox,134,Pittsburgh Pirates,10,1,0
777108,2025-07-18,2025,137,San Francisco Giants,141,Toronto Blue Jays,0,4,1
777109,2025-07-18,2025,118,Kansas City Royals,146,Miami Marlins,7,8,1
777110,2025-07-18,2025,110,Baltimore Orioles,139,Tampa Bay Rays,1,11,1
777111,2025-07-18,2025,113,Cincinnati Reds,121,New York Mets,8,4,0
777112,2025-07-18,2025,135,San Diego Padres,120,Washington Nationals,7,2,0
777114,2025-07-18,2025,147,New York Yankees,144,Atlanta Braves,3,7,1
777080,2025-07-19,2025,142,Minnesota Twins,115,Colorado Rockies,6,10,1
777081,2025-07-19,2025,138,St. Louis Cardinals,109,Arizona Diamondbacks,1,10,1
777085,2025-07-19,2025,158,Milwaukee Brewers,119,Los Angeles Dodgers,8,7,0
777086,2025-07-19,2025,117,Houston Astros,136,Seattle Mariners,6,7,1
777088,2025-07-19,2025,116,Detroit Tigers,140,Texas Rangers,1,4,1
777089,2025-07-19,2025,108,Los Angeles Angels,143,Philadelphia Phillies,5,9,1
777090,2025-07-19,2025,145,Chicago White Sox,134,Pittsburgh Pirates,10,4,0
777091,2025-07-19,2025,135,San Diego Padres,120,Washington Nationals,2,4,1
777092,2025-07-19,2025,113,Cincinnati Reds,121,New York Mets,5,2,0
777093,2025-07-19,2025,118,Kansas City Royals,146,Miami Marlins,1,3,1
777094,2025-07-19,2025,137,San Francisco Giants,141,Toronto Blue Jays,3,6,1
777095,2025-07-19,2025,110,Baltimore Orioles,139,Tampa Bay Rays,3,4,1
777096,2025-07-19,2025,111,Boston Red Sox,112,Chicago Cubs,0,6,1
777097,2025-07-19,2025,147,New York Yankees,144,Atlanta Braves,12,9,0
777104,2025-07-19,2025,133,Athletics,114,Cleveland Guardians,8,2,0
777067,2025-07-20,2025,117,Houston Astros,136,Seattle Mariners,11,3,0
777070,2025-07-20,2025,158,Milwaukee Brewers,119,Los Angeles Dodgers,6,5,0
777071,2025-07-20,2025,138,St. Louis Cardinals,109,Arizona Diamondbacks,3,5,1
777072,2025-07-20,2025,142,Minnesota Twins,115,Colorado Rockies,7,1,0
777073,2025-07-20,2025,116,Detroit Tigers,140,Texas Rangers,2,1,0
777074,2025-07-20,2025,145,Chicago White Sox,134,Pittsburgh Pirates,7,2,0
777075,2025-07-20,2025,111,Boston Red Sox,112,Chicago Cubs,6,1,0
777076,2025-07-20,2025,110,Baltimore Orioles,139,Tampa Bay Rays,5,3,0
777077,2025-07-20,2025,135,San Diego Padres,120,Washington Nationals,8,1,0
777078,2025-07-20,2025,108,Los Angeles Angels,143,Philadelphia Phillies,8,2,0
777079,2025-07-20,2025,137,San Francisco Giants,141,Toronto Blue Jays,6,8,1
777082,2025-07-20,2025,118,Kansas City Royals,146,Miami Marlins,7,4,0
777083,2025-07-20,2025,147,New York Yankees,144,Atlanta Braves,4,2,0
777084,2025-07-20,2025,133,Athletics,114,Cleveland Guardians,2,8,1
777087,2025-07-20,2025,113,Cincinnati Reds,121,New York Mets,2,3,1
777050,2025-07-21,2025,158,Milwaukee Brewers,136,Seattle Mariners,6,0,0
777051,2025-07-21,2025,142,Minnesota Twins,119,Los Angeles Dodgers,2,5,1
777053,2025-07-21,2025,138,St. Louis Cardinals,115,Colorado Rockies,6,2,0
777055,2025-07-21,2025,117,Houston Astros,109,Arizona Diamondbacks,6,3,0
777057,2025-07-21,2025,133,Athletics,140,Texas Rangers,2,7,1
777059,2025-07-21,2025,145,Chicago White Sox,139,Tampa Bay Rays,8,3,0
777060,2025-07-21,2025,116,Detroit Tigers,134,Pittsburgh Pirates,0,3,1
777061,2025-07-21,2025,108,Los Angeles Angels,121,New York Mets,5,7,1
777062,2025-07-21,2025,135,San Diego Padres,146,Miami Marlins,2,1,0
777063,2025-07-21,2025,111,Boston Red Sox,143,Philadelphia Phillies,2,3,1
777064,2025-07-21,2025,113,Cincinnati Reds,120,Washington Nationals,8,10,1
777065,2025-07-21,2025,118,Kansas City Royals,112,Chicago Cubs,12,4,0
777066,2025-07-21,2025,147,New York Yankees,141,Toronto Blue Jays,1,4,1
777068,2025-07-21,2025,110,Baltimore Orioles,114,Cleveland Guardians,5,10,1
777069,2025-07-21,2025,137,San Francisco Giants,144,Atlanta Braves,5,9,1
777035,2025-07-22,2025,158,Milwaukee Brewers,136,Seattle Mariners,0,1,1
777039,2025-07-22,2025,142,Minnesota Twins,119,Los Angeles Dodgers,10,7,0
777040,2025-07-22,2025,117,Houston Astros,109,Arizona Diamondbacks,3,1,0
777042,2025-07-22,2025,113,Cincinnati Reds,120,Washington Nationals,1,6,1
777043,2025-07-22,2025,133,Athletics,140,Texas Rangers,2,6,1
777044,2025-07-22,2025,116,Detroit Tigers,134,Pittsburgh Pirates,5,8,1
777045,2025-07-22,2025,111,Boston Red Sox,143,Philadelphia Phillies,1,4,1
777046,2025-07-22,2025,147,New York Yankees,141,Toronto Blue Jays,5,4,0
777047,2025-07-22,2025,118,Kansas City Royals,112,Chicago Cubs,0,6,1
777048,2025-07-22,2025,145,Chicago White Sox,139,Tampa Bay Rays,3,4,1
777049,2025-07-22,2025,138,St. Louis Cardinals,115,Colorado Rockies,4,8,1
777052,2025-07-22,2025,135,San Diego Padres,146,Miami Marlins,3,4,1
777054,2025-07-22,2025,108,Los Angeles Angels,121,New York Mets,2,3,1
777056,2025-07-22,2025,110,Baltimore Orioles,114,Cleveland Guardians,3,6,1
777058,2025-07-22,2025,137,San Francisco Giants,144,Atlanta Braves,9,0,0
777022,2025-07-23,2025,142,Minnesota Twins,119,Los Angeles Dodgers,3,4,1
777024,2025-07-23,2025,158,Milwaukee Brewers,136,Seattle Mariners,10,2,0
777026,2025-07-23,2025,113,Cincinnati Reds,120,Washington Nationals,5,0,0
777027,2025-07-23,2025,147,New York Yankees,141,Toronto Blue Jays,4,8,1
777028,2025-07-23,2025,138,St. Louis Cardinals,115,Colorado Rockies,0,6,1
777029,2025-07-23,2025,116,Detroit Tigers,134,Pittsburgh Pirates,1,6,1
777030,2025-07-23,2025,145,Chicago White Sox,139,Tampa Bay Rays,11,9,0
777031,2025-07-23,2025,118,Kansas City Royals,112,Chicago Cubs,8,4,0
777032,2025-07-23,2025,117,Houston Astros,109,Arizona Diamondbacks,4,3,0
777033,2025-07-23,2025,133,Athletics,140,Texas Rangers,1,2,1
777034,2025-07-23,2025,108,Los Angeles Angels,121,New York Mets,3,6,1
777036,2025-07-23,2025,110,Baltimore Orioles,114,Cleveland Guardians,2,3,1
777037,2025-07-23,2025,135,San Diego Padres,146,Miami Marlins,2,3,1
777038,2025-07-23,2025,111,Boston Red Sox,143,Philadelphia Phillies,9,8,0
777041,2025-07-23,2025,137,San Francisco Giants,144,Atlanta Braves,9,3,0
777018,2025-07-24,2025,136,Seattle Mariners,108,Los Angeles Angels,4,2,0
777019,2025-07-24,2025,110,Baltimore Orioles,114,Cleveland Guardians,4,3,0
777021,2025-07-24,2025,141,Toronto Blue Jays,116,Detroit Tigers,11,4,0
777023,2025-07-24,2025,135,San Diego Padres,138,St. Louis Cardinals,7,9,1
777025,2025-07-24,2025,133,Athletics,117,Houston Astros,5,2,0
777004,2025-07-25,2025,121,New York Mets,137,San Francisco Giants,8,1,0
777005,2025-07-25,2025,135,San Diego Padres,138,St. Louis Cardinals,0,3,1
777006,2025-07-25,2025,136,Seattle Mariners,108,Los Angeles Angels,2,3,1
777007,2025-07-25,2025,133,Athletics,117,Houston Astros,15,3,0
777008,2025-07-25,2025,146,Miami Marlins,158,Milwaukee Brewers,5,1,0
777009,2025-07-25,2025,144,Atlanta Braves,140,Texas Rangers,3,8,1
777011,2025-07-25,2025,120,Washington Nationals,142,Minnesota Twins,0,1,1
777012,2025-07-25,2025,119,Los Angeles Dodgers,111,Boston Red Sox,5,2,0
777013,2025-07-25,2025,139,Tampa Bay Rays,113,Cincinnati Reds,2,7,1
777014,2025-07-25,2025,109,Arizona Diamondbacks,134,Pittsburgh Pirates,1,0,0
777015,2025-07-25,2025,143,Philadelphia Phillies,147,New York Yankees,12,5,0
777016,2025-07-25,2025,141,Toronto Blue Jays,116,Detroit Tigers,6,2,0
777017,2025-07-25,2025,112,Chicago Cubs,145,Chicago White Sox,5,12,1
777020,2025-07-25,2025,115,Colorado Rockies,110,Baltimore Orioles,6,5,0
776985,2025-07-26,2025,121,New York Mets,137,San Francisco Giants,2,1,0
776990,2025-07-26,2025,114,Cleveland Guardians,118,Kansas City Royals,6,4,0
776991,2025-07-26,2025,133,Athletics,117,Houston Astros,5,1,0
776992,2025-07-26,2025,135,San Diego Padres,138,St. Louis Cardinals,3,1,0
776993,2025-07-26,2025,144,Atlanta Braves,140,Texas Rangers,5,6,1
776994,2025-07-26,2025,112,Chicago Cubs,145,Chicago White Sox,6,1,0
776995,2025-07-26,2025,136,Seattle Mariners,108,Los Angeles Angels,7,2,0
776996,2025-07-26,2025,146,Miami Marlins,158,Milwaukee Brewers,7,4,0
776997,2025-07-26,2025,120,Washington Nationals,142,Minnesota Twins,9,3,0
776998,2025-07-26,2025,119,Los Angeles Dodgers,111,Boston Red Sox,2,4,1
776999,2025-07-26,2025,115,Colorado Rockies,110,Baltimore Orioles,0,18,1
777000,2025-07-26,2025,139,Tampa Bay Rays,113,Cincinnati Reds,2,6,1
777001,2025-07-26,2025,143,Philadelphia Phillies,147,New York Yankees,9,4,0
777002,2025-07-26,2025,109,Arizona Diamondbacks,134,Pittsburgh Pirates,0,2,1
777003,2025-07-26,2025,141,Toronto Blue Jays,116,Detroit Tigers,6,1,0
777010,2025-07-26,2025,114,Cleveland Guardians,118,Kansas City Royals,3,5,1
776974,2025-07-27,2025,121,New York Mets,137,San Francisco Giants,5,3,0
776975,2025-07-27,2025,114,Cleveland Guardians,118,Kansas City Royals,1,4,1
776976,2025-07-27,2025,133,Athletics,117,Houston Astros,7,1,0
776977,2025-07-27,2025,136,Seattle Mariners,108,Los Angeles Angels,1,4,1
776978,2025-07-27,2025,146,Miami Marlins,158,Milwaukee Brewers,2,3,1
776979,2025-07-27,2025,120,Washington Nationals,142,Minnesota Twins,7,2,0
776980,2025-07-27,2025,135,San Diego Padres,138,St. Louis Cardinals,9,2,0
776981,2025-07-27,2025,144,Atlanta Braves,140,Texas Rangers,1,8,1
776982,2025-07-27,2025,139,Tampa Bay Rays,113,Cincinnati Reds,1,2,1
776983,2025-07-27,2025,119,Los Angeles Dodgers,111,Boston Red Sox,3,4,1
776984,2025-07-27,2025,109,Arizona Diamondbacks,134,Pittsburgh Pirates,0,6,1
776986,2025-07-27,2025,115,Colorado Rockies,110,Baltimore Orioles,1,5,1
776987,2025-07-27,2025,141,Toronto Blue Jays,116,Detroit Tigers,4,10,1
776988,2025-07-27,2025,143,Philadelphia Phillies,147,New York Yankees,3,4,1
776989,2025-07-27,2025,112,Chicago Cubs,145,Chicago White Sox,5,4,0
776957,2025-07-28,2025,136,Seattle Mariners,133,Athletics,3,1,0
776958,2025-07-28,2025,140,Texas Rangers,108,Los Angeles Angels,4,6,1
776959,2025-07-28,2025,121,New York Mets,135,San Diego Padres,6,7,1
776960,2025-07-28,2025,146,Miami Marlins,138,St. Louis Cardinals,1,7,1
776961,2025-07-28,2025,111,Boston Red Sox,142,Minnesota Twins,4,5,1
776964,2025-07-28,2025,134,Pittsburgh Pirates,137,San Francisco Giants,6,5,0
776965,2025-07-28,2025,112,Chicago Cubs,158,Milwaukee Brewers,4,8,1
776966,2025-07-28,2025,141,Toronto Blue Jays,110,Baltimore Orioles,4,11,1
776967,2025-07-28,2025,119,Los Angeles Dodgers,113,Cincinnati Reds,5,2,0
776968,2025-07-28,2025,115,Colorado Rockies,114,Cleveland Guardians,8,6,0
776969,2025-07-28,2025,120,Washington Nationals,117,Houston Astros,2,1,0
776970,2025-07-28,2025,139,Tampa Bay Rays,147,New York Yankees,4,2,0
776971,2025-07-28,2025,144,Atlanta Braves,118,Kansas City Royals,10,7,0
776972,2025-07-28,2025,143,Philadelphia Phillies,145,Chicago White Sox,2,6,1
776973,2025-07-28,2025,109,Arizona Diamondbacks,116,Detroit Tigers,1,5,1
776943,2025-07-29,2025,134,Pittsburgh Pirates,137,San Francisco Giants,3,1,0
776944,2025-07-29,2025,136,Seattle Mariners,133,Athletics,1,6,1
776945,2025-07-29,2025,140,Texas Rangers,108,Los Angeles Angels,5,8,1
776946,2025-07-29,2025,146,Miami Marlins,138,St. Louis Cardinals,5,0,0
776947,2025-07-29,2025,121,New York Mets,135,San Diego Padres,1,7,1
776949,2025-07-29,2025,139,Tampa Bay Rays,147,New York Yankees,5,7,1
776950,2025-07-29,2025,120,Washington Nationals,117,Houston Astros,4,7,1
776951,2025-07-29,2025,115,Colorado Rockies,114,Cleveland Guardians,4,10,1
776952,2025-07-29,2025,143,Philadelphia Phillies,145,Chicago White Sox,6,3,0
776953,2025-07-29,2025,109,Arizona Diamondbacks,116,Detroit Tigers,2,12,1
776954,2025-07-29,2025,111,Boston Red Sox,142,Minnesota Twins,8,5,0
776955,2025-07-29,2025,144,Atlanta Braves,118,Kansas City Royals,6,9,1
776956,2025-07-29,2025,112,Chicago Cubs,158,Milwaukee Brewers,3,9,1
776962,2025-07-29,2025,141,Toronto Blue Jays,110,Baltimore Orioles,2,3,1
776963,2025-07-29,2025,119,Los Angeles Dodgers,113,Cincinnati Reds,5,4,0
778372,2025-07-29,2025,141,Toronto Blue Jays,110,Baltimore Orioles,4,16,1
776929,2025-07-30,2025,112,Chicago Cubs,158,Milwaukee Brewers,10,3,0
776930,2025-07-30,2025,136,Seattle Mariners,133,Athletics,4,5,1
776931,2025-07-30,2025,121,New York Mets,135,San Diego Padres,0,5,1
776932,2025-07-30,2025,140,Texas Rangers,108,Los Angeles Angels,6,3,0
776933,2025-07-30,2025,134,Pittsburgh Pirates,137,San Francisco Giants,2,1,0
776934,2025-07-30,2025,146,Miami Marlins,138,St. Louis Cardinals,2,0,0
776935,2025-07-30,2025,111,Boston Red Sox,142,Minnesota Twins,13,1,0
776936,2025-07-30,2025,144,Atlanta Braves,118,Kansas City Royals,0,1,1
776937,2025-07-30,2025,120,Washington Nationals,117,Houston Astros,1,9,1
776938,2025-07-30,2025,139,Tampa Bay Rays,147,New York Yankees,4,5,1
776939,2025-07-30,2025,143,Philadelphia Phillies,145,Chicago White Sox,3,9,1
776940,2025-07-30,2025,109,Arizona Diamondbacks,116,Detroit Tigers,2,7,1
776941,2025-07-30,2025,119,Los Angeles Dodgers,113,Cincinnati Reds,2,5,1
776942,2025-07-30,2025,115,Colorado Rockies,114,Cleveland Guardians,0,5,1
776948,2025-07-30,2025,141,Toronto Blue Jays,110,Baltimore Orioles,9,8,0
776923,2025-07-31,2025,140,Texas Rangers,136,Seattle Mariners,0,6,1
776927,2025-07-31,2025,139,Tampa Bay Rays,147,New York Yankees,4,7,1
776928,2025-07-31,2025,144,Atlanta Braves,113,Cincinnati Reds,12,11,0
776906,2025-08-01,2025,138,St. Louis Cardinals,135,San Diego Padres,1,4,1
776908,2025-08-01,2025,140,Texas Rangers,136,Seattle Mariners,3,4,1
776913,2025-08-01,2025,116,Detroit Tigers,143,Philadelphia Phillies,4,5,1
776914,2025-08-01,2025,109,Arizona Diamondbacks,133,Athletics,1,5,1
776915,2025-08-01,2025,110,Baltimore Orioles,112,Chicago Cubs,0,1,1
776916,2025-08-01,2025,145,Chicago White Sox,108,Los Angeles Angels,6,3,0
776917,2025-08-01,2025,158,Milwaukee Brewers,120,Washington Nationals,16,9,0
776918,2025-08-01,2025,119,Los Angeles Dodgers,139,Tampa Bay Rays,5,0,0
776919,2025-08-01,2025,134,Pittsburgh Pirates,115,Colorado Rockies,16,17,1
776920,2025-08-01,2025,118,Kansas City Royals,141,Toronto Blue Jays,9,3,0
776921,2025-08-01,2025,144,Atlanta Braves,113,Cincinnati Reds,2,3,1
776922,2025-08-01,2025,117,Houston Astros,111,Boston Red Sox,1,2,1
776924,2025-08-01,2025,142,Minnesota Twins,114,Cleveland Guardians,2,3,1
776925,2025-08-01,2025,147,New York Yankees,146,Miami Marlins,12,13,1
776926,2025-08-01,2025,137,San Francisco Giants,121,New York Mets,4,3,0
776896,2025-08-02,2025,138,St. Louis Cardinals,135,San Diego Padres,8,5,0
776897,2025-08-02,2025,140,Texas Rangers,136,Seattle Mariners,6,4,0
776898,2025-08-02,2025,145,Chicago White Sox,108,Los Angeles Angels,1,0,0
776899,2025-08-02,2025,109,Arizona Diamondbacks,133,Athletics,7,2,0
776900,2025-08-02,2025,118,Kansas City Royals,141,Toronto Blue Jays,2,4,1
776901,2025-08-02,2025,119,Los Angeles Dodgers,139,Tampa Bay Rays,0,4,1
776902,2025-08-02,2025,110,Baltimore Orioles,112,Chicago Cubs,4,3,0
776903,2025-08-02,2025,158,Milwaukee Brewers,120,Washington Nationals,8,2,0
776904,2025-08-02,2025,134,Pittsburgh Pirates,115,Colorado Rockies,5,8,1
776905,2025-08-02,2025,142,Minnesota Twins,114,Cleveland Guardians,4,5,1
776907,2025-08-02,2025,144,Atlanta Braves,113,Cincinnati Reds,4,2,0
776907,2025-08-02,2025,144,Atlanta Braves,113,Cincinnati Reds,4,2,0
776909,2025-08-02,2025,117,Houston Astros,111,Boston Red Sox,3,7,1
776910,2025-08-02,2025,147,New York Yankees,146,Miami Marlins,0,2,1
776911,2025-08-02,2025,137,San Francisco Giants,121,New York Mets,6,12,1
776912,2025-08-02,2025,116,Detroit Tigers,143,Philadelphia Phillies,7,5,0
776881,2025-08-03,2025,109,Arizona Diamondbacks,133,Athletics,6,4,0
776883,2025-08-03,2025,140,Texas Rangers,136,Seattle Mariners,4,5,1
776884,2025-08-03,2025,138,St. Louis Cardinals,135,San Diego Padres,3,7,1
776885,2025-08-03,2025,145,Chicago White Sox,108,Los Angeles Angels,5,8,1
776886,2025-08-03,2025,134,Pittsburgh Pirates,115,Colorado Rockies,9,5,0
776887,2025-08-03,2025,137,San Francisco Giants,121,New York Mets,12,4,0
776888,2025-08-03,2025,110,Baltimore Orioles,112,Chicago Cubs,3,5,1
776889,2025-08-03,2025,119,Los Angeles Dodgers,139,Tampa Bay Rays,3,0,0
776890,2025-08-03,2025,116,Detroit Tigers,143,Philadelphia Phillies,0,2,1
776891,2025-08-03,2025,147,New York Yankees,146,Miami Marlins,3,7,1
776892,2025-08-03,2025,142,Minnesota Twins,114,Cleveland Guardians,5,4,0
776893,2025-08-03,2025,118,Kansas City Royals,141,Toronto Blue Jays,7,4,0
776894,2025-08-03,2025,158,Milwaukee Brewers,120,Washington Nationals,14,3,0
776895,2025-08-03,2025,117,Houston Astros,111,Boston Red Sox,1,6,1
776867,2025-08-04,2025,139,Tampa Bay Rays,108,Los Angeles Angels,1,5,1
776870,2025-08-04,2025,138,St. Louis Cardinals,119,Los Angeles Dodgers,3,2,0
776871,2025-08-04,2025,147,New York Yankees,140,Texas Rangers,5,8,1
776872,2025-08-04,2025,141,Toronto Blue Jays,115,Colorado Rockies,15,1,0
776873,2025-08-04,2025,135,San Diego Padres,109,Arizona Diamondbacks,2,6,1
776874,2025-08-04,2025,142,Minnesota Twins,116,Detroit Tigers,3,6,1
776875,2025-08-04,2025,117,Houston Astros,146,Miami Marlins,8,2,0
776876,2025-08-04,2025,114,Cleveland Guardians,121,New York Mets,7,6,0
776877,2025-08-04,2025,110,Baltimore Orioles,143,Philadelphia Phillies,3,13,1
776878,2025-08-04,2025,113,Cincinnati Reds,112,Chicago Cubs,3,2,0
776879,2025-08-04,2025,137,San Francisco Giants,134,Pittsburgh Pirates,4,5,1
776880,2025-08-04,2025,118,Kansas City Royals,111,Boston Red Sox,5,8,1
776882,2025-08-04,2025,158,Milwaukee Brewers,144,Atlanta Braves,3,1,0
776848,2025-08-05,2025,139,Tampa Bay Rays,108,Los Angeles Angels,7,3,0
776852,2025-08-05,2025,135,San Diego Padres,109,Arizona Diamondbacks,10,5,0
776854,2025-08-05,2025,141,Toronto Blue Jays,115,Colorado Rockies,10,4,0
776855,2025-08-05,2025,147,New York Yankees,140,Texas Rangers,0,2,1
776857,2025-08-05,2025,145,Chicago White Sox,136,Seattle Mariners,3,8,1
776858,2025-08-05,2025,138,St. Louis Cardinals,119,Los Angeles Dodgers,6,12,1
776860,2025-08-05,2025,113,Cincinnati Reds,112,Chicago Cubs,5,1,0
776861,2025-08-05,2025,142,Minnesota Twins,116,Detroit Tigers,6,3,0
776862,2025-08-05,2025,117,Houston Astros,146,Miami Marlins,7,3,0
776863,2025-08-05,2025,114,Cleveland Guardians,121,New York Mets,3,2,0
776864,2025-08-05,2025,118,Kansas City Royals,111,Boston Red Sox,2,6,1
776865,2025-08-05,2025,133,Athletics,120,Washington Nationals,16,7,0
776866,2025-08-05,2025,137,San Francisco Giants,134,Pittsburgh Pirates,8,1,0
776868,2025-08-05,2025,110,Baltimore Orioles,143,Philadelphia Phillies,0,5,1
776869,2025-08-05,2025,158,Milwaukee Brewers,144,Atlanta Braves,7,2,0
776836,2025-08-06,2025,141,Toronto Blue Jays,115,Colorado Rockies,20,1,0
776838,2025-08-06,2025,135,San Diego Padres,109,Arizona Diamondbacks,3,2,0
776839,2025-08-06,2025,138,St. Louis Cardinals,119,Los Angeles Dodgers,5,3,0
776841,2025-08-06,2025,145,Chicago White Sox,136,Seattle Mariners,6,8,1
776843,2025-08-06,2025,139,Tampa Bay Rays,108,Los Angeles Angels,5,4,0
776844,2025-08-06,2025,137,San Francisco Giants,134,Pittsburgh Pirates,4,2,0
776845,2025-08-06,2025,147,New York Yankees,140,Texas Rangers,3,2,0
776846,2025-08-06,2025,114,Cleveland Guardians,121,New York Mets,4,1,0
776847,2025-08-06,2025,113,Cincinnati Reds,112,Chicago Cubs,1,6,1
776849,2025-08-06,2025,117,Houston Astros,146,Miami Marlins,4,6,1
776850,2025-08-06,2025,133,Athletics,120,Washington Nationals,1,2,1
776851,2025-08-06,2025,110,Baltimore Orioles,143,Philadelphia Phillies,5,1,0
776853,2025-08-06,2025,158,Milwaukee Brewers,144,Atlanta Braves,5,4,0
776856,2025-08-06,2025,118,Kansas City Royals,111,Boston Red Sox,7,3,0
776859,2025-08-06,2025,142,Minnesota Twins,116,Detroit Tigers,9,4,0
776830,2025-08-07,2025,145,Chicago White Sox,136,Seattle Mariners,3,4,1
776837,2025-08-07,2025,133,Athletics,120,Washington Nationals,6,0,0
776840,2025-08-07,2025,113,Cincinnati Reds,134,Pittsburgh Pirates,0,7,1
776842,2025-08-07,2025,146,Miami Marlins,144,Atlanta Braves,6,8,1
776820,2025-08-08,2025,111,Boston Red Sox,135,San Diego Padres,10,2,0
776821,2025-08-08,2025,143,Philadelphia Phillies,140,Texas Rangers,9,1,0
776822,2025-08-08,2025,120,Washington Nationals,137,San Francisco Giants,0,5,1
776823,2025-08-08,2025,141,Toronto Blue Jays,119,Los Angeles Dodgers,1,5,1
776824,2025-08-08,2025,139,Tampa Bay Rays,136,Seattle Mariners,2,3,1
776825,2025-08-08,2025,115,Colorado Rockies,109,Arizona Diamondbacks,1,6,1
776826,2025-08-08,2025,112,Chicago Cubs,138,St. Louis Cardinals,0,5,1
776827,2025-08-08,2025,118,Kansas City Royals,142,Minnesota Twins,4,9,1
776828,2025-08-08,2025,121,New York Mets,158,Milwaukee Brewers,2,3,1
776829,2025-08-08,2025,113,Cincinnati Reds,134,Pittsburgh Pirates,2,3,1
776831,2025-08-08,2025,133,Athletics,110,Baltimore Orioles,2,3,1
776832,2025-08-08,2025,108,Los Angeles Angels,116,Detroit Tigers,5,6,1
776833,2025-08-08,2025,114,Cleveland Guardians,145,Chicago White Sox,9,5,0
776834,2025-08-08,2025,146,Miami Marlins,144,Atlanta Braves,5,1,0
776835,2025-08-08,2025,117,Houston Astros,147,New York Yankees,5,3,0
776802,2025-08-09,2025,120,Washington Nationals,137,San Francisco Giants,4,2,0
776805,2025-08-09,2025,139,Tampa Bay Rays,136,Seattle Mariners,4,7,1
776807,2025-08-09,2025,111,Boston Red Sox,135,San Diego Padres,4,5,1
776808,2025-08-09,2025,141,Toronto Blue Jays,119,Los Angeles Dodgers,1,9,1
776809,2025-08-09,2025,115,Colorado Rockies,109,Arizona Diamondbacks,5,6,1
776810,2025-08-09,2025,143,Philadelphia Phillies,140,Texas Rangers,3,2,0
776811,2025-08-09,2025,133,Athletics,110,Baltimore Orioles,11,3,0
776812,2025-08-09,2025,113,Cincinnati Reds,134,Pittsburgh Pirates,2,1,0
776813,2025-08-09,2025,108,Los Angeles Angels,116,Detroit Tigers,7,4,0
776814,2025-08-09,2025,114,Cleveland Guardians,145,Chicago White Sox,3,1,0
776815,2025-08-09,2025,117,Houston Astros,147,New York Yankees,4,5,1
776816,2025-08-09,2025,118,Kansas City Royals,142,Minnesota Twins,2,0,0
776817,2025-08-09,2025,121,New York Mets,158,Milwaukee Brewers,4,7,1
776818,2025-08-09,2025,112,Chicago Cubs,138,St. Louis Cardinals,9,1,0
776819,2025-08-09,2025,146,Miami Marlins,144,Atlanta Braves,6,8,1
778431,2025-08-09,2025,146,Miami Marlins,144,Atlanta Braves,1,7,1
776788,2025-08-10,2025,141,Toronto Blue Jays,119,Los Angeles Dodgers,5,4,0
776789,2025-08-10,2025,111,Boston Red Sox,135,San Diego Padres,2,6,1
776791,2025-08-10,2025,139,Tampa Bay Rays,136,Seattle Mariners,3,6,1
776793,2025-08-10,2025,120,Washington Nationals,137,San Francisco Giants,8,0,0
776794,2025-08-10,2025,115,Colorado Rockies,109,Arizona Diamondbacks,6,13,1
776795,2025-08-10,2025,112,Chicago Cubs,138,St. Louis Cardinals,2,3,1
776796,2025-08-10,2025,118,Kansas City Royals,142,Minnesota Twins,3,5,1
776797,2025-08-10,2025,117,Houston Astros,147,New York Yankees,7,1,0
776798,2025-08-10,2025,114,Cleveland Guardians,145,Chicago White Sox,4,6,1
776799,2025-08-10,2025,121,New York Mets,158,Milwaukee Brewers,6,7,1
776800,2025-08-10,2025,143,Philadelphia Phillies,140,Texas Rangers,4,2,0
776801,2025-08-10,2025,113,Cincinnati Reds,134,Pittsburgh Pirates,14,8,0
776803,2025-08-10,2025,146,Miami Marlins,144,Atlanta Braves,1,7,1
776804,2025-08-10,2025,133,Athletics,110,Baltimore Orioles,3,2,0
776806,2025-08-10,2025,108,Los Angeles Angels,116,Detroit Tigers,5,9,1
776779,2025-08-11,2025,119,Los Angeles Dodgers,108,Los Angeles Angels,4,7,1
776780,2025-08-11,2025,135,San Diego Padres,137,San Francisco Giants,4,1,0
776781,2025-08-11,2025,116,Detroit Tigers,145,Chicago White Sox,2,1,0
776782,2025-08-11,2025,111,Boston Red Sox,117,Houston Astros,6,7,1
776783,2025-08-11,2025,115,Colorado Rockies,138,St. Louis Cardinals,2,3,1
776784,2025-08-11,2025,120,Washington Nationals,118,Kansas City Royals,4,7,1
776785,2025-08-11,2025,109,Arizona Diamondbacks,140,Texas Rangers,6,7,1
776786,2025-08-11,2025,134,Pittsburgh Pirates,158,Milwaukee Brewers,1,7,1
776787,2025-08-11,2025,139,Tampa Bay Rays,133,Athletics,7,4,0
776790,2025-08-11,2025,142,Minnesota Twins,147,New York Yankees,2,6,1
776792,2025-08-11,2025,143,Philadelphia Phillies,113,Cincinnati Reds,4,1,0
776762,2025-08-12,2025,139,Tampa Bay Rays,133,Athletics,0,6,1
776763,2025-08-12,2025,119,Los Angeles Dodgers,108,Los Angeles Angels,6,7,1
776764,2025-08-12,2025,109,Arizona Diamondbacks,140,Texas Rangers,3,2,0
776767,2025-08-12,2025,135,San Diego Padres,137,San Francisco Giants,5,1,0
776768,2025-08-12,2025,112,Chicago Cubs,141,Toronto Blue Jays,1,5,1
776769,2025-08-12,2025,111,Boston Red Sox,117,Houston Astros,14,1,0
776770,2025-08-12,2025,120,Washington Nationals,118,Kansas City Royals,5,8,1
776771,2025-08-12,2025,134,Pittsburgh Pirates,158,Milwaukee Brewers,0,14,1
776772,2025-08-12,2025,144,Atlanta Braves,121,New York Mets,5,13,1
776773,2025-08-12,2025,116,Detroit Tigers,145,Chicago White Sox,6,9,1
776774,2025-08-12,2025,142,Minnesota Twins,147,New York Yankees,1,9,1
776775,2025-08-12,2025,115,Colorado Rockies,138,St. Louis Cardinals,3,0,0
776776,2025-08-12,2025,136,Seattle Mariners,110,Baltimore Orioles,1,0,0
776777,2025-08-12,2025,143,Philadelphia Phillies,113,Cincinnati Reds,1,6,1
776778,2025-08-12,2025,146,Miami Marlins,114,Cleveland Guardians,3,4,1
776746,2025-08-13,2025,109,Arizona Diamondbacks,140,Texas Rangers,6,4,0
776749,2025-08-13,2025,135,San Diego Padres,137,San Francisco Giants,11,1,0
776751,2025-08-13,2025,139,Tampa Bay Rays,133,Athletics,8,2,0
776752,2025-08-13,2025,119,Los Angeles Dodgers,108,Los Angeles Angels,5,6,1
776753,2025-08-13,2025,111,Boston Red Sox,117,Houston Astros,1,4,1
776754,2025-08-13,2025,116,Detroit Tigers,145,Chicago White Sox,1,0,0
776755,2025-08-13,2025,134,Pittsburgh Pirates,158,Milwaukee Brewers,5,12,1
776756,2025-08-13,2025,144,Atlanta Braves,121,New York Mets,11,6,0
776757,2025-08-13,2025,112,Chicago Cubs,141,Toronto Blue Jays,4,1,0
776758,2025-08-13,2025,115,Colorado Rockies,138,St. Louis Cardinals,6,5,0
776759,2025-08-13,2025,120,Washington Nationals,118,Kansas City Royals,8,7,0
776760,2025-08-13,2025,142,Minnesota Twins,147,New York Yankees,4,1,0
776761,2025-08-13,2025,136,Seattle Mariners,110,Baltimore Orioles,3,4,1
776765,2025-08-13,2025,143,Philadelphia Phillies,113,Cincinnati Reds,0,8,1
776766,2025-08-13,2025,146,Miami Marlins,114,Cleveland Guardians,13,4,0
776742,2025-08-14,2025,109,Arizona Diamondbacks,115,Colorado Rockies,8,2,0
776743,2025-08-14,2025,143,Philadelphia Phillies,120,Washington Nationals,2,3,1
776744,2025-08-14,2025,116,Detroit Tigers,142,Minnesota Twins,4,3,0
776745,2025-08-14,2025,146,Miami Marlins,114,Cleveland Guardians,4,9,1
776747,2025-08-14,2025,112,Chicago Cubs,141,Toronto Blue Jays,1,2,1
776748,2025-08-14,2025,144,Atlanta Braves,121,New York Mets,4,3,0
776750,2025-08-14,2025,136,Seattle Mariners,110,Baltimore Orioles,3,5,1
776727,2025-08-15,2025,135,San Diego Padres,119,Los Angeles Dodgers,2,3,1
776728,2025-08-15,2025,145,Chicago White Sox,118,Kansas City Royals,1,3,1
776729,2025-08-15,2025,139,Tampa Bay Rays,137,San Francisco Giants,7,6,0
776730,2025-08-15,2025,109,Arizona Diamondbacks,115,Colorado Rockies,3,4,1
776731,2025-08-15,2025,147,New York Yankees,138,St. Louis Cardinals,4,3,0
776732,2025-08-15,2025,116,Detroit Tigers,142,Minnesota Twins,7,0,0
776733,2025-08-15,2025,110,Baltimore Orioles,117,Houston Astros,7,0,0
776734,2025-08-15,2025,108,Los Angeles Angels,133,Athletics,3,10,1
776735,2025-08-15,2025,140,Texas Rangers,141,Toronto Blue Jays,5,6,1
776736,2025-08-15,2025,136,Seattle Mariners,121,New York Mets,11,9,0
776737,2025-08-15,2025,134,Pittsburgh Pirates,112,Chicago Cubs,3,2,0
776738,2025-08-15,2025,144,Atlanta Braves,114,Cleveland Guardians,2,0,0
776739,2025-08-15,2025,143,Philadelphia Phillies,120,Washington Nationals,6,2,0
776740,2025-08-15,2025,158,Milwaukee Brewers,113,Cincinnati Reds,10,8,0
776741,2025-08-15,2025,146,Miami Marlins,111,Boston Red Sox,1,2,1
776711,2025-08-16,2025,139,Tampa Bay Rays,137,San Francisco Giants,2,1,0
776712,2025-08-16,2025,145,Chicago White Sox,118,Kansas City Royals,2,6,1
776713,2025-08-16,2025,147,New York Yankees,138,St. Louis Cardinals,12,8,0
776715,2025-08-16,2025,109,Arizona Diamondbacks,115,Colorado Rockies,7,10,1
776716,2025-08-16,2025,116,Detroit Tigers,142,Minnesota Twins,8,5,0
776717,2025-08-16,2025,135,San Diego Padres,119,Los Angeles Dodgers,0,6,1
776718,2025-08-16,2025,108,Los Angeles Angels,133,Athletics,2,7,1
776719,2025-08-16,2025,134,Pittsburgh Pirates,112,Chicago Cubs,1,3,1
776720,2025-08-16,2025,144,Atlanta Braves,114,Cleveland Guardians,10,1,0
776721,2025-08-16,2025,158,Milwaukee Brewers,113,Cincinnati Reds,6,5,0
776722,2025-08-16,2025,110,Baltimore Orioles,117,Houston Astros,4,5,1
776723,2025-08-16,2025,140,Texas Rangers,141,Toronto Blue Jays,2,14,1
776724,2025-08-16,2025,146,Miami Marlins,111,Boston Red Sox,5,7,1
776725,2025-08-16,2025,143,Philadelphia Phillies,120,Washington Nationals,0,2,1
776726,2025-08-16,2025,136,Seattle Mariners,121,New York Mets,1,3,1
776697,2025-08-17,2025,135,San Diego Padres,119,Los Angeles Dodgers,4,5,1
776698,2025-08-17,2025,147,New York Yankees,138,St. Louis Cardinals,8,4,0
776699,2025-08-17,2025,108,Los Angeles Angels,133,Athletics,11,5,0
776700,2025-08-17,2025,116,Detroit Tigers,142,Minnesota Twins,1,8,1
776701,2025-08-17,2025,109,Arizona Diamondbacks,115,Colorado Rockies,5,6,1
776702,2025-08-17,2025,145,Chicago White Sox,118,Kansas City Royals,2,6,1
776703,2025-08-17,2025,139,Tampa Bay Rays,137,San Francisco Giants,1,7,1
776704,2025-08-17,2025,134,Pittsburgh Pirates,112,Chicago Cubs,3,4,1
776705,2025-08-17,2025,110,Baltimore Orioles,117,Houston Astros,12,0,0
776706,2025-08-17,2025,144,Atlanta Braves,114,Cleveland Guardians,5,4,0
776707,2025-08-17,2025,136,Seattle Mariners,121,New York Mets,3,7,1
776708,2025-08-17,2025,143,Philadelphia Phillies,120,Washington Nationals,11,9,0
776709,2025-08-17,2025,158,Milwaukee Brewers,113,Cincinnati Reds,2,3,1
776710,2025-08-17,2025,140,Texas Rangers,141,Toronto Blue Jays,10,4,0
776714,2025-08-17,2025,146,Miami Marlins,111,Boston Red Sox,5,3,0
776681,2025-08-18,2025,113,Cincinnati Reds,108,Los Angeles Angels,4,1,0
776682,2025-08-18,2025,114,Cleveland Guardians,109,Arizona Diamondbacks,3,1,0
776683,2025-08-18,2025,137,San Francisco Giants,135,San Diego Padres,4,3,0
776688,2025-08-18,2025,138,St. Louis Cardinals,146,Miami Marlins,8,3,0
776689,2025-08-18,2025,136,Seattle Mariners,143,Philadelphia Phillies,7,12,1
776690,2025-08-18,2025,140,Texas Rangers,118,Kansas City Royals,3,4,1
776692,2025-08-18,2025,117,Houston Astros,116,Detroit Tigers,0,10,1
776693,2025-08-18,2025,119,Los Angeles Dodgers,115,Colorado Rockies,3,4,1
776694,2025-08-18,2025,141,Toronto Blue Jays,134,Pittsburgh Pirates,2,5,1
776695,2025-08-18,2025,110,Baltimore Orioles,111,Boston Red Sox,6,3,0
776696,2025-08-18,2025,145,Chicago White Sox,144,Atlanta Braves,13,9,0
777459,2025-08-18,2025,158,Milwaukee Brewers,112,Chicago Cubs,7,0,0
776667,2025-08-19,2025,137,San Francisco Giants,135,San Diego Padres,1,5,1
776668,2025-08-19,2025,113,Cincinnati Reds,108,Los Angeles Angels,6,4,0
776671,2025-08-19,2025,119,Los Angeles Dodgers,115,Colorado Rockies,11,4,0
776672,2025-08-19,2025,114,Cleveland Guardians,109,Arizona Diamondbacks,5,6,1
776674,2025-08-19,2025,133,Athletics,142,Minnesota Twins,6,3,0
776675,2025-08-19,2025,140,Texas Rangers,118,Kansas City Royals,2,5,1
776676,2025-08-19,2025,158,Milwaukee Brewers,112,Chicago Cubs,1,4,1
776677,2025-08-19,2025,147,New York Yankees,139,Tampa Bay Rays,13,3,0
776678,2025-08-19,2025,121,New York Mets,120,Washington Nationals,8,1,0
776679,2025-08-19,2025,141,Toronto Blue Jays,134,Pittsburgh Pirates,7,3,0
776680,2025-08-19,2025,136,Seattle Mariners,143,Philadelphia Phillies,4,6,1
776684,2025-08-19,2025,110,Baltimore Orioles,111,Boston Red Sox,4,3,0
776685,2025-08-19,2025,117,Houston Astros,116,Detroit Tigers,0,1,1
776686,2025-08-19,2025,138,St. Louis Cardinals,146,Miami Marlins,7,4,0
776687,2025-08-19,2025,145,Chicago White Sox,144,Atlanta Braves,10,11,1
776691,2025-08-19,2025,158,Milwaukee Brewers,112,Chicago Cubs,4,6,1
776652,2025-08-20,2025,113,Cincinnati Reds,108,Los Angeles Angels,1,2,1
776656,2025-08-20,2025,137,San Francisco Giants,135,San Diego Padres,1,8,1
776658,2025-08-20,2025,114,Cleveland Guardians,109,Arizona Diamondbacks,2,3,1
776659,2025-08-20,2025,121,New York Mets,120,Washington Nationals,4,5,1
776660,2025-08-20,2025,119,Los Angeles Dodgers,115,Colorado Rockies,3,8,1
776661,2025-08-20,2025,141,Toronto Blue Jays,134,Pittsburgh Pirates,1,2,1
776662,2025-08-20,2025,136,Seattle Mariners,143,Philadelphia Phillies,2,11,1
776663,2025-08-20,2025,158,Milwaukee Brewers,112,Chicago Cubs,3,4,1
776664,2025-08-20,2025,147,New York Yankees,139,Tampa Bay Rays,6,4,0
776665,2025-08-20,2025,133,Athletics,142,Minnesota Twins,4,2,0
776666,2025-08-20,2025,140,Texas Rangers,118,Kansas City Royals,6,3,0
776669,2025-08-20,2025,145,Chicago White Sox,144,Atlanta Braves,0,1,1
776670,2025-08-20,2025,138,St. Louis Cardinals,146,Miami Marlins,2,6,1
776673,2025-08-20,2025,117,Houston Astros,116,Detroit Tigers,2,7,1
776631,2025-08-21,2025,138,St. Louis Cardinals,139,Tampa Bay Rays,7,4,0
776642,2025-08-21,2025,137,San Francisco Giants,135,San Diego Padres,4,8,1
776644,2025-08-21,2025,119,Los Angeles Dodgers,115,Colorado Rockies,9,5,0
776650,2025-08-21,2025,121,New York Mets,120,Washington Nationals,3,9,1
776651,2025-08-21,2025,158,Milwaukee Brewers,112,Chicago Cubs,4,1,0
776653,2025-08-21,2025,133,Athletics,142,Minnesota Twins,8,3,0
776654,2025-08-21,2025,111,Boston Red Sox,147,New York Yankees,6,3,0
776655,2025-08-21,2025,117,Houston Astros,110,Baltimore Orioles,7,2,0
776657,2025-08-21,2025,140,Texas Rangers,118,Kansas City Royals,4,6,1
776633,2025-08-22,2025,138,St. Louis Cardinals,139,Tampa Bay Rays,6,10,1
776634,2025-08-22,2025,137,San Francisco Giants,158,Milwaukee Brewers,4,5,1
776635,2025-08-22,2025,113,Cincinnati Reds,109,Arizona Diamondbacks,5,6,1
776636,2025-08-22,2025,119,Los Angeles Dodgers,135,San Diego Padres,1,2,1
776637,2025-08-22,2025,115,Colorado Rockies,134,Pittsburgh Pirates,0,9,1
776638,2025-08-22,2025,133,Athletics,136,Seattle Mariners,2,3,1
776639,2025-08-22,2025,142,Minnesota Twins,145,Chicago White Sox,9,7,0
776640,2025-08-22,2025,112,Chicago Cubs,108,Los Angeles Angels,3,2,0
776641,2025-08-22,2025,114,Cleveland Guardians,140,Texas Rangers,3,4,1
776643,2025-08-22,2025,117,Houston Astros,110,Baltimore Orioles,10,7,0
776645,2025-08-22,2025,121,New York Mets,144,Atlanta Braves,12,7,0
776646,2025-08-22,2025,141,Toronto Blue Jays,146,Miami Marlins,5,2,0
776647,2025-08-22,2025,111,Boston Red Sox,147,New York Yankees,1,0,0
776648,2025-08-22,2025,120,Washington Nationals,143,Philadelphia Phillies,5,4,0
776649,2025-08-22,2025,118,Kansas City Royals,116,Detroit Tigers,5,7,1
776617,2025-08-23,2025,119,Los Angeles Dodgers,135,San Diego Padres,1,5,1
776618,2025-08-23,2025,112,Chicago Cubs,108,Los Angeles Angels,12,1,0
776619,2025-08-23,2025,142,Minnesota Twins,145,Chicago White Sox,3,7,1
776620,2025-08-23,2025,133,Athletics,136,Seattle Mariners,2,1,0
776621,2025-08-23,2025,137,San Francisco Giants,158,Milwaukee Brewers,7,1,0
776622,2025-08-23,2025,113,Cincinnati Reds,109,Arizona Diamondbacks,1,10,1
776623,2025-08-23,2025,114,Cleveland Guardians,140,Texas Rangers,0,10,1
776625,2025-08-23,2025,118,Kansas City Royals,116,Detroit Tigers,2,4,1
776626,2025-08-23,2025,121,New York Mets,144,Atlanta Braves,9,2,0
776627,2025-08-23,2025,111,Boston Red Sox,147,New York Yankees,12,1,0
776628,2025-08-23,2025,120,Washington Nationals,143,Philadelphia Phillies,4,6,1
776629,2025-08-23,2025,117,Houston Astros,110,Baltimore Orioles,9,8,0
776630,2025-08-23,2025,141,Toronto Blue Jays,146,Miami Marlins,7,6,0
776632,2025-08-23,2025,115,Colorado Rockies,134,Pittsburgh Pirates,1,5,1
776602,2025-08-24,2025,133,Athletics,136,Seattle Mariners,4,11,1
776603,2025-08-24,2025,119,Los Angeles Dodgers,135,San Diego Padres,8,2,0
776605,2025-08-24,2025,112,Chicago Cubs,108,Los Angeles Angels,4,3,0
776606,2025-08-24,2025,138,St. Louis Cardinals,139,Tampa Bay Rays,2,7,1
776607,2025-08-24,2025,142,Minnesota Twins,145,Chicago White Sox,0,8,1
776608,2025-08-24,2025,137,San Francisco Giants,158,Milwaukee Brewers,4,3,0
776609,2025-08-24,2025,113,Cincinnati Reds,109,Arizona Diamondbacks,6,1,0
776610,2025-08-24,2025,115,Colorado Rockies,134,Pittsburgh Pirates,0,4,1
776611,2025-08-24,2025,114,Cleveland Guardians,140,Texas Rangers,0,5,1
776612,2025-08-24,2025,117,Houston Astros,110,Baltimore Orioles,2,3,1
776613,2025-08-24,2025,120,Washington Nationals,143,Philadelphia Phillies,2,3,1
776614,2025-08-24,2025,141,Toronto Blue Jays,146,Miami Marlins,3,5,1
776615,2025-08-24,2025,118,Kansas City Royals,116,Detroit Tigers,10,8,0
776616,2025-08-24,2025,111,Boston Red Sox,147,New York Yankees,2,7,1
776624,2025-08-24,2025,121,New York Mets,144,Atlanta Braves,3,4,1
776589,2025-08-25,2025,134,Pittsburgh Pirates,138,St. Louis Cardinals,6,7,1
776590,2025-08-25,2025,116,Detroit Tigers,133,Athletics,3,8,1
776592,2025-08-25,2025,108,Los Angeles Angels,140,Texas Rangers,4,0,0
776593,2025-08-25,2025,109,Arizona Diamondbacks,158,Milwaukee Brewers,5,7,1
776594,2025-08-25,2025,113,Cincinnati Reds,119,Los Angeles Dodgers,0,7,1
776595,2025-08-25,2025,135,San Diego Padres,136,Seattle Mariners,6,9,1
776596,2025-08-25,2025,142,Minnesota Twins,141,Toronto Blue Jays,4,10,1
776597,2025-08-25,2025,120,Washington Nationals,147,New York Yankees,5,10,1
776598,2025-08-25,2025,143,Philadelphia Phillies,121,New York Mets,3,13,1
776599,2025-08-25,2025,118,Kansas City Royals,145,Chicago White Sox,0,7,1
776600,2025-08-25,2025,144,Atlanta Braves,146,Miami Marlins,1,2,1
776601,2025-08-25,2025,139,Tampa Bay Rays,114,Cleveland Guardians,9,0,0
776604,2025-08-25,2025,111,Boston Red Sox,110,Baltimore Orioles,4,3,0
776573,2025-08-26,2025,116,Detroit Tigers,133,Athletics,6,7,1
776574,2025-08-26,2025,113,Cincinnati Reds,119,Los Angeles Dodgers,3,6,1
776575,2025-08-26,2025,108,Los Angeles Angels,140,Texas Rangers,3,7,1
776576,2025-08-26,2025,112,Chicago Cubs,137,San Francisco Giants,2,5,1
776577,2025-08-26,2025,135,San Diego Padres,136,Seattle Mariners,7,6,0
776578,2025-08-26,2025,134,Pittsburgh Pirates,138,St. Louis Cardinals,8,3,0
776581,2025-08-26,2025,144,Atlanta Braves,146,Miami Marlins,11,2,0
776582,2025-08-26,2025,142,Minnesota Twins,141,Toronto Blue Jays,7,5,0
776583,2025-08-26,2025,118,Kansas City Royals,145,Chicago White Sox,5,4,0
776584,2025-08-26,2025,139,Tampa Bay Rays,114,Cleveland Guardians,0,3,1
776585,2025-08-26,2025,143,Philadelphia Phillies,121,New York Mets,5,6,1
776586,2025-08-26,2025,109,Arizona Diamondbacks,158,Milwaukee Brewers,8,9,1
776587,2025-08-26,2025,115,Colorado Rockies,117,Houston Astros,6,1,0
776588,2025-08-26,2025,120,Washington Nationals,147,New York Yankees,1,5,1
776591,2025-08-26,2025,111,Boston Red Sox,110,Baltimore Orioles,5,0,0
776557,2025-08-27,2025,112,Chicago Cubs,137,San Francisco Giants,3,12,1
776559,2025-08-27,2025,116,Detroit Tigers,133,Athletics,0,7,1
776561,2025-08-27,2025,135,San Diego Padres,136,Seattle Mariners,3,4,1
776562,2025-08-27,2025,113,Cincinnati Reds,119,Los Angeles Dodgers,1,5,1
776563,2025-08-27,2025,108,Los Angeles Angels,140,Texas Rangers,3,20,1
776565,2025-08-27,2025,144,Atlanta Braves,146,Miami Marlins,12,1,0
776566,2025-08-27,2025,143,Philadelphia Phillies,121,New York Mets,0,6,1
776567,2025-08-27,2025,142,Minnesota Twins,141,Toronto Blue Jays,8,9,1
776568,2025-08-27,2025,134,Pittsburgh Pirates,138,St. Louis Cardinals,2,1,0
776569,2025-08-27,2025,118,Kansas City Royals,145,Chicago White Sox,12,1,0
776570,2025-08-27,2025,120,Washington Nationals,147,New York Yankees,2,11,1
776571,2025-08-27,2025,115,Colorado Rockies,117,Houston Astros,0,4,1
776572,2025-08-27,2025,109,Arizona Diamondbacks,158,Milwaukee Brewers,3,2,0
776579,2025-08-27,2025,111,Boston Red Sox,110,Baltimore Orioles,3,2,0
776580,2025-08-27,2025,139,Tampa Bay Rays,114,Cleveland Guardians,3,4,1
776550,2025-08-28,2025,112,Chicago Cubs,137,San Francisco Giants,3,4,1
776553,2025-08-28,2025,109,Arizona Diamondbacks,158,Milwaukee Brewers,6,4,0
776554,2025-08-28,2025,134,Pittsburgh Pirates,138,St. Louis Cardinals,1,4,1
776555,2025-08-28,2025,115,Colorado Rockies,117,Houston Astros,3,4,1
776556,2025-08-28,2025,147,New York Yankees,145,Chicago White Sox,10,4,0
776558,2025-08-28,2025,146,Miami Marlins,121,New York Mets,7,4,0
776560,2025-08-28,2025,144,Atlanta Braves,143,Philadelphia Phillies,4,19,1
776564,2025-08-28,2025,111,Boston Red Sox,110,Baltimore Orioles,3,2,0
776533,2025-08-29,2025,110,Baltimore Orioles,137,San Francisco Giants,8,15,1
776534,2025-08-29,2025,109,Arizona Diamondbacks,119,Los Angeles Dodgers,3,0,0
776538,2025-08-29,2025,140,Texas Rangers,133,Athletics,5,2,0
776540,2025-08-29,2025,116,Detroit Tigers,118,Kansas City Royals,5,3,0
776541,2025-08-29,2025,135,San Diego Padres,142,Minnesota Twins,4,7,1
776542,2025-08-29,2025,112,Chicago Cubs,115,Colorado Rockies,11,7,0
776543,2025-08-29,2025,108,Los Angeles Angels,117,Houston Astros,0,2,1
776544,2025-08-29,2025,147,New York Yankees,145,Chicago White Sox,10,2,0
776545,2025-08-29,2025,139,Tampa Bay Rays,120,Washington Nationals,4,1,0
776546,2025-08-29,2025,158,Milwaukee Brewers,141,Toronto Blue Jays,7,2,0
776547,2025-08-29,2025,136,Seattle Mariners,114,Cleveland Guardians,4,5,1
776548,2025-08-29,2025,146,Miami Marlins,121,New York Mets,9,19,1
776549,2025-08-29,2025,134,Pittsburgh Pirates,111,Boston Red Sox,4,2,0
776551,2025-08-29,2025,138,St. Louis Cardinals,113,Cincinnati Reds,7,5,0
776552,2025-08-29,2025,144,Atlanta Braves,143,Philadelphia Phillies,1,2,1
776516,2025-08-30,2025,110,Baltimore Orioles,137,San Francisco Giants,11,1,0
776523,2025-08-30,2025,109,Arizona Diamondbacks,119,Los Angeles Dodgers,6,1,0
776524,2025-08-30,2025,140,Texas Rangers,133,Athletics,9,3,0
776525,2025-08-30,2025,139,Tampa Bay Rays,120,Washington Nationals,4,1,0
776526,2025-08-30,2025,112,Chicago Cubs,115,Colorado Rockies,4,3,0
776527,2025-08-30,2025,158,Milwaukee Brewers,141,Toronto Blue Jays,4,1,0
776528,2025-08-30,2025,116,Detroit Tigers,118,Kansas City Royals,1,3,1
776529,2025-08-30,2025,147,New York Yankees,145,Chicago White Sox,5,3,0
776530,2025-08-30,2025,135,San Diego Padres,142,Minnesota Twins,12,3,0
776531,2025-08-30,2025,108,Los Angeles Angels,117,Houston Astros,4,1,0
776532,2025-08-30,2025,144,Atlanta Braves,143,Philadelphia Phillies,2,3,1
776535,2025-08-30,2025,146,Miami Marlins,121,New York Mets,11,8,0
776536,2025-08-30,2025,138,St. Louis Cardinals,113,Cincinnati Reds,4,2,0
776537,2025-08-30,2025,136,Seattle Mariners,114,Cleveland Guardians,3,4,1
776539,2025-08-30,2025,134,Pittsburgh Pirates,111,Boston Red Sox,10,3,0
776507,2025-08-31,2025,110,Baltimore Orioles,137,San Francisco Giants,2,13,1
776508,2025-08-31,2025,140,Texas Rangers,133,Athletics,9,6,0
776509,2025-08-31,2025,109,Arizona Diamondbacks,119,Los Angeles Dodgers,4,5,1
776510,2025-08-31,2025,108,Los Angeles Angels,117,Houston Astros,3,0,0
776511,2025-08-31,2025,112,Chicago Cubs,115,Colorado Rockies,5,6,1
776512,2025-08-31,2025,116,Detroit Tigers,118,Kansas City Royals,5,0,0
776513,2025-08-31,2025,135,San Diego Padres,142,Minnesota Twins,2,7,1
776514,2025-08-31,2025,147,New York Yankees,145,Chicago White Sox,2,3,1
776515,2025-08-31,2025,158,Milwaukee Brewers,141,Toronto Blue Jays,4,8,1
776517,2025-08-31,2025,134,Pittsburgh Pirates,111,Boston Red Sox,2,5,1
776518,2025-08-31,2025,138,St. Louis Cardinals,113,Cincinnati Reds,4,7,1
776519,2025-08-31,2025,146,Miami Marlins,121,New York Mets,5,1,0
776520,2025-08-31,2025,139,Tampa Bay Rays,120,Washington Nationals,7,4,0
776521,2025-08-31,2025,136,Seattle Mariners,114,Cleveland Guardians,4,2,0
776522,2025-08-31,2025,144,Atlanta Braves,143,Philadelphia Phillies,3,1,0
776492,2025-09-01,2025,137,San Francisco Giants,115,Colorado Rockies,8,2,0
776494,2025-09-01,2025,110,Baltimore Orioles,135,San Diego Padres,4,3,0
776495,2025-09-01,2025,140,Texas Rangers,109,Arizona Diamondbacks,7,5,0
776497,2025-09-01,2025,133,Athletics,138,St. Louis Cardinals,11,3,0
776498,2025-09-01,2025,146,Miami Marlins,120,Washington Nationals,0,2,1
776499,2025-09-01,2025,108,Los Angeles Angels,117,Houston Astros,3,8,1
776500,2025-09-01,2025,143,Philadelphia Phillies,158,Milwaukee Brewers,10,8,0
776501,2025-09-01,2025,121,New York Mets,116,Detroit Tigers,10,8,0
776502,2025-09-01,2025,145,Chicago White Sox,142,Minnesota Twins,6,5,0
776503,2025-09-01,2025,141,Toronto Blue Jays,113,Cincinnati Reds,4,5,1
776504,2025-09-01,2025,136,Seattle Mariners,139,Tampa Bay Rays,2,10,1
776505,2025-09-01,2025,114,Cleveland Guardians,111,Boston Red Sox,4,6,1
776506,2025-09-01,2025,144,Atlanta Braves,112,Chicago Cubs,6,7,1
776480,2025-09-02,2025,110,Baltimore Orioles,135,San Diego Padres,6,2,0
776481,2025-09-02,2025,140,Texas Rangers,109,Arizona Diamondbacks,3,5,1
776482,2025-09-02,2025,146,Miami Marlins,120,Washington Nationals,2,5,1
776483,2025-09-02,2025,133,Athletics,138,St. Louis Cardinals,1,2,1
776484,2025-09-02,2025,145,Chicago White Sox,142,Minnesota Twins,12,3,0
776485,2025-09-02,2025,136,Seattle Mariners,139,Tampa Bay Rays,5,6,1
776486,2025-09-02,2025,137,San Francisco Giants,115,Colorado Rockies,7,4,0
776487,2025-09-02,2025,144,Atlanta Braves,112,Chicago Cubs,3,4,1
776488,2025-09-02,2025,108,Los Angeles Angels,118,Kansas City Royals,5,1,0
776489,2025-09-02,2025,147,New York Yankees,117,Houston Astros,7,1,0
776490,2025-09-02,2025,121,New York Mets,116,Detroit Tigers,12,5,0
776491,2025-09-02,2025,141,Toronto Blue Jays,113,Cincinnati Reds,12,9,0
776493,2025-09-02,2025,114,Cleveland Guardians,111,Boston Red Sox,7,11,1
776496,2025-09-02,2025,119,Los Angeles Dodgers,134,Pittsburgh Pirates,7,9,1
776465,2025-09-03,2025,110,Baltimore Orioles,135,San Diego Padres,7,5,0
776466,2025-09-03,2025,108,Los Angeles Angels,118,Kansas City Royals,4,3,0
776467,2025-09-03,2025,137,San Francisco Giants,115,Colorado Rockies,10,8,0
776468,2025-09-03,2025,140,Texas Rangers,109,Arizona Diamondbacks,0,2,1
776469,2025-09-03,2025,145,Chicago White Sox,142,Minnesota Twins,4,3,0
776470,2025-09-03,2025,133,Athletics,138,St. Louis Cardinals,1,5,1
776471,2025-09-03,2025,143,Philadelphia Phillies,158,Milwaukee Brewers,3,6,1
776472,2025-09-03,2025,147,New York Yankees,117,Houston Astros,7,8,1
776473,2025-09-03,2025,144,Atlanta Braves,112,Chicago Cubs,5,1,0
776474,2025-09-03,2025,114,Cleveland Guardians,111,Boston Red Sox,8,1,0
776475,2025-09-03,2025,141,Toronto Blue Jays,113,Cincinnati Reds,13,9,0
776476,2025-09-03,2025,136,Seattle Mariners,139,Tampa Bay Rays,4,9,1
776477,2025-09-03,2025,146,Miami Marlins,120,Washington Nationals,5,10,1
776478,2025-09-03,2025,121,New York Mets,116,Detroit Tigers,2,6,1
776479,2025-09-03,2025,119,Los Angeles Dodgers,134,Pittsburgh Pirates,0,3,1
776458,2025-09-04,2025,114,Cleveland Guardians,139,Tampa Bay Rays,2,4,1
776459,2025-09-04,2025,143,Philadelphia Phillies,158,Milwaukee Brewers,2,0,0
776461,2025-09-04,2025,119,Los Angeles Dodgers,134,Pittsburgh Pirates,3,5,1
776462,2025-09-04,2025,145,Chicago White Sox,142,Minnesota Twins,11,8,0
776463,2025-09-04,2025,108,Los Angeles Angels,118,Kansas City Royals,3,4,1
776464,2025-09-04,2025,147,New York Yankees,117,Houston Astros,8,4,0
776442,2025-09-05,2025,135,San Diego Padres,115,Colorado Rockies,0,3,1
776444,2025-09-05,2025,133,Athletics,108,Los Angeles Angels,10,4,0
776445,2025-09-05,2025,137,San Francisco Giants,138,St. Louis Cardinals,8,2,0
776446,2025-09-05,2025,142,Minnesota Twins,118,Kansas City Royals,1,2,1
776448,2025-09-05,2025,111,Boston Red Sox,109,Arizona Diamondbacks,5,10,1
776449,2025-09-05,2025,117,Houston Astros,140,Texas Rangers,3,4,1
776450,2025-09-05,2025,121,New York Mets,113,Cincinnati Reds,5,4,0
776451,2025-09-05,2025,114,Cleveland Guardians,139,Tampa Bay Rays,7,1,0
776452,2025-09-05,2025,145,Chicago White Sox,116,Detroit Tigers,7,5,0
776453,2025-09-05,2025,158,Milwaukee Brewers,134,Pittsburgh Pirates,5,2,0
776454,2025-09-05,2025,119,Los Angeles Dodgers,110,Baltimore Orioles,1,2,1
776455,2025-09-05,2025,120,Washington Nationals,112,Chicago Cubs,5,11,1
776456,2025-09-05,2025,143,Philadelphia Phillies,146,Miami Marlins,9,3,0
776457,2025-09-05,2025,141,Toronto Blue Jays,147,New York Yankees,7,1,0
776460,2025-09-05,2025,136,Seattle Mariners,144,Atlanta Braves,1,4,1
776424,2025-09-06,2025,111,Boston Red Sox,109,Arizona Diamondbacks,1,5,1
776430,2025-09-06,2025,133,Athletics,108,Los Angeles Angels,17,4,0
776431,2025-09-06,2025,135,San Diego Padres,115,Colorado Rockies,10,8,0
776432,2025-09-06,2025,117,Houston Astros,140,Texas Rangers,11,0,0
776433,2025-09-06,2025,143,Philadelphia Phillies,146,Miami Marlins,4,2,0
776434,2025-09-06,2025,142,Minnesota Twins,118,Kansas City Royals,2,11,1
776435,2025-09-06,2025,145,Chicago White Sox,116,Detroit Tigers,0,6,1
776436,2025-09-06,2025,141,Toronto Blue Jays,147,New York Yankees,1,3,1
776437,2025-09-06,2025,137,San Francisco Giants,138,St. Louis Cardinals,2,3,1
776438,2025-09-06,2025,114,Cleveland Guardians,139,Tampa Bay Rays,3,2,0
776439,2025-09-06,2025,121,New York Mets,113,Cincinnati Reds,3,6,1
776440,2025-09-06,2025,120,Washington Nationals,112,Chicago Cubs,2,1,0
776441,2025-09-06,2025,158,Milwaukee Brewers,134,Pittsburgh Pirates,4,1,0
776443,2025-09-06,2025,119,Los Angeles Dodgers,110,Baltimore Orioles,3,4,1
776447,2025-09-06,2025,136,Seattle Mariners,144,Atlanta Braves,10,2,0
776414,2025-09-07,2025,133,Athletics,108,Los Angeles Angels,3,4,1
776415,2025-09-07,2025,111,Boston Red Sox,109,Arizona Diamondbacks,7,4,0
776416,2025-09-07,2025,137,San Francisco Giants,138,St. Louis Cardinals,3,4,1
776417,2025-09-07,2025,135,San Diego Padres,115,Colorado Rockies,8,1,0
776418,2025-09-07,2025,117,Houston Astros,140,Texas Rangers,2,4,1
776419,2025-09-07,2025,158,Milwaukee Brewers,134,Pittsburgh Pirates,10,2,0
776420,2025-09-07,2025,120,Washington Nationals,112,Chicago Cubs,6,3,0
776421,2025-09-07,2025,114,Cleveland Guardians,139,Tampa Bay Rays,2,1,0
776422,2025-09-07,2025,142,Minnesota Twins,118,Kansas City Royals,5,1,0
776423,2025-09-07,2025,141,Toronto Blue Jays,147,New York Yankees,3,4,1
776425,2025-09-07,2025,145,Chicago White Sox,116,Detroit Tigers,6,4,0
776426,2025-09-07,2025,143,Philadelphia Phillies,146,Miami Marlins,4,5,1
776427,2025-09-07,2025,119,Los Angeles Dodgers,110,Baltimore Orioles,5,2,0
776428,2025-09-07,2025,136,Seattle Mariners,144,Atlanta Braves,18,2,0
776429,2025-09-07,2025,121,New York Mets,113,Cincinnati Reds,2,3,1
776399,2025-09-08,2025,109,Arizona Diamondbacks,137,San Francisco Giants,5,11,1
776400,2025-09-08,2025,138,St. Louis Cardinals,136,Seattle Mariners,2,4,1
776405,2025-09-08,2025,121,New York Mets,143,Philadelphia Phillies,0,1,1
776406,2025-09-08,2025,158,Milwaukee Brewers,140,Texas Rangers,0,5,1
776407,2025-09-08,2025,113,Cincinnati Reds,135,San Diego Padres,3,4,1
776408,2025-09-08,2025,115,Colorado Rockies,119,Los Angeles Dodgers,1,3,1
776409,2025-09-08,2025,120,Washington Nationals,146,Miami Marlins,15,7,0
776410,2025-09-08,2025,111,Boston Red Sox,133,Athletics,7,0,0
776411,2025-09-08,2025,142,Minnesota Twins,108,Los Angeles Angels,12,3,0
776412,2025-09-08,2025,112,Chicago Cubs,144,Atlanta Braves,1,4,1
776413,2025-09-08,2025,118,Kansas City Royals,114,Cleveland Guardians,2,10,1
776388,2025-09-09,2025,139,Tampa Bay Rays,145,Chicago White Sox,5,4,0
776389,2025-09-09,2025,115,Colorado Rockies,119,Los Angeles Dodgers,2,7,1
776390,2025-09-09,2025,142,Minnesota Twins,108,Los Angeles Angels,2,12,1
776391,2025-09-09,2025,138,St. Louis Cardinals,136,Seattle Mariners,3,5,1
776392,2025-09-09,2025,113,Cincinnati Reds,135,San Diego Padres,4,2,0
776393,2025-09-09,2025,117,Houston Astros,141,Toronto Blue Jays,3,4,1
776394,2025-09-09,2025,109,Arizona Diamondbacks,137,San Francisco Giants,3,5,1
776395,2025-09-09,2025,158,Milwaukee Brewers,140,Texas Rangers,4,5,1
776396,2025-09-09,2025,111,Boston Red Sox,133,Athletics,6,0,0
776397,2025-09-09,2025,120,Washington Nationals,146,Miami Marlins,7,5,0
776398,2025-09-09,2025,116,Detroit Tigers,147,New York Yankees,12,2,0
776401,2025-09-09,2025,134,Pittsburgh Pirates,110,Baltimore Orioles,2,3,1
776402,2025-09-09,2025,112,Chicago Cubs,144,Atlanta Braves,6,1,0
776403,2025-09-09,2025,118,Kansas City Royals,114,Cleveland Guardians,0,2,1
776404,2025-09-09,2025,121,New York Mets,143,Philadelphia Phillies,3,9,1
776373,2025-09-10,2025,138,St. Louis Cardinals,136,Seattle Mariners,2,4,1
776374,2025-09-10,2025,109,Arizona Diamondbacks,137,San Francisco Giants,5,3,0
776375,2025-09-10,2025,158,Milwaukee Brewers,140,Texas Rangers,3,6,1
776376,2025-09-10,2025,142,Minnesota Twins,108,Los Angeles Angels,3,4,1
776377,2025-09-10,2025,113,Cincinnati Reds,135,San Diego Padres,2,1,0
776378,2025-09-10,2025,139,Tampa Bay Rays,145,Chicago White Sox,5,6,1
776379,2025-09-10,2025,111,Boston Red Sox,133,Athletics,4,5,1
776380,2025-09-10,2025,115,Colorado Rockies,119,Los Angeles Dodgers,0,9,1
776381,2025-09-10,2025,112,Chicago Cubs,144,Atlanta Braves,3,2,0
776382,2025-09-10,2025,118,Kansas City Royals,114,Cleveland Guardians,4,3,0
776383,2025-09-10,2025,116,Detroit Tigers,147,New York Yankees,11,1,0
776384,2025-09-10,2025,121,New York Mets,143,Philadelphia Phillies,3,11,1
776385,2025-09-10,2025,117,Houston Astros,141,Toronto Blue Jays,3,2,0
776386,2025-09-10,2025,120,Washington Nationals,146,Miami Marlins,3,8,1
776387,2025-09-10,2025,134,Pittsburgh Pirates,110,Baltimore Orioles,1,2,1
776362,2025-09-11,2025,108,Los Angeles Angels,136,Seattle Mariners,6,7,1
776364,2025-09-11,2025,139,Tampa Bay Rays,145,Chicago White Sox,1,5,1
776365,2025-09-11,2025,115,Colorado Rockies,135,San Diego Padres,0,2,1
776367,2025-09-11,2025,120,Washington Nationals,146,Miami Marlins,0,5,1
776368,2025-09-11,2025,116,Detroit Tigers,147,New York Yankees,3,9,1
776369,2025-09-11,2025,117,Houston Astros,141,Toronto Blue Jays,0,6,1
776370,2025-09-11,2025,118,Kansas City Royals,114,Cleveland Guardians,2,3,1
776371,2025-09-11,2025,121,New York Mets,143,Philadelphia Phillies,4,6,1
776372,2025-09-11,2025,134,Pittsburgh Pirates,110,Baltimore Orioles,2,3,1
776345,2025-09-12,2025,108,Los Angeles Angels,136,Seattle Mariners,1,2,1
776350,2025-09-12,2025,119,Los Angeles Dodgers,137,San Francisco Giants,1,5,1
776351,2025-09-12,2025,134,Pittsburgh Pirates,120,Washington Nationals,5,6,1
776352,2025-09-12,2025,139,Tampa Bay Rays,112,Chicago Cubs,4,6,1
776353,2025-09-12,2025,110,Baltimore Orioles,141,Toronto Blue Jays,1,6,1
776354,2025-09-12,2025,118,Kansas City Royals,143,Philadelphia Phillies,2,8,1
776355,2025-09-12,2025,109,Arizona Diamondbacks,142,Minnesota Twins,8,9,1
776356,2025-09-12,2025,138,St. Louis Cardinals,158,Milwaukee Brewers,2,8,1
776357,2025-09-12,2025,115,Colorado Rockies,135,San Diego Padres,4,2,0
776358,2025-09-12,2025,113,Cincinnati Reds,133,Athletics,0,3,1
776359,2025-09-12,2025,140,Texas Rangers,121,New York Mets,8,3,0
776360,2025-09-12,2025,117,Houston Astros,144,Atlanta Braves,11,3,0
776361,2025-09-12,2025,145,Chicago White Sox,114,Cleveland Guardians,0,4,1
776363,2025-09-12,2025,147,New York Yankees,111,Boston Red Sox,4,1,0
776366,2025-09-12,2025,116,Detroit Tigers,146,Miami Marlins,2,8,1
776328,2025-09-13,2025,119,Los Angeles Dodgers,137,San Francisco Giants,13,7,0
776333,2025-09-13,2025,108,Los Angeles Angels,136,Seattle Mariners,3,5,1
776336,2025-09-13,2025,134,Pittsburgh Pirates,120,Washington Nationals,5,1,0
776337,2025-09-13,2025,109,Arizona Diamondbacks,142,Minnesota Twins,5,2,0
776338,2025-09-13,2025,139,Tampa Bay Rays,112,Chicago Cubs,5,4,0
776339,2025-09-13,2025,138,St. Louis Cardinals,158,Milwaukee Brewers,8,9,1
776340,2025-09-13,2025,113,Cincinnati Reds,133,Athletics,5,11,1
776341,2025-09-13,2025,115,Colorado Rockies,135,San Diego Padres,3,11,1
776342,2025-09-13,2025,118,Kansas City Royals,143,Philadelphia Phillies,6,8,1
776343,2025-09-13,2025,110,Baltimore Orioles,141,Toronto Blue Jays,4,5,1
776344,2025-09-13,2025,147,New York Yankees,111,Boston Red Sox,5,3,0
776346,2025-09-13,2025,117,Houston Astros,144,Atlanta Braves,6,2,0
776347,2025-09-13,2025,116,Detroit Tigers,146,Miami Marlins,4,6,1
776348,2025-09-13,2025,145,Chicago White Sox,114,Cleveland Guardians,1,3,1
776349,2025-09-13,2025,140,Texas Rangers,121,New York Mets,3,2,0
776317,2025-09-14,2025,108,Los Angeles Angels,136,Seattle Mariners,2,11,1
776320,2025-09-14,2025,134,Pittsburgh Pirates,120,Washington Nationals,3,4,1
776321,2025-09-14,2025,139,Tampa Bay Rays,112,Chicago Cubs,3,4,1
776322,2025-09-14,2025,110,Baltimore Orioles,141,Toronto Blue Jays,2,11,1
776323,2025-09-14,2025,115,Colorado Rockies,135,San Diego Padres,6,9,1
776324,2025-09-14,2025,109,Arizona Diamondbacks,142,Minnesota Twins,6,4,0
776325,2025-09-14,2025,119,Los Angeles Dodgers,137,San Francisco Giants,10,2,0
776326,2025-09-14,2025,138,St. Louis Cardinals,158,Milwaukee Brewers,3,2,0
776327,2025-09-14,2025,113,Cincinnati Reds,133,Athletics,4,7,1
776329,2025-09-14,2025,117,Houston Astros,144,Atlanta Braves,3,8,1
776330,2025-09-14,2025,147,New York Yankees,111,Boston Red Sox,4,6,1
776331,2025-09-14,2025,145,Chicago White Sox,114,Cleveland Guardians,2,3,1
776332,2025-09-14,2025,116,Detroit Tigers,146,Miami Marlins,2,0,0
776334,2025-09-14,2025,118,Kansas City Royals,143,Philadelphia Phillies,10,3,0
776335,2025-09-14,2025,140,Texas Rangers,121,New York Mets,2,5,1
776309,2025-09-15,2025,137,San Francisco Giants,109,Arizona Diamondbacks,1,8,1
776311,2025-09-15,2025,143,Philadelphia Phillies,119,Los Angeles Dodgers,6,5,0
776312,2025-09-15,2025,113,Cincinnati Reds,138,St. Louis Cardinals,11,6,0
776313,2025-09-15,2025,147,New York Yankees,142,Minnesota Twins,0,7,1
776314,2025-09-15,2025,110,Baltimore Orioles,145,Chicago White Sox,4,1,0
776315,2025-09-15,2025,144,Atlanta Braves,120,Washington Nationals,11,3,0
776316,2025-09-15,2025,141,Toronto Blue Jays,139,Tampa Bay Rays,2,1,0
776318,2025-09-15,2025,112,Chicago Cubs,134,Pittsburgh Pirates,4,0,0
776319,2025-09-15,2025,140,Texas Rangers,117,Houston Astros,3,6,1
776293,2025-09-16,2025,146,Miami Marlins,115,Colorado Rockies,6,5,0
776294,2025-09-16,2025,137,San Francisco Giants,109,Arizona Diamondbacks,5,6,1
776295,2025-09-16,2025,108,Los Angeles Angels,158,Milwaukee Brewers,2,9,1
776297,2025-09-16,2025,143,Philadelphia Phillies,119,Los Angeles Dodgers,9,6,0
776298,2025-09-16,2025,147,New York Yankees,142,Minnesota Twins,10,9,0
776300,2025-09-16,2025,113,Cincinnati Reds,138,St. Louis Cardinals,0,3,1
776301,2025-09-16,2025,140,Texas Rangers,117,Houston Astros,5,6,1
776302,2025-09-16,2025,136,Seattle Mariners,118,Kansas City Royals,12,5,0
776303,2025-09-16,2025,114,Cleveland Guardians,116,Detroit Tigers,7,5,0
776304,2025-09-16,2025,135,San Diego Padres,121,New York Mets,3,8,1
776305,2025-09-16,2025,141,Toronto Blue Jays,139,Tampa Bay Rays,6,5,0
776306,2025-09-16,2025,110,Baltimore Orioles,145,Chicago White Sox,8,7,0
776307,2025-09-16,2025,144,Atlanta Braves,120,Washington Nationals,5,0,0
776308,2025-09-16,2025,112,Chicago Cubs,134,Pittsburgh Pirates,4,1,0
776310,2025-09-16,2025,133,Athletics,111,Boston Red Sox,2,1,0
777825,2025-09-16,2025,144,Atlanta Braves,120,Washington Nationals,6,3,0
776277,2025-09-17,2025,146,Miami Marlins,115,Colorado Rockies,8,4,0
776279,2025-09-17,2025,137,San Francisco Giants,109,Arizona Diamondbacks,5,1,0
776280,2025-09-17,2025,143,Philadelphia Phillies,119,Los Angeles Dodgers,0,5,1
776283,2025-09-17,2025,113,Cincinnati Reds,138,St. Louis Cardinals,6,2,0
776284,2025-09-17,2025,147,New York Yankees,142,Minnesota Twins,10,5,0
776285,2025-09-17,2025,110,Baltimore Orioles,145,Chicago White Sox,3,1,0
776286,2025-09-17,2025,144,Atlanta Braves,120,Washington Nationals,9,4,0
776287,2025-09-17,2025,112,Chicago Cubs,134,Pittsburgh Pirates,8,4,0
776288,2025-09-17,2025,135,San Diego Padres,121,New York Mets,7,4,0
776289,2025-09-17,2025,136,Seattle Mariners,118,Kansas City Royals,5,7,1
776290,2025-09-17,2025,141,Toronto Blue Jays,139,Tampa Bay Rays,1,2,1
776291,2025-09-17,2025,108,Los Angeles Angels,158,Milwaukee Brewers,2,9,1
776292,2025-09-17,2025,140,Texas Rangers,117,Houston Astros,2,5,1
776296,2025-09-17,2025,114,Cleveland Guardians,116,Detroit Tigers,4,0,0
776299,2025-09-17,2025,133,Athletics,111,Boston Red Sox,4,5,1
776269,2025-09-18,2025,141,Toronto Blue Jays,139,Tampa Bay Rays,0,4,1
776270,2025-09-18,2025,146,Miami Marlins,115,Colorado Rockies,9,7,0
776271,2025-09-18,2025,137,San Francisco Giants,119,Los Angeles Dodgers,1,2,1
776272,2025-09-18,2025,136,Seattle Mariners,118,Kansas City Royals,2,0,0
776274,2025-09-18,2025,108,Los Angeles Angels,158,Milwaukee Brewers,2,5,1
776275,2025-09-18,2025,114,Cleveland Guardians,116,Detroit Tigers,3,1,0
776276,2025-09-18,2025,135,San Diego Padres,121,New York Mets,1,6,1
776278,2025-09-18,2025,147,New York Yankees,110,Baltimore Orioles,7,0,0
776281,2025-09-18,2025,133,Athletics,111,Boston Red Sox,5,3,0
776282,2025-09-18,2025,112,Chicago Cubs,113,Cincinnati Reds,0,1,1
776251,2025-09-19,2025,146,Miami Marlins,140,Texas Rangers,6,4,0
776253,2025-09-19,2025,108,Los Angeles Angels,115,Colorado Rockies,6,7,1
776255,2025-09-19,2025,143,Philadelphia Phillies,109,Arizona Diamondbacks,8,2,0
776256,2025-09-19,2025,137,San Francisco Giants,119,Los Angeles Dodgers,3,6,1
776259,2025-09-19,2025,120,Washington Nationals,121,New York Mets,6,12,1
776260,2025-09-19,2025,141,Toronto Blue Jays,118,Kansas City Royals,1,20,1
776261,2025-09-19,2025,111,Boston Red Sox,139,Tampa Bay Rays,11,7,0
776262,2025-09-19,2025,136,Seattle Mariners,117,Houston Astros,4,0,0
776263,2025-09-19,2025,114,Cleveland Guardians,142,Minnesota Twins,6,2,0
776264,2025-09-19,2025,135,San Diego Padres,145,Chicago White Sox,3,4,1
776265,2025-09-19,2025,158,Milwaukee Brewers,138,St. Louis Cardinals,1,7,1
776266,2025-09-19,2025,133,Athletics,134,Pittsburgh Pirates,4,3,0
776267,2025-09-19,2025,112,Chicago Cubs,113,Cincinnati Reds,4,7,1
776268,2025-09-19,2025,144,Atlanta Braves,116,Detroit Tigers,10,1,0
776273,2025-09-19,2025,147,New York Yankees,110,Baltimore Orioles,2,4,1
776233,2025-09-20,2025,137,San Francisco Giants,119,Los Angeles Dodgers,5,7,1
776241,2025-09-20,2025,108,Los Angeles Angels,115,Colorado Rockies,3,0,0
776242,2025-09-20,2025,146,Miami Marlins,140,Texas Rangers,4,3,0
776243,2025-09-20,2025,114,Cleveland Guardians,142,Minnesota Twins,8,0,0
776244,2025-09-20,2025,158,Milwaukee Brewers,138,St. Louis Cardinals,3,2,0
776245,2025-09-20,2025,141,Toronto Blue Jays,118,Kansas City Royals,1,2,1
776246,2025-09-20,2025,143,Philadelphia Phillies,109,Arizona Diamondbacks,3,4,1
776247,2025-09-20,2025,111,Boston Red Sox,139,Tampa Bay Rays,6,3,0
776248,2025-09-20,2025,136,Seattle Mariners,117,Houston Astros,6,4,0
776249,2025-09-20,2025,133,Athletics,134,Pittsburgh Pirates,0,2,1
776250,2025-09-20,2025,135,San Diego Padres,145,Chicago White Sox,7,3,0
776252,2025-09-20,2025,120,Washington Nationals,121,New York Mets,5,3,0
776254,2025-09-20,2025,112,Chicago Cubs,113,Cincinnati Reds,3,6,1
776257,2025-09-20,2025,147,New York Yankees,110,Baltimore Orioles,6,1,0
776258,2025-09-20,2025,144,Atlanta Braves,116,Detroit Tigers,6,5,0
777839,2025-09-20,2025,114,Cleveland Guardians,142,Minnesota Twins,6,0,0
776225,2025-09-21,2025,114,Cleveland Guardians,142,Minnesota Twins,2,6,1
776226,2025-09-21,2025,146,Miami Marlins,140,Texas Rangers,4,2,0
776227,2025-09-21,2025,137,San Francisco Giants,119,Los Angeles Dodgers,3,1,0
776228,2025-09-21,2025,136,Seattle Mariners,117,Houston Astros,7,3,0
776229,2025-09-21,2025,141,Toronto Blue Jays,118,Kansas City Royals,8,5,0
776230,2025-09-21,2025,143,Philadelphia Phillies,109,Arizona Diamondbacks,2,9,1
776231,2025-09-21,2025,158,Milwaukee Brewers,138,St. Louis Cardinals,1,5,1
776232,2025-09-21,2025,108,Los Angeles Angels,115,Colorado Rockies,1,3,1
776234,2025-09-21,2025,133,Athletics,134,Pittsburgh Pirates,0,11,1
776235,2025-09-21,2025,135,San Diego Padres,145,Chicago White Sox,3,2,0
776236,2025-09-21,2025,111,Boston Red Sox,139,Tampa Bay Rays,3,7,1
776237,2025-09-21,2025,120,Washington Nationals,121,New York Mets,3,2,0
776238,2025-09-21,2025,144,Atlanta Braves,116,Detroit Tigers,6,2,0
776239,2025-09-21,2025,112,Chicago Cubs,113,Cincinnati Reds,0,1,1
776240,2025-09-21,2025,147,New York Yankees,110,Baltimore Orioles,7,1,0
776220,2025-09-22,2025,138,St. Louis Cardinals,137,San Francisco Giants,6,5,0
776221,2025-09-22,2025,120,Washington Nationals,144,Atlanta Braves,5,11,1
776222,2025-09-22,2025,158,Milwaukee Brewers,135,San Diego Padres,4,5,1
776207,2025-09-23,2025,118,Kansas City Royals,108,Los Angeles Angels,8,4,0
776208,2025-09-23,2025,117,Houston Astros,133,Athletics,1,5,1
776209,2025-09-23,2025,121,New York Mets,112,Chicago Cubs,9,7,0
776210,2025-09-23,2025,142,Minnesota Twins,140,Texas Rangers,4,1,0
776211,2025-09-23,2025,138,St. Louis Cardinals,137,San Francisco Giants,9,8,0
776212,2025-09-23,2025,115,Colorado Rockies,136,Seattle Mariners,3,4,1
776213,2025-09-23,2025,119,Los Angeles Dodgers,109,Arizona Diamondbacks,4,5,1
776214,2025-09-23,2025,158,Milwaukee Brewers,135,San Diego Padres,0,7,1
776215,2025-09-23,2025,146,Miami Marlins,143,Philadelphia Phillies,6,5,0
776216,2025-09-23,2025,145,Chicago White Sox,147,New York Yankees,2,3,1
776217,2025-09-23,2025,111,Boston Red Sox,141,Toronto Blue Jays,4,1,0
776218,2025-09-23,2025,116,Detroit Tigers,114,Cleveland Guardians,2,5,1
776219,2025-09-23,2025,120,Washington Nationals,144,Atlanta Braves,2,3,1
776223,2025-09-23,2025,139,Tampa Bay Rays,110,Baltimore Orioles,0,6,1
776224,2025-09-23,2025,134,Pittsburgh Pirates,113,Cincinnati Reds,4,2,0
776192,2025-09-24,2025,142,Minnesota Twins,140,Texas Rangers,2,4,1
776193,2025-09-24,2025,119,Los Angeles Dodgers,109,Arizona Diamondbacks,5,4,0
776194,2025-09-24,2025,115,Colorado Rockies,136,Seattle Mariners,2,9,1
776195,2025-09-24,2025,117,Houston Astros,133,Athletics,0,6,1
776196,2025-09-24,2025,138,St. Louis Cardinals,137,San Francisco Giants,3,4,1
776197,2025-09-24,2025,118,Kansas City Royals,108,Los Angeles Angels,2,3,1
776198,2025-09-24,2025,158,Milwaukee Brewers,135,San Diego Padres,3,1,0
776199,2025-09-24,2025,145,Chicago White Sox,147,New York Yankees,1,8,1
776200,2025-09-24,2025,120,Washington Nationals,144,Atlanta Braves,4,3,0
776201,2025-09-24,2025,146,Miami Marlins,143,Philadelphia Phillies,1,11,1
776202,2025-09-24,2025,134,Pittsburgh Pirates,113,Cincinnati Reds,4,3,0
776203,2025-09-24,2025,139,Tampa Bay Rays,110,Baltimore Orioles,6,2,0
776204,2025-09-24,2025,116,Detroit Tigers,114,Cleveland Guardians,1,5,1
776205,2025-09-24,2025,121,New York Mets,112,Chicago Cubs,3,10,1
776206,2025-09-24,2025,111,Boston Red Sox,141,Toronto Blue Jays,7,1,0
776178,2025-09-25,2025,118,Kansas City Royals,108,Los Angeles Angels,9,4,0
776179,2025-09-25,2025,115,Colorado Rockies,136,Seattle Mariners,2,6,1
776182,2025-09-25,2025,117,Houston Astros,133,Athletics,11,5,0
776183,2025-09-25,2025,142,Minnesota Twins,140,Texas Rangers,4,0,0
776184,2025-09-25,2025,145,Chicago White Sox,147,New York Yankees,3,5,1
776185,2025-09-25,2025,119,Los Angeles Dodgers,109,Arizona Diamondbacks,8,0,0
776186,2025-09-25,2025,111,Boston Red Sox,141,Toronto Blue Jays,1,6,1
776187,2025-09-25,2025,121,New York Mets,112,Chicago Cubs,8,5,0
776188,2025-09-25,2025,146,Miami Marlins,143,Philadelphia Phillies,0,1,1
776189,2025-09-25,2025,116,Detroit Tigers,114,Cleveland Guardians,4,2,0
776190,2025-09-25,2025,134,Pittsburgh Pirates,113,Cincinnati Reds,1,2,1
776191,2025-09-25,2025,139,Tampa Bay Rays,110,Baltimore Orioles,5,6,1
776165,2025-09-26,2025,145,Chicago White Sox,120,Washington Nationals,10,9,0
776166,2025-09-26,2025,115,Colorado Rockies,137,San Francisco Giants,3,6,1
776167,2025-09-26,2025,138,St. Louis Cardinals,112,Chicago Cubs,1,12,1
776168,2025-09-26,2025,119,Los Angeles Dodgers,136,Seattle Mariners,3,2,0
776169,2025-09-26,2025,117,Houston Astros,108,Los Angeles Angels,3,4,1
776170,2025-09-26,2025,109,Arizona Diamondbacks,135,San Diego Padres,4,7,1
776171,2025-09-26,2025,113,Cincinnati Reds,158,Milwaukee Brewers,3,1,0
776172,2025-09-26,2025,118,Kansas City Royals,133,Athletics,3,4,1
776173,2025-09-26,2025,121,New York Mets,146,Miami Marlins,2,6,1
776174,2025-09-26,2025,110,Baltimore Orioles,147,New York Yankees,4,8,1
776175,2025-09-26,2025,140,Texas Rangers,114,Cleveland Guardians,7,3,0
776176,2025-09-26,2025,142,Minnesota Twins,143,Philadelphia Phillies,1,3,1
776177,2025-09-26,2025,139,Tampa Bay Rays,141,Toronto Blue Jays,2,4,1
776180,2025-09-26,2025,134,Pittsburgh Pirates,144,Atlanta Braves,9,3,0
776181,2025-09-26,2025,116,Detroit Tigers,111,Boston Red Sox,3,4,1
776146,2025-09-27,2025,115,Colorado Rockies,137,San Francisco Giants,3,4,1
776150,2025-09-27,2025,119,Los Angeles Dodgers,136,Seattle Mariners,5,3,0
776152,2025-09-27,2025,109,Arizona Diamondbacks,135,San Diego Padres,1,5,1
776153,2025-09-27,2025,113,Cincinnati Reds,158,Milwaukee Brewers,7,4,0
776154,2025-09-27,2025,118,Kansas City Royals,133,Athletics,4,2,0
776155,2025-09-27,2025,117,Houston Astros,108,Los Angeles Angels,6,1,0
776156,2025-09-27,2025,134,Pittsburgh Pirates,144,Atlanta Braves,3,1,0
776157,2025-09-27,2025,116,Detroit Tigers,111,Boston Red Sox,2,1,0
776158,2025-09-27,2025,140,Texas Rangers,114,Cleveland Guardians,2,3,1
776159,2025-09-27,2025,139,Tampa Bay Rays,141,Toronto Blue Jays,1,5,1
776160,2025-09-27,2025,145,Chicago White Sox,120,Washington Nationals,5,6,1
776161,2025-09-27,2025,121,New York Mets,146,Miami Marlins,5,0,0
776162,2025-09-27,2025,110,Baltimore Orioles,147,New York Yankees,1,6,1
776163,2025-09-27,2025,142,Minnesota Twins,143,Philadelphia Phillies,5,0,0
776164,2025-09-27,2025,138,St. Louis Cardinals,112,Chicago Cubs,3,7,1
776135,2025-09-28,2025,117,Houston Astros,108,Los Angeles Angels,6,2,0
776136,2025-09-28,2025,109,Arizona Diamondbacks,135,San Diego Padres,4,12,1
776137,2025-09-28,2025,115,Colorado Rockies,137,San Francisco Giants,0,4,1
776138,2025-09-28,2025,118,Kansas City Royals,133,Athletics,9,2,0
776139,2025-09-28,2025,119,Los Angeles Dodgers,136,Seattle Mariners,6,1,0
776140,2025-09-28,2025,110,Baltimore Orioles,147,New York Yankees,2,3,1
776141,2025-09-28,2025,142,Minnesota Twins,143,Philadelphia Phillies,1,2,1
776142,2025-09-28,2025,138,St. Louis Cardinals,112,Chicago Cubs,0,2,1
776143,2025-09-28,2025,145,Chicago White Sox,120,Washington Nationals,8,0,0
776144,2025-09-28,2025,113,Cincinnati Reds,158,Milwaukee Brewers,2,4,1
776145,2025-09-28,2025,139,Tampa Bay Rays,141,Toronto Blue Jays,4,13,1
776147,2025-09-28,2025,140,Texas Rangers,114,Cleveland Guardians,8,9,1
776148,2025-09-28,2025,121,New York Mets,146,Miami Marlins,0,4,1
776149,2025-09-28,2025,134,Pittsburgh Pirates,144,Atlanta Braves,1,4,1
776151,2025-09-28,2025,116,Detroit Tigers,111,Boston Red Sox,3,4,1
